owner,table_name,full_name
ALERTING,AGS_DTL_DSS_STATUS,ALERTING.AGS_DTL_DSS_STATUS
ALERTING,AGS_DTL_EVENT_REPOSITORY,ALERTING.AGS_DTL_EVENT_REPOSITORY
ALERTING,AGS_HS_EVENT_REPOSITORY,ALERTING.AGS_HS_EVENT_REPOSITORY
ALERTING,AGS_PL_LOGS,ALERTING.AGS_PL_LOGS
ALERTING,AGS_PL_LOGS_BKP,ALERTING.AGS_PL_LOGS_BKP
ALERTING,AGS_UDR_AUDIT,ALERTING.AGS_UDR_AUDIT
ALERTING,AGS_UDR_BATCH_MASTER,ALERTING.AGS_UDR_BATCH_MASTER
ALERTING,AGS_UDR_EXCEPTION_DETAIL,ALERTING.AGS_UDR_EXCEPTION_DETAIL
ALERTING,AGS_UDR_REPOSITORY,ALERTING.AGS_UDR_REPOSITORY
ALERTING,ALERTING_STATS_TABLE,ALERTING.ALERTING_STATS_TABLE
ALERTING,DPR_THRESHOLD,ALERTING.DPR_THRESHOLD
ALERTING,GCE_REPOSITORY,ALERTING.GCE_REPOSITORY
ALERTING,GCE_UNPROCESSED_REPO,ALERTING.GCE_UNPROCESSED_REPO
ALERTING,GTT_AGS_UDR_STAGING,ALERTING.GTT_AGS_UDR_STAGING
ALERTING,GTT_BM_REPROCESSING,ALERTING.GTT_BM_REPROCESSING
ALERTING,GTT_GCE_STAGING,ALERTING.GTT_GCE_STAGING
ALERTING,GTT_UDR_CYCLE_RESET_STAGING,ALERTING.GTT_UDR_CYCLE_RESET_STAGING
ALERTING,GTT_UDR_STAGING,ALERTING.GTT_UDR_STAGING
ALERTING,JITR_ALERT_REPOSITORY,ALERTING.JITR_ALERT_REPOSITORY
ALERTING,JITR_DROPPED_ALERTS,ALERTING.JITR_DROPPED_ALERTS
ALERTING,JITR_ILD_MDN_USG_ALERT,ALERTING.JITR_ILD_MDN_USG_ALERT
ALERTING,JITR_MSG_PROCESSED_ALERTS,ALERTING.JITR_MSG_PROCESSED_ALERTS
ALERTING,JITR_MSG_RBM_INBOUND_ALERTS,ALERTING.JITR_MSG_RBM_INBOUND_ALERTS
ALERTING,JITR_MSG_SENT_OM_ALERTS,ALERTING.JITR_MSG_SENT_OM_ALERTS
ALERTING,JITR_NOTIFICATIONS,ALERTING.JITR_NOTIFICATIONS
ALERTING,JITR_NOTIFICATION_ERRORS,ALERTING.JITR_NOTIFICATION_ERRORS
ALERTING,JITR_PROCESSED_ALERTS,ALERTING.JITR_PROCESSED_ALERTS
ALERTING,JITR_RBM_INBOUND_ALERTS,ALERTING.JITR_RBM_INBOUND_ALERTS
ALERTING,MTAS_RTR_UC_SEED_INFO,ALERTING.MTAS_RTR_UC_SEED_INFO
ALERTING,MTAS_RTR_UC_SEED_REJECT,ALERTING.MTAS_RTR_UC_SEED_REJECT
ALERTING,MTAS_SEED_ERROR_REQUEST,ALERTING.MTAS_SEED_ERROR_REQUEST
ALERTING,MTAS_SEED_ERROR_REQUEST_BKP,ALERTING.MTAS_SEED_ERROR_REQUEST_BKP
ALERTING,MTAS_SEED_ERROR_REQUEST_OLD,ALERTING.MTAS_SEED_ERROR_REQUEST_OLD
ALERTING,OCS_ALERT_DISPOSITION,ALERTING.OCS_ALERT_DISPOSITION
ALERTING,OCS_ALERT_REPOSITORY,ALERTING.OCS_ALERT_REPOSITORY
ALERTING,PL_LOGS,ALERTING.PL_LOGS
ALERTING,POUND_DATA_DMP,ALERTING.POUND_DATA_DMP
ALERTING,POUND_DATA_DMP_FACT,ALERTING.POUND_DATA_DMP_FACT
ALERTING,POUND_DATA_REQ_PARALLEL,ALERTING.POUND_DATA_REQ_PARALLEL
ALERTING,RECHARGE_EVENT_AUDIT,ALERTING.RECHARGE_EVENT_AUDIT
ALERTING,RTR_ALERT_REPOSITORY,ALERTING.RTR_ALERT_REPOSITORY
ALERTING,RTR_DTL_DSS_STATUS,ALERTING.RTR_DTL_DSS_STATUS
ALERTING,RTR_DTL_EVENT_REPOSITORY,ALERTING.RTR_DTL_EVENT_REPOSITORY
ALERTING,TDR_MDN_TB,ALERTING.TDR_MDN_TB
ALERTING,TEMP_ST_ONLY_MTAS_RTR_REJ,ALERTING.TEMP_ST_ONLY_MTAS_RTR_REJ
ALERTING,TMP_PARTITION,ALERTING.TMP_PARTITION
ALERTING,UDR_AUDIT,ALERTING.UDR_AUDIT
ALERTING,UDR_BATCH_MASTER,ALERTING.UDR_BATCH_MASTER
ALERTING,UDR_CYCLE_RESET_REPOSITORY,ALERTING.UDR_CYCLE_RESET_REPOSITORY
ALERTING,UDR_REPOSITORY,ALERTING.UDR_REPOSITORY
ALERTING,UDR_UNPROCESSED_REPO,ALERTING.UDR_UNPROCESSED_REPO
ALERTING,USG_PND_DATA_FORCE_BILLABLE,ALERTING.USG_PND_DATA_FORCE_BILLABLE
ALERTING,USG_POUND_DATA_STORED_RESPONSE,ALERTING.USG_POUND_DATA_STORED_RESPONSE
ALERTING,USG_POUND_DATA_WHITE_LIST,ALERTING.USG_POUND_DATA_WHITE_LIST
ALERTING,VCE_GCE_ERROR_REPOSITORY,ALERTING.VCE_GCE_ERROR_REPOSITORY
ALERTING,XXX_UDR_BATCH_MASTER,ALERTING.XXX_UDR_BATCH_MASTER
AUD_5G,UMM_AUDIT_DATA_ERROR,AUD_5G.UMM_AUDIT_DATA_ERROR
AUD_5G,UMM_AUDIT_DATA_INBOUND,AUD_5G.UMM_AUDIT_DATA_INBOUND
AUD_5G,UMM_AUDIT_DATA_OUTBOUND,AUD_5G.UMM_AUDIT_DATA_OUTBOUND
AUD_5G,UMM_AUDIT_VOICE_ERROR,AUD_5G.UMM_AUDIT_VOICE_ERROR
AUD_5G,UMM_AUDIT_VOICE_INBOUND,AUD_5G.UMM_AUDIT_VOICE_INBOUND
AUD_5G,UMM_AUDIT_VOICE_OUTBOUND,AUD_5G.UMM_AUDIT_VOICE_OUTBOUND
C0GAR23,TOAD_PLAN_TABLE,C0GAR23.TOAD_PLAN_TABLE
CHADHDH,T,CHADHDH.T
CIBER,CBR_IB_FILEINFO,CIBER.CBR_IB_FILEINFO
CIBER,CBR_INBOUND_ROAMING_TYP22,CIBER.CBR_INBOUND_ROAMING_TYP22
CIBER,CBR_NPANXX,CIBER.CBR_NPANXX
CIBER,CBR_NPANXX_UMM,CIBER.CBR_NPANXX_UMM
CIBER,CBR_SEQUENCE_TRACKER,CIBER.CBR_SEQUENCE_TRACKER
CIBER,GTT_CBR_NPANXX,CIBER.GTT_CBR_NPANXX
CIBER,REF_CBR_COUNTRYCODE,CIBER.REF_CBR_COUNTRYCODE
CIBER,REF_CBR_TIMEZONE,CIBER.REF_CBR_TIMEZONE
CONV_UBSR,ACCTLIST,CONV_UBSR.ACCTLIST
DATAMIR65,TS_AUTH,DATAMIR65.TS_AUTH
DATAMIR65,TS_BOOKMARK,DATAMIR65.TS_BOOKMARK
DATAMIR65,TS_CONFAUD,DATAMIR65.TS_CONFAUD
DATAMIR65,TS_DDLAUD,DATAMIR65.TS_DDLAUD
DB2CDC,BL_CYC_PHASE_AUDIT,DB2CDC.BL_CYC_PHASE_AUDIT
DB2CDC,CMP3$89911,DB2CDC.CMP3$89911
DB2CDC,DBA_DM_VISTOUB_PSEMDNTB,DB2CDC.DBA_DM_VISTOUB_PSEMDNTB
DB2CDC,DBA_DM_VISTOUB_PSEVISTB,DB2CDC.DBA_DM_VISTOUB_PSEVISTB
DB2CDC,DBA_DM_VISTOUB_PSJVSTB,DB2CDC.DBA_DM_VISTOUB_PSJVSTB
DB2CDC,DBA_DM_VISTOUB_PSUVSTB,DB2CDC.DBA_DM_VISTOUB_PSUVSTB
DB2CDC,DBA_ETNI_PRIMARY_SYSK_PSKCHTB,DB2CDC.DBA_ETNI_PRIMARY_SYSK_PSKCHTB
DB2CDC,DBA_ETNI_PRIMARY_SYSK_PSKCITB,DB2CDC.DBA_ETNI_PRIMARY_SYSK_PSKCITB
DB2CDC,DBA_ETNI_PRIMARY_SYSK_PSKSHTB,DB2CDC.DBA_ETNI_PRIMARY_SYSK_PSKSHTB
DB2CDC,DBA_ETNI_PRIMARY_SYSK_PSKSITB,DB2CDC.DBA_ETNI_PRIMARY_SYSK_PSKSITB
DB2CDC,DBA_ETNI_SYSU_PSUCHTB,DB2CDC.DBA_ETNI_SYSU_PSUCHTB
DB2CDC,DBA_ETNI_SYSU_PSUCITB,DB2CDC.DBA_ETNI_SYSU_PSUCITB
DB2CDC,DBA_ETNI_SYSU_PSUSHTB,DB2CDC.DBA_ETNI_SYSU_PSUSHTB
DB2CDC,DBA_ETNI_SYSU_PSUSITB,DB2CDC.DBA_ETNI_SYSU_PSUSITB
DB2CDC,ETNI_CTN_INV,DB2CDC.ETNI_CTN_INV
DB2CDC,ETNI_CTN_INV_HISTORY,DB2CDC.ETNI_CTN_INV_HISTORY
DB2CDC,ETNI_CTN_INV_HISTORY_N,DB2CDC.ETNI_CTN_INV_HISTORY_N
DB2CDC,ETNI_CTN_INV_HISTORY_W,DB2CDC.ETNI_CTN_INV_HISTORY_W
DB2CDC,ETNI_CTN_INV_N,DB2CDC.ETNI_CTN_INV_N
DB2CDC,ETNI_CTN_INV_W,DB2CDC.ETNI_CTN_INV_W
DB2CDC,ETNI_SIM_INV,DB2CDC.ETNI_SIM_INV
DB2CDC,ETNI_SIM_INV_HISTORY,DB2CDC.ETNI_SIM_INV_HISTORY
DB2CDC,ETNI_SIM_INV_HISTORY_N,DB2CDC.ETNI_SIM_INV_HISTORY_N
DB2CDC,ETNI_SIM_INV_HISTORY_W,DB2CDC.ETNI_SIM_INV_HISTORY_W
DB2CDC,ETNI_SIM_INV_N,DB2CDC.ETNI_SIM_INV_N
DB2CDC,ETNI_SIM_INV_W,DB2CDC.ETNI_SIM_INV_W
DB2CDC,ORA_VIS_SPLAN_S,DB2CDC.ORA_VIS_SPLAN_S
DB2CDC,ORA_VIS_SPLAN_T,DB2CDC.ORA_VIS_SPLAN_T
DB2CDC,RATING_TRANS_MAP,DB2CDC.RATING_TRANS_MAP
DB2CDC,REF_VIS2_MIGR_CUT_OVER,DB2CDC.REF_VIS2_MIGR_CUT_OVER
DB2CDC,REF_VIS2_MIGR_METADATA,DB2CDC.REF_VIS2_MIGR_METADATA
DB2CDC,REF_VIS_ADMIN_FEE_REASN_CD,DB2CDC.REF_VIS_ADMIN_FEE_REASN_CD
DB2CDC,REF_VIS_AIR_OFFR_RATE,DB2CDC.REF_VIS_AIR_OFFR_RATE
DB2CDC,REF_VIS_AIR_PRODUCT,DB2CDC.REF_VIS_AIR_PRODUCT
DB2CDC,REF_VIS_AIR_SERVICE,DB2CDC.REF_VIS_AIR_SERVICE
DB2CDC,REF_VIS_ALLOWANCE_APP,DB2CDC.REF_VIS_ALLOWANCE_APP
DB2CDC,REF_VIS_ALLOWANCE_OFFER,DB2CDC.REF_VIS_ALLOWANCE_OFFER
DB2CDC,REF_VIS_ALLOWANCE_SERVICE_MAP,DB2CDC.REF_VIS_ALLOWANCE_SERVICE_MAP
DB2CDC,REF_VIS_ALLOWANCE_TYPE,DB2CDC.REF_VIS_ALLOWANCE_TYPE
DB2CDC,REF_VIS_ALLOW_OFFR_DATA_QUAL,DB2CDC.REF_VIS_ALLOW_OFFR_DATA_QUAL
DB2CDC,REF_VIS_APN_NME,DB2CDC.REF_VIS_APN_NME
DB2CDC,REF_VIS_APN_RT_GRP_DATA_CAT_MA,DB2CDC.REF_VIS_APN_RT_GRP_DATA_CAT_MA
DB2CDC,REF_VIS_AREA_M2M_FEAT_SBID,DB2CDC.REF_VIS_AREA_M2M_FEAT_SBID
DB2CDC,REF_VIS_AR_CNTL,DB2CDC.REF_VIS_AR_CNTL
DB2CDC,REF_VIS_BA_SHR_USG_DISP_CODE,DB2CDC.REF_VIS_BA_SHR_USG_DISP_CODE
DB2CDC,REF_VIS_BELL_ATLANTIC_CO,DB2CDC.REF_VIS_BELL_ATLANTIC_CO
DB2CDC,REF_VIS_BGSA,DB2CDC.REF_VIS_BGSA
DB2CDC,REF_VIS_BGSA_TYP,DB2CDC.REF_VIS_BGSA_TYP
DB2CDC,REF_VIS_BILLING_PROD_HIER,DB2CDC.REF_VIS_BILLING_PROD_HIER
DB2CDC,REF_VIS_BL_ACCT_ADM_FEE_U,DB2CDC.REF_VIS_BL_ACCT_ADM_FEE_U
DB2CDC,REF_VIS_BL_ACCT_BL_TYP,DB2CDC.REF_VIS_BL_ACCT_BL_TYP
DB2CDC,REF_VIS_BL_INSERT,DB2CDC.REF_VIS_BL_INSERT
DB2CDC,REF_VIS_BL_PROC_RULES,DB2CDC.REF_VIS_BL_PROC_RULES
DB2CDC,REF_VIS_BL_TYP,DB2CDC.REF_VIS_BL_TYP
DB2CDC,REF_VIS_BL_TYP_CYCLE,DB2CDC.REF_VIS_BL_TYP_CYCLE
DB2CDC,REF_VIS_BORDER_GSM_CELLSITE_VC,DB2CDC.REF_VIS_BORDER_GSM_CELLSITE_VC
DB2CDC,REF_VIS_BORDER_IMEI_RANGE,DB2CDC.REF_VIS_BORDER_IMEI_RANGE
DB2CDC,REF_VIS_CACS_WO_RSN_CD,DB2CDC.REF_VIS_CACS_WO_RSN_CD
DB2CDC,REF_VIS_CALL_DEL_TLDN_SID,DB2CDC.REF_VIS_CALL_DEL_TLDN_SID
DB2CDC,REF_VIS_CARRIER_ROAM_DATA_RATE,DB2CDC.REF_VIS_CARRIER_ROAM_DATA_RATE
DB2CDC,REF_VIS_CARRIER_SPID_INFO,DB2CDC.REF_VIS_CARRIER_SPID_INFO
DB2CDC,REF_VIS_CARR_AGREE_IP_RULE,DB2CDC.REF_VIS_CARR_AGREE_IP_RULE
DB2CDC,REF_VIS_CARR_COUNTRY_RATE,DB2CDC.REF_VIS_CARR_COUNTRY_RATE
DB2CDC,REF_VIS_CARS_PARMS,DB2CDC.REF_VIS_CARS_PARMS
DB2CDC,REF_VIS_CD_TABLE,DB2CDC.REF_VIS_CD_TABLE
DB2CDC,REF_VIS_CELLULAR_CARRIER,DB2CDC.REF_VIS_CELLULAR_CARRIER
DB2CDC,REF_VIS_CELL_SITE,DB2CDC.REF_VIS_CELL_SITE
DB2CDC,REF_VIS_CELL_SITE_SECTOR,DB2CDC.REF_VIS_CELL_SITE_SECTOR
DB2CDC,REF_VIS_CHARITY_INFO,DB2CDC.REF_VIS_CHARITY_INFO
DB2CDC,REF_VIS_CHARITY_INFO_MATCH,DB2CDC.REF_VIS_CHARITY_INFO_MATCH
DB2CDC,REF_VIS_CHRG_GRP_APN_SPO_XREF,DB2CDC.REF_VIS_CHRG_GRP_APN_SPO_XREF
DB2CDC,REF_VIS_CIBER_NETWORK_CARR,DB2CDC.REF_VIS_CIBER_NETWORK_CARR
DB2CDC,REF_VIS_CLASS_OF_SVC_CODE,DB2CDC.REF_VIS_CLASS_OF_SVC_CODE
DB2CDC,REF_VIS_CMAF_U,DB2CDC.REF_VIS_CMAF_U
DB2CDC,REF_VIS_CMN_BATCH_PARMS,DB2CDC.REF_VIS_CMN_BATCH_PARMS
DB2CDC,REF_VIS_CNTRCT_TERMS,DB2CDC.REF_VIS_CNTRCT_TERMS
DB2CDC,REF_VIS_COMP_PROD_BOOKING_TYPE,DB2CDC.REF_VIS_COMP_PROD_BOOKING_TYPE
DB2CDC,REF_VIS_COUNTRY,DB2CDC.REF_VIS_COUNTRY
DB2CDC,REF_VIS_CR_CLASS_IMPUTE_INT,DB2CDC.REF_VIS_CR_CLASS_IMPUTE_INT
DB2CDC,REF_VIS_CS_SID_SID_LCA,DB2CDC.REF_VIS_CS_SID_SID_LCA
DB2CDC,REF_VIS_CUST_BL_CYCLE,DB2CDC.REF_VIS_CUST_BL_CYCLE
DB2CDC,REF_VIS_CUST_CLASS_SUPRS,DB2CDC.REF_VIS_CUST_CLASS_SUPRS
DB2CDC,REF_VIS_CUST_LN_SF_MDNLESS,DB2CDC.REF_VIS_CUST_LN_SF_MDNLESS
DB2CDC,REF_VIS_CUST_MTN_DVC_ALW_BONUS,DB2CDC.REF_VIS_CUST_MTN_DVC_ALW_BONUS
DB2CDC,REF_VIS_CUST_SPECIAL_RATES,DB2CDC.REF_VIS_CUST_SPECIAL_RATES
DB2CDC,REF_VIS_CUST_TYP,DB2CDC.REF_VIS_CUST_TYP
DB2CDC,REF_VIS_CUST_TYP_MED_SUPRS,DB2CDC.REF_VIS_CUST_TYP_MED_SUPRS
DB2CDC,REF_VIS_CUST_TYP_RT_EXEMPT,DB2CDC.REF_VIS_CUST_TYP_RT_EXEMPT
DB2CDC,REF_VIS_CUST_TYP_TX_EXEMPT,DB2CDC.REF_VIS_CUST_TYP_TX_EXEMPT
DB2CDC,REF_VIS_DACC_FIN_DVC_CAT,DB2CDC.REF_VIS_DACC_FIN_DVC_CAT
DB2CDC,REF_VIS_DACC_PPLAN_EQP_CD,DB2CDC.REF_VIS_DACC_PPLAN_EQP_CD
DB2CDC,REF_VIS_DACC_RA_GRP_MAP,DB2CDC.REF_VIS_DACC_RA_GRP_MAP
DB2CDC,REF_VIS_DACC_XREF,DB2CDC.REF_VIS_DACC_XREF
DB2CDC,REF_VIS_DATA_CATEGORY,DB2CDC.REF_VIS_DATA_CATEGORY
DB2CDC,REF_VIS_DATA_CAT_COMB_RULE,DB2CDC.REF_VIS_DATA_CAT_COMB_RULE
DB2CDC,REF_VIS_DATA_CAT_MEAS_CAT,DB2CDC.REF_VIS_DATA_CAT_MEAS_CAT
DB2CDC,REF_VIS_DATA_EVENT,DB2CDC.REF_VIS_DATA_EVENT
DB2CDC,REF_VIS_DATA_EVNT_PROD_MAP,DB2CDC.REF_VIS_DATA_EVNT_PROD_MAP
DB2CDC,REF_VIS_DATA_FORMAT_MAP,DB2CDC.REF_VIS_DATA_FORMAT_MAP
DB2CDC,REF_VIS_DATA_RT_CNTRY_FTPRNT,DB2CDC.REF_VIS_DATA_RT_CNTRY_FTPRNT
DB2CDC,REF_VIS_DATA_RT_GRP_CNTRY,DB2CDC.REF_VIS_DATA_RT_GRP_CNTRY
DB2CDC,REF_VIS_DATA_RT_GRP_INFO,DB2CDC.REF_VIS_DATA_RT_GRP_INFO
DB2CDC,REF_VIS_DATA_RT_GRP_TIER_RT,DB2CDC.REF_VIS_DATA_RT_GRP_TIER_RT
DB2CDC,REF_VIS_DATA_RT_TIER_UNIT,DB2CDC.REF_VIS_DATA_RT_TIER_UNIT
DB2CDC,REF_VIS_DATA_TAX_CLASS,DB2CDC.REF_VIS_DATA_TAX_CLASS
DB2CDC,REF_VIS_DATA_TAX_CLASS_MAP,DB2CDC.REF_VIS_DATA_TAX_CLASS_MAP
DB2CDC,REF_VIS_DATA_TYP,DB2CDC.REF_VIS_DATA_TYP
DB2CDC,REF_VIS_DEFLT_ENB_HM_SVC_AREA,DB2CDC.REF_VIS_DEFLT_ENB_HM_SVC_AREA
DB2CDC,REF_VIS_DEFLT_HM_SVC_AREA,DB2CDC.REF_VIS_DEFLT_HM_SVC_AREA
DB2CDC,REF_VIS_DEFLT_REVENUE_SEG_MAP,DB2CDC.REF_VIS_DEFLT_REVENUE_SEG_MAP
DB2CDC,REF_VIS_DEPARTMENT,DB2CDC.REF_VIS_DEPARTMENT
DB2CDC,REF_VIS_DEVICE_ID_TYPE,DB2CDC.REF_VIS_DEVICE_ID_TYPE
DB2CDC,REF_VIS_DEVICE_TYP_PROC_INFO,DB2CDC.REF_VIS_DEVICE_TYP_PROC_INFO
DB2CDC,REF_VIS_DIALED_DIGIT_DSC,DB2CDC.REF_VIS_DIALED_DIGIT_DSC
DB2CDC,REF_VIS_DISCNT_OFFR,DB2CDC.REF_VIS_DISCNT_OFFR
DB2CDC,REF_VIS_DVICE_TYP_PRC_INFO,DB2CDC.REF_VIS_DVICE_TYP_PRC_INFO
DB2CDC,REF_VIS_ECP,DB2CDC.REF_VIS_ECP
DB2CDC,REF_VIS_ECPD_CLEAR_CALL_MDN,DB2CDC.REF_VIS_ECPD_CLEAR_CALL_MDN
DB2CDC,REF_VIS_ECPD_EPOD_STATUS,DB2CDC.REF_VIS_ECPD_EPOD_STATUS
DB2CDC,REF_VIS_ECPD_PROFILE,DB2CDC.REF_VIS_ECPD_PROFILE
DB2CDC,REF_VIS_ECPD_PROF_REVENUE_SEG,DB2CDC.REF_VIS_ECPD_PROF_REVENUE_SEG
DB2CDC,REF_VIS_ECPD_RATE_EXEMPT,DB2CDC.REF_VIS_ECPD_RATE_EXEMPT
DB2CDC,REF_VIS_ECPD_RT_PKG_EXEMPT,DB2CDC.REF_VIS_ECPD_RT_PKG_EXEMPT
DB2CDC,REF_VIS_ECP_STEERING_DIGIT,DB2CDC.REF_VIS_ECP_STEERING_DIGIT
DB2CDC,REF_VIS_ECP_XREF,DB2CDC.REF_VIS_ECP_XREF
DB2CDC,REF_VIS_EDR_DESC,DB2CDC.REF_VIS_EDR_DESC
DB2CDC,REF_VIS_EFT_NSF_RSN_CD,DB2CDC.REF_VIS_EFT_NSF_RSN_CD
DB2CDC,REF_VIS_ENB_LOCATION,DB2CDC.REF_VIS_ENB_LOCATION
DB2CDC,REF_VIS_ENB_LOC_ASSN,DB2CDC.REF_VIS_ENB_LOC_ASSN
DB2CDC,REF_VIS_ENB_LOC_LESSEE_ASSN,DB2CDC.REF_VIS_ENB_LOC_LESSEE_ASSN
DB2CDC,REF_VIS_ENHANCED_SRV_PCKGE,DB2CDC.REF_VIS_ENHANCED_SRV_PCKGE
DB2CDC,REF_VIS_EPOD_CLIN,DB2CDC.REF_VIS_EPOD_CLIN
DB2CDC,REF_VIS_EXCEPTN_CD,DB2CDC.REF_VIS_EXCEPTN_CD
DB2CDC,REF_VIS_EXEMPT_TMPL_TX_TYP,DB2CDC.REF_VIS_EXEMPT_TMPL_TX_TYP
DB2CDC,REF_VIS_FCC_CGSA,DB2CDC.REF_VIS_FCC_CGSA
DB2CDC,REF_VIS_FCC_CGSA_SBID_MAP,DB2CDC.REF_VIS_FCC_CGSA_SBID_MAP
DB2CDC,REF_VIS_FEATURE,DB2CDC.REF_VIS_FEATURE
DB2CDC,REF_VIS_FEATURE_REQUIRED,DB2CDC.REF_VIS_FEATURE_REQUIRED
DB2CDC,REF_VIS_FINANCIAL_EVENT,DB2CDC.REF_VIS_FINANCIAL_EVENT
DB2CDC,REF_VIS_FIN_CAT,DB2CDC.REF_VIS_FIN_CAT
DB2CDC,REF_VIS_FIN_CAT_USE,DB2CDC.REF_VIS_FIN_CAT_USE
DB2CDC,REF_VIS_FIN_EVNT_CAT_MAP,DB2CDC.REF_VIS_FIN_EVNT_CAT_MAP
DB2CDC,REF_VIS_FIN_MARKET,DB2CDC.REF_VIS_FIN_MARKET
DB2CDC,REF_VIS_FIN_MARKET_BKP,DB2CDC.REF_VIS_FIN_MARKET_BKP
DB2CDC,REF_VIS_FIN_MARKET_MAP,DB2CDC.REF_VIS_FIN_MARKET_MAP
DB2CDC,REF_VIS_FIN_RPT_PER,DB2CDC.REF_VIS_FIN_RPT_PER
DB2CDC,REF_VIS_FOOTPRNT_COUNTRY,DB2CDC.REF_VIS_FOOTPRNT_COUNTRY
DB2CDC,REF_VIS_FREE_CALL,DB2CDC.REF_VIS_FREE_CALL
DB2CDC,REF_VIS_GEO_CD_ADDR_FIN_MKT,DB2CDC.REF_VIS_GEO_CD_ADDR_FIN_MKT
DB2CDC,REF_VIS_GL_MARKET,DB2CDC.REF_VIS_GL_MARKET
DB2CDC,REF_VIS_GL_MKT_COMPANY,DB2CDC.REF_VIS_GL_MKT_COMPANY
DB2CDC,REF_VIS_GL_MKT_LEGAL_ENT,DB2CDC.REF_VIS_GL_MKT_LEGAL_ENT
DB2CDC,REF_VIS_GNB_LOC_ASSN,DB2CDC.REF_VIS_GNB_LOC_ASSN
DB2CDC,REF_VIS_GROUP_ID,DB2CDC.REF_VIS_GROUP_ID
DB2CDC,REF_VIS_GSM_ROAM_PART_TADIG,DB2CDC.REF_VIS_GSM_ROAM_PART_TADIG
DB2CDC,REF_VIS_IMRN_INFO,DB2CDC.REF_VIS_IMRN_INFO
DB2CDC,REF_VIS_INSTALL_GEO_CD_GL_MARKET,DB2CDC.REF_VIS_INSTALL_GEO_CD_GL_MARKET
DB2CDC,REF_VIS_INSTALL_LOC_GL_MARKET,DB2CDC.REF_VIS_INSTALL_LOC_GL_MARKET
DB2CDC,REF_VIS_INSTALL_POST_TYP,DB2CDC.REF_VIS_INSTALL_POST_TYP
DB2CDC,REF_VIS_INSTRUMENT_BRAND,DB2CDC.REF_VIS_INSTRUMENT_BRAND
DB2CDC,REF_VIS_INS_SEL_CRITERIA,DB2CDC.REF_VIS_INS_SEL_CRITERIA
DB2CDC,REF_VIS_INTER_XCHG_CARRIER,DB2CDC.REF_VIS_INTER_XCHG_CARRIER
DB2CDC,REF_VIS_INTL_DIALING_CODE,DB2CDC.REF_VIS_INTL_DIALING_CODE
DB2CDC,REF_VIS_INTL_RTSTP_COUNTRY,DB2CDC.REF_VIS_INTL_RTSTP_COUNTRY
DB2CDC,REF_VIS_ITPM_COUNTRY,DB2CDC.REF_VIS_ITPM_COUNTRY
DB2CDC,REF_VIS_ITU_CARRIER,DB2CDC.REF_VIS_ITU_CARRIER
DB2CDC,REF_VIS_ITU_CARRIER_XREF,DB2CDC.REF_VIS_ITU_CARRIER_XREF
DB2CDC,REF_VIS_JEMS_BOOKING_RULE,DB2CDC.REF_VIS_JEMS_BOOKING_RULE
DB2CDC,REF_VIS_JEMS_BOOKING_RULE_VAL,DB2CDC.REF_VIS_JEMS_BOOKING_RULE_VAL
DB2CDC,REF_VIS_JITR_UNSUPPORT_OFFR,DB2CDC.REF_VIS_JITR_UNSUPPORT_OFFR
DB2CDC,REF_VIS_LANGUAGE_PREF,DB2CDC.REF_VIS_LANGUAGE_PREF
DB2CDC,REF_VIS_LCA_CHARGES,DB2CDC.REF_VIS_LCA_CHARGES
DB2CDC,REF_VIS_LN_NON_GEO_ALT_SBID,DB2CDC.REF_VIS_LN_NON_GEO_ALT_SBID
DB2CDC,REF_VIS_LN_OF_SVC_CAT_SVC_ATTR,DB2CDC.REF_VIS_LN_OF_SVC_CAT_SVC_ATTR
DB2CDC,REF_VIS_LN_OF_SVC_PAIR_STAT_5G,DB2CDC.REF_VIS_LN_OF_SVC_PAIR_STAT_5G
DB2CDC,REF_VIS_LN_PRIM_ID_MDNLESS,DB2CDC.REF_VIS_LN_PRIM_ID_MDNLESS
DB2CDC,REF_VIS_LN_PRIM_ID_MDNLS_BKP,DB2CDC.REF_VIS_LN_PRIM_ID_MDNLS_BKP
DB2CDC,REF_VIS_LN_PRIM_MULTI_ID,DB2CDC.REF_VIS_LN_PRIM_MULTI_ID
DB2CDC,REF_VIS_LN_PRIM_MULTI_ID_A,DB2CDC.REF_VIS_LN_PRIM_MULTI_ID_A
DB2CDC,REF_VIS_LN_SHR_GRP,DB2CDC.REF_VIS_LN_SHR_GRP
DB2CDC,REF_VIS_LN_SHR_GRP_OFFR_TYP,DB2CDC.REF_VIS_LN_SHR_GRP_OFFR_TYP
DB2CDC,REF_VIS_LN_SVC_PROD_MULTI_BA,DB2CDC.REF_VIS_LN_SVC_PROD_MULTI_BA
DB2CDC,REF_VIS_LOAN_MIGR_METADATA,DB2CDC.REF_VIS_LOAN_MIGR_METADATA
DB2CDC,REF_VIS_LOCAL_CALL_AREA,DB2CDC.REF_VIS_LOCAL_CALL_AREA
DB2CDC,REF_VIS_LOCAL_V_H,DB2CDC.REF_VIS_LOCAL_V_H
DB2CDC,REF_VIS_LOCKBOX_BANK,DB2CDC.REF_VIS_LOCKBOX_BANK
DB2CDC,REF_VIS_LRA_PARTNER_HOME_BID,DB2CDC.REF_VIS_LRA_PARTNER_HOME_BID
DB2CDC,REF_VIS_MAJOR_MARKET,DB2CDC.REF_VIS_MAJOR_MARKET
DB2CDC,REF_VIS_MDN_MIN_PREPAY,DB2CDC.REF_VIS_MDN_MIN_PREPAY
DB2CDC,REF_VIS_MIN_L_SID_BID,DB2CDC.REF_VIS_MIN_L_SID_BID
DB2CDC,REF_VIS_MISC_FIN_TRANS,DB2CDC.REF_VIS_MISC_FIN_TRANS
DB2CDC,REF_VIS_MQ_FEATURE_XREF,DB2CDC.REF_VIS_MQ_FEATURE_XREF
DB2CDC,REF_VIS_MSG_ALLOWANCE_TYPE,DB2CDC.REF_VIS_MSG_ALLOWANCE_TYPE
DB2CDC,REF_VIS_NA_CARR_FEAT_EVENT,DB2CDC.REF_VIS_NA_CARR_FEAT_EVENT
DB2CDC,REF_VIS_NA_DATA_CAT_RULE,DB2CDC.REF_VIS_NA_DATA_CAT_RULE
DB2CDC,REF_VIS_NA_FEAT_TYP_RULE,DB2CDC.REF_VIS_NA_FEAT_TYP_RULE
DB2CDC,REF_VIS_NETWORK_EXTENDER_MACRO,DB2CDC.REF_VIS_NETWORK_EXTENDER_MACRO
DB2CDC,REF_VIS_NETWORK_TRUNK,DB2CDC.REF_VIS_NETWORK_TRUNK
DB2CDC,REF_VIS_NONACT_STAT_REASON,DB2CDC.REF_VIS_NONACT_STAT_REASON
DB2CDC,REF_VIS_NON_GEO_ROAM_AGREE,DB2CDC.REF_VIS_NON_GEO_ROAM_AGREE
DB2CDC,REF_VIS_NON_SID_MKT_MAP,DB2CDC.REF_VIS_NON_SID_MKT_MAP
DB2CDC,REF_VIS_NON_VZW_TNI,DB2CDC.REF_VIS_NON_VZW_TNI
DB2CDC,REF_VIS_NPANXX,DB2CDC.REF_VIS_NPANXX
DB2CDC,REF_VIS_NPANXX_SPID_XREF,DB2CDC.REF_VIS_NPANXX_SPID_XREF
DB2CDC,REF_VIS_NPANXX_SPLIT,DB2CDC.REF_VIS_NPANXX_SPLIT
DB2CDC,REF_VIS_NTWK_IP_ADR_CTRY_EXCPT,DB2CDC.REF_VIS_NTWK_IP_ADR_CTRY_EXCPT
DB2CDC,REF_VIS_OFFR_TYP_CODE,DB2CDC.REF_VIS_OFFR_TYP_CODE
DB2CDC,REF_VIS_OFFR_TYP_EXCL_BILLING,DB2CDC.REF_VIS_OFFR_TYP_EXCL_BILLING
DB2CDC,REF_VIS_OFFR_TYP_EXCL_RATING,DB2CDC.REF_VIS_OFFR_TYP_EXCL_RATING
DB2CDC,REF_VIS_OFFR_TYP_GRP_OFFR,DB2CDC.REF_VIS_OFFR_TYP_GRP_OFFR
DB2CDC,REF_VIS_OFFR_TYP_PRC_GRP,DB2CDC.REF_VIS_OFFR_TYP_PRC_GRP
DB2CDC,REF_VIS_OFFR_TYP_SPCL_PROC,DB2CDC.REF_VIS_OFFR_TYP_SPCL_PROC
DB2CDC,REF_VIS_OFFR_TYP_TIERED,DB2CDC.REF_VIS_OFFR_TYP_TIERED
DB2CDC,REF_VIS_OFFR_TYP_TOLL_NOTIF,DB2CDC.REF_VIS_OFFR_TYP_TOLL_NOTIF
DB2CDC,REF_VIS_OFFR_TYP_TX_INCLUSIVE,DB2CDC.REF_VIS_OFFR_TYP_TX_INCLUSIVE
DB2CDC,REF_VIS_OFR_TYP_TX_INCLUSE,DB2CDC.REF_VIS_OFR_TYP_TX_INCLUSE
DB2CDC,REF_VIS_OMP_OFFR,DB2CDC.REF_VIS_OMP_OFFR
DB2CDC,REF_VIS_OMP_OFFR_PRODUCT,DB2CDC.REF_VIS_OMP_OFFR_PRODUCT
DB2CDC,REF_VIS_OTHER_GSM_CC_CS,DB2CDC.REF_VIS_OTHER_GSM_CC_CS
DB2CDC,REF_VIS_PCKGE_FEATURE,DB2CDC.REF_VIS_PCKGE_FEATURE
DB2CDC,REF_VIS_PKG_PROC_CATEGORY,DB2CDC.REF_VIS_PKG_PROC_CATEGORY
DB2CDC,REF_VIS_PPLAN,DB2CDC.REF_VIS_PPLAN
DB2CDC,REF_VIS_PPLAN_ALLOW_SEG,DB2CDC.REF_VIS_PPLAN_ALLOW_SEG
DB2CDC,REF_VIS_PPLAN_ALLOW_SET,DB2CDC.REF_VIS_PPLAN_ALLOW_SET
DB2CDC,REF_VIS_PPLAN_ECPD_RAMP_UP,DB2CDC.REF_VIS_PPLAN_ECPD_RAMP_UP
DB2CDC,REF_VIS_PPLAN_EQUIP,DB2CDC.REF_VIS_PPLAN_EQUIP
DB2CDC,REF_VIS_PPLAN_SET_PPLAN,DB2CDC.REF_VIS_PPLAN_SET_PPLAN
DB2CDC,REF_VIS_PPLAN_VER,DB2CDC.REF_VIS_PPLAN_VER
DB2CDC,REF_VIS_PPLAN_VER_BAND,DB2CDC.REF_VIS_PPLAN_VER_BAND
DB2CDC,REF_VIS_PP_VER_FIN_COMPS,DB2CDC.REF_VIS_PP_VER_FIN_COMPS
DB2CDC,REF_VIS_PP_VER_TIER_AIR_RT,DB2CDC.REF_VIS_PP_VER_TIER_AIR_RT
DB2CDC,REF_VIS_PP_VER_TIER_ALLOW,DB2CDC.REF_VIS_PP_VER_TIER_ALLOW
DB2CDC,REF_VIS_PP_VER_TIER_PROD,DB2CDC.REF_VIS_PP_VER_TIER_PROD
DB2CDC,REF_VIS_PP_VER_TIER_RT_PER,DB2CDC.REF_VIS_PP_VER_TIER_RT_PER
DB2CDC,REF_VIS_PRC_CAT_CLASS_MAP,DB2CDC.REF_VIS_PRC_CAT_CLASS_MAP
DB2CDC,REF_VIS_PRC_RULE,DB2CDC.REF_VIS_PRC_RULE
DB2CDC,REF_VIS_PRC_RULE_CRITER_VAL,DB2CDC.REF_VIS_PRC_RULE_CRITER_VAL
DB2CDC,REF_VIS_PRC_RULE_GRP,DB2CDC.REF_VIS_PRC_RULE_GRP
DB2CDC,REF_VIS_PRICE_TIER,DB2CDC.REF_VIS_PRICE_TIER
DB2CDC,REF_VIS_PRICE_TIER_SCHEME,DB2CDC.REF_VIS_PRICE_TIER_SCHEME
DB2CDC,REF_VIS_PRICE_TIER_SCHM_CRITERIA,DB2CDC.REF_VIS_PRICE_TIER_SCHM_CRITERIA
DB2CDC,REF_VIS_PROCESS_ECP_MAP,DB2CDC.REF_VIS_PROCESS_ECP_MAP
DB2CDC,REF_VIS_PROC_CRITERIA_INFO,DB2CDC.REF_VIS_PROC_CRITERIA_INFO
DB2CDC,REF_VIS_PRODUCT,DB2CDC.REF_VIS_PRODUCT
DB2CDC,REF_VIS_PRODUCT_BILLING_OTC,DB2CDC.REF_VIS_PRODUCT_BILLING_OTC
DB2CDC,REF_VIS_PROD_COMP_OVRIDE_PROC,DB2CDC.REF_VIS_PROD_COMP_OVRIDE_PROC
DB2CDC,REF_VIS_PROD_COMP_TYP_MAP,DB2CDC.REF_VIS_PROD_COMP_TYP_MAP
DB2CDC,REF_VIS_PROD_DVC_FIN_COMPS,DB2CDC.REF_VIS_PROD_DVC_FIN_COMPS
DB2CDC,REF_VIS_PROD_LIST_PRICE,DB2CDC.REF_VIS_PROD_LIST_PRICE
DB2CDC,REF_VIS_PROD_OVRIDE_PROC,DB2CDC.REF_VIS_PROD_OVRIDE_PROC
DB2CDC,REF_VIS_PROD_PROMO,DB2CDC.REF_VIS_PROD_PROMO
DB2CDC,REF_VIS_PROD_WHOLESL_PRICE,DB2CDC.REF_VIS_PROD_WHOLESL_PRICE
DB2CDC,REF_VIS_PROMOTION,DB2CDC.REF_VIS_PROMOTION
DB2CDC,REF_VIS_PROMO_TRIGGER_SFO,DB2CDC.REF_VIS_PROMO_TRIGGER_SFO
DB2CDC,REF_VIS_PROMO_TRIGGER_SPO,DB2CDC.REF_VIS_PROMO_TRIGGER_SPO
DB2CDC,REF_VIS_RATE_CAMPAIGN_INFO,DB2CDC.REF_VIS_RATE_CAMPAIGN_INFO
DB2CDC,REF_VIS_RATE_OFFR,DB2CDC.REF_VIS_RATE_OFFR
DB2CDC,REF_VIS_RATE_OFFR_DATA_RATE,DB2CDC.REF_VIS_RATE_OFFR_DATA_RATE
DB2CDC,REF_VIS_RATE_OFFR_DT_RT_BAND,DB2CDC.REF_VIS_RATE_OFFR_DT_RT_BAND
DB2CDC,REF_VIS_RATE_OFFR_TOLL_RATE,DB2CDC.REF_VIS_RATE_OFFR_TOLL_RATE
DB2CDC,REF_VIS_RATE_OFFR_TOLL_RT_BAND,DB2CDC.REF_VIS_RATE_OFFR_TOLL_RT_BAND
DB2CDC,REF_VIS_RATE_OFFR_TXTPIX_RATE,DB2CDC.REF_VIS_RATE_OFFR_TXTPIX_RATE
DB2CDC,REF_VIS_RATE_OFFR_VC_RT_BAND,DB2CDC.REF_VIS_RATE_OFFR_VC_RT_BAND
DB2CDC,REF_VIS_RATE_OFFR_VOICE_RATE,DB2CDC.REF_VIS_RATE_OFFR_VOICE_RATE
DB2CDC,REF_VIS_RATE_PER_CLASS,DB2CDC.REF_VIS_RATE_PER_CLASS
DB2CDC,REF_VIS_RATING_PROD_HIER,DB2CDC.REF_VIS_RATING_PROD_HIER
DB2CDC,REF_VIS_RATING_PROV_ID_BA_XREF,DB2CDC.REF_VIS_RATING_PROV_ID_BA_XREF
DB2CDC,REF_VIS_RATING_REVENUE_CODE,DB2CDC.REF_VIS_RATING_REVENUE_CODE
DB2CDC,REF_VIS_REGION,DB2CDC.REF_VIS_REGION
DB2CDC,REF_VIS_ROAMING_PARTNER,DB2CDC.REF_VIS_ROAMING_PARTNER
DB2CDC,REF_VIS_ROAM_APN_TAP_EXCEPT,DB2CDC.REF_VIS_ROAM_APN_TAP_EXCEPT
DB2CDC,REF_VIS_ROAM_PT_APN_TAX_CLASS,DB2CDC.REF_VIS_ROAM_PT_APN_TAX_CLASS
DB2CDC,REF_VIS_ROAM_PT_IMSI_TAX_CLASS,DB2CDC.REF_VIS_ROAM_PT_IMSI_TAX_CLASS
DB2CDC,REF_VIS_ROAM_RATES,DB2CDC.REF_VIS_ROAM_RATES
DB2CDC,REF_VIS_SBID_CBR_SPCL_FT_EXCPT,DB2CDC.REF_VIS_SBID_CBR_SPCL_FT_EXCPT
DB2CDC,REF_VIS_SED_OFFR,DB2CDC.REF_VIS_SED_OFFR
DB2CDC,REF_VIS_SERVICE,DB2CDC.REF_VIS_SERVICE
DB2CDC,REF_VIS_SERVICE_FEAT_RATES,DB2CDC.REF_VIS_SERVICE_FEAT_RATES
DB2CDC,REF_VIS_SERVICE_STATE_ACTIVITY,DB2CDC.REF_VIS_SERVICE_STATE_ACTIVITY
DB2CDC,REF_VIS_SFO_PKG_PROC_MAP,DB2CDC.REF_VIS_SFO_PKG_PROC_MAP
DB2CDC,REF_VIS_SFO_VER_FIN_COMPS,DB2CDC.REF_VIS_SFO_VER_FIN_COMPS
DB2CDC,REF_VIS_SF_OFFR,DB2CDC.REF_VIS_SF_OFFR
DB2CDC,REF_VIS_SF_OFFR_ALLOW,DB2CDC.REF_VIS_SF_OFFR_ALLOW
DB2CDC,REF_VIS_SF_OFFR_CAT,DB2CDC.REF_VIS_SF_OFFR_CAT
DB2CDC,REF_VIS_SF_OFFR_CONDITION,DB2CDC.REF_VIS_SF_OFFR_CONDITION
DB2CDC,REF_VIS_SF_OFFR_PROCESS,DB2CDC.REF_VIS_SF_OFFR_PROCESS
DB2CDC,REF_VIS_SF_OFFR_RATE_OFFR,DB2CDC.REF_VIS_SF_OFFR_RATE_OFFR
DB2CDC,REF_VIS_SF_OFFR_VER,DB2CDC.REF_VIS_SF_OFFR_VER
DB2CDC,REF_VIS_SF_OFFR_VER_PROD,DB2CDC.REF_VIS_SF_OFFR_VER_PROD
DB2CDC,REF_VIS_SID_BID,DB2CDC.REF_VIS_SID_BID
DB2CDC,REF_VIS_SID_FREE_CALL,DB2CDC.REF_VIS_SID_FREE_CALL
DB2CDC,REF_VIS_SID_SID_LD_RATE,DB2CDC.REF_VIS_SID_SID_LD_RATE
DB2CDC,REF_VIS_SIM_INVENTORY,DB2CDC.REF_VIS_SIM_INVENTORY
DB2CDC,REF_VIS_SINGLE_BL_STAT,DB2CDC.REF_VIS_SINGLE_BL_STAT
DB2CDC,REF_VIS_SKU_MAKE_MOD_XREF,DB2CDC.REF_VIS_SKU_MAKE_MOD_XREF
DB2CDC,REF_VIS_SKU_MARKET_VALUE,DB2CDC.REF_VIS_SKU_MARKET_VALUE
DB2CDC,REF_VIS_SLS_DIST_CHNL_TYP,DB2CDC.REF_VIS_SLS_DIST_CHNL_TYP
DB2CDC,REF_VIS_SLS_DST_CHNL_OUTLT,DB2CDC.REF_VIS_SLS_DST_CHNL_OUTLT
DB2CDC,REF_VIS_SMS_POINT_CODE,DB2CDC.REF_VIS_SMS_POINT_CODE
DB2CDC,REF_VIS_SPCL_DIAL_SERVICE,DB2CDC.REF_VIS_SPCL_DIAL_SERVICE
DB2CDC,REF_VIS_SPCL_EVNT_CHRG_CAT_PROD,DB2CDC.REF_VIS_SPCL_EVNT_CHRG_CAT_PROD
DB2CDC,REF_VIS_SPCL_EVNT_STATE_RULES,DB2CDC.REF_VIS_SPCL_EVNT_STATE_RULES
DB2CDC,REF_VIS_SPLAN,DB2CDC.REF_VIS_SPLAN
DB2CDC,REF_VIS_SPLAN_COMP_PKG_PROC,DB2CDC.REF_VIS_SPLAN_COMP_PKG_PROC
DB2CDC,REF_VIS_SPLAN_COMP_TYPE,DB2CDC.REF_VIS_SPLAN_COMP_TYPE
DB2CDC,REF_VIS_SPLAN_OFFR,DB2CDC.REF_VIS_SPLAN_OFFR
DB2CDC,REF_VIS_SPLAN_VER,DB2CDC.REF_VIS_SPLAN_VER
DB2CDC,REF_VIS_SPO_PRC_ELM_GRP_CHRG,DB2CDC.REF_VIS_SPO_PRC_ELM_GRP_CHRG
DB2CDC,REF_VIS_SPO_PRC_ELM_GRP_CHRG_CMP,DB2CDC.REF_VIS_SPO_PRC_ELM_GRP_CHRG_CMP
DB2CDC,REF_VIS_SPO_PROD_LN_TIER,DB2CDC.REF_VIS_SPO_PROD_LN_TIER
DB2CDC,REF_VIS_SP_VER_FIN_COMPS,DB2CDC.REF_VIS_SP_VER_FIN_COMPS
DB2CDC,REF_VIS_SSID_LCL_CALL_CHG,DB2CDC.REF_VIS_SSID_LCL_CALL_CHG
DB2CDC,REF_VIS_STATE,DB2CDC.REF_VIS_STATE
DB2CDC,REF_VIS_STATE_LATE_PMT_QTY,DB2CDC.REF_VIS_STATE_LATE_PMT_QTY
DB2CDC,REF_VIS_STATE_LIST_PRICE,DB2CDC.REF_VIS_STATE_LIST_PRICE
DB2CDC,REF_VIS_SUM_DATA_EVNT_DESC,DB2CDC.REF_VIS_SUM_DATA_EVNT_DESC
DB2CDC,REF_VIS_SVC_OFFR,DB2CDC.REF_VIS_SVC_OFFR
DB2CDC,REF_VIS_SVC_PART_RATE_OFFR,DB2CDC.REF_VIS_SVC_PART_RATE_OFFR
DB2CDC,REF_VIS_SVC_PROD,DB2CDC.REF_VIS_SVC_PROD
DB2CDC,REF_VIS_SVC_PROD_ATTR,DB2CDC.REF_VIS_SVC_PROD_ATTR
DB2CDC,REF_VIS_SVC_PROD_CAP,DB2CDC.REF_VIS_SVC_PROD_CAP
DB2CDC,REF_VIS_SVC_PROD_CAT,DB2CDC.REF_VIS_SVC_PROD_CAT
DB2CDC,REF_VIS_SVC_PROD_OFFR,DB2CDC.REF_VIS_SVC_PROD_OFFR
DB2CDC,REF_VIS_SVC_PROD_PRC_ELEMENT,DB2CDC.REF_VIS_SVC_PROD_PRC_ELEMENT
DB2CDC,REF_VIS_SVC_PROD_PRC_ELM_COMPS,DB2CDC.REF_VIS_SVC_PROD_PRC_ELM_COMPS
DB2CDC,REF_VIS_SVC_PROD_RULE_GRP,DB2CDC.REF_VIS_SVC_PROD_RULE_GRP
DB2CDC,REF_VIS_SVC_PROD_RULE_GRP_ATTR,DB2CDC.REF_VIS_SVC_PROD_RULE_GRP_ATTR
DB2CDC,REF_VIS_TADIG_BCE,DB2CDC.REF_VIS_TADIG_BCE
DB2CDC,REF_VIS_TADIG_BCE_MCC_MNC,DB2CDC.REF_VIS_TADIG_BCE_MCC_MNC
DB2CDC,REF_VIS_TADIG_CODE,DB2CDC.REF_VIS_TADIG_CODE
DB2CDC,REF_VIS_TAP_CALL_LVL_INFO,DB2CDC.REF_VIS_TAP_CALL_LVL_INFO
DB2CDC,REF_VIS_TAP_CARRIER,DB2CDC.REF_VIS_TAP_CARRIER
DB2CDC,REF_VIS_TAP_EVNT_ONLY_FEE,DB2CDC.REF_VIS_TAP_EVNT_ONLY_FEE
DB2CDC,REF_VIS_TAP_FILE_SENT_AUDT,DB2CDC.REF_VIS_TAP_FILE_SENT_AUDT
DB2CDC,REF_VIS_TAP_FILTER_SERVICE,DB2CDC.REF_VIS_TAP_FILTER_SERVICE
DB2CDC,REF_VIS_TAP_FILTER_TEST_IMSI,DB2CDC.REF_VIS_TAP_FILTER_TEST_IMSI
DB2CDC,REF_VIS_TAP_RATE_OFFR,DB2CDC.REF_VIS_TAP_RATE_OFFR
DB2CDC,REF_VIS_TAP_RATE_OFFR_RT,DB2CDC.REF_VIS_TAP_RATE_OFFR_RT
DB2CDC,REF_VIS_TAP_RATE_OFFR_ZN_RT,DB2CDC.REF_VIS_TAP_RATE_OFFR_ZN_RT
DB2CDC,REF_VIS_TAP_RATING_ZONE,DB2CDC.REF_VIS_TAP_RATING_ZONE
DB2CDC,REF_VIS_TAP_RATING_ZONE_CNTRY,DB2CDC.REF_VIS_TAP_RATING_ZONE_CNTRY
DB2CDC,REF_VIS_TAP_ROAM_PARTNER,DB2CDC.REF_VIS_TAP_ROAM_PARTNER
DB2CDC,REF_VIS_TAP_RT_ADDL_EVNT_FEE,DB2CDC.REF_VIS_TAP_RT_ADDL_EVNT_FEE
DB2CDC,REF_VIS_TAP_SERVICE,DB2CDC.REF_VIS_TAP_SERVICE
DB2CDC,REF_VIS_TAX_DETAIL_RULES,DB2CDC.REF_VIS_TAX_DETAIL_RULES
DB2CDC,REF_VIS_TAX_GEO_LVL_2,DB2CDC.REF_VIS_TAX_GEO_LVL_2
DB2CDC,REF_VIS_TAX_SPCL_PROC_RULE,DB2CDC.REF_VIS_TAX_SPCL_PROC_RULE
DB2CDC,REF_VIS_TIER_SCHEME_GRP_TIER,DB2CDC.REF_VIS_TIER_SCHEME_GRP_TIER
DB2CDC,REF_VIS_TIER_SCHEME_TIER,DB2CDC.REF_VIS_TIER_SCHEME_TIER
DB2CDC,REF_VIS_TIER_SCHEME_TIER_DISCNT,DB2CDC.REF_VIS_TIER_SCHEME_TIER_DISCNT
DB2CDC,REF_VIS_TIER_SCHM_TIER_FIN_COMPS,DB2CDC.REF_VIS_TIER_SCHM_TIER_FIN_COMPS
DB2CDC,REF_VIS_TOLL_OFFR_RATE,DB2CDC.REF_VIS_TOLL_OFFR_RATE
DB2CDC,REF_VIS_TOLL_RATE,DB2CDC.REF_VIS_TOLL_RATE
DB2CDC,REF_VIS_TRANCHE_GRP_CODE,DB2CDC.REF_VIS_TRANCHE_GRP_CODE
DB2CDC,REF_VIS_TRANCHE_INFO,DB2CDC.REF_VIS_TRANCHE_INFO
DB2CDC,REF_VIS_TRANCHE_SKU_PCT,DB2CDC.REF_VIS_TRANCHE_SKU_PCT
DB2CDC,REF_VIS_TRAN_FEAT_RULE,DB2CDC.REF_VIS_TRAN_FEAT_RULE
DB2CDC,REF_VIS_TVZW_LSMS,DB2CDC.REF_VIS_TVZW_LSMS
DB2CDC,REF_VIS_TXTPIX_CNTRY_BL_SVC,DB2CDC.REF_VIS_TXTPIX_CNTRY_BL_SVC
DB2CDC,REF_VIS_TXTPIX_SWITCH_INFO,DB2CDC.REF_VIS_TXTPIX_SWITCH_INFO
DB2CDC,REF_VIS_UNIT_OF_MEASURE,DB2CDC.REF_VIS_UNIT_OF_MEASURE
DB2CDC,REF_VIS_USAGE_DETAIL_FORMAT,DB2CDC.REF_VIS_USAGE_DETAIL_FORMAT
DB2CDC,REF_VIS_VERTEX_TO_FIPS_CD,DB2CDC.REF_VIS_VERTEX_TO_FIPS_CD
DB2CDC,REF_VIS_VIS_PROCESS_FILTER,DB2CDC.REF_VIS_VIS_PROCESS_FILTER
DB2CDC,REF_VIS_VIS_TO_DPC_TAX_TYP,DB2CDC.REF_VIS_VIS_TO_DPC_TAX_TYP
DB2CDC,REF_VIS_VODA_COUNTRY,DB2CDC.REF_VIS_VODA_COUNTRY
DB2CDC,REF_VIS_VZW_SBID_TM_ZN,DB2CDC.REF_VIS_VZW_SBID_TM_ZN
DB2CDC,REF_VIS_VZW_SVC_PROC_RULE,DB2CDC.REF_VIS_VZW_SVC_PROC_RULE
DB2CDC,REF_VIS_VZ_ROAM_PART_INFO,DB2CDC.REF_VIS_VZ_ROAM_PART_INFO
DB2CDC,REF_VIS_XLT_BILLING_TRANS_MAP,DB2CDC.REF_VIS_XLT_BILLING_TRANS_MAP
DB2CDC,REF_VIS_XLT_RATING_TRANS_MAP,DB2CDC.REF_VIS_XLT_RATING_TRANS_MAP
DB2CDC,REF_V_BORDER_GSM_CELLSITE_DATA,DB2CDC.REF_V_BORDER_GSM_CELLSITE_DATA
DB2CDC,SUB_LN_PRIM_ID_MDN,DB2CDC.SUB_LN_PRIM_ID_MDN
DB2CDC,SUB_RBM_IMSI_MDN,DB2CDC.SUB_RBM_IMSI_MDN
DB2CDC,SUB_RBM_MDN_MIN,DB2CDC.SUB_RBM_MDN_MIN
DB2CDC,TIMER_TABLE_LOG,DB2CDC.TIMER_TABLE_LOG
DB2CDC,TS_AUTH,DB2CDC.TS_AUTH
DB2CDC,TS_BOOKMARK,DB2CDC.TS_BOOKMARK
DB2CDC,TS_CONFAUD,DB2CDC.TS_CONFAUD
DB2CDC,TS_DDLAUD,DB2CDC.TS_DDLAUD
DB2CDC,XLT_RBM_PRODUCTS,DB2CDC.XLT_RBM_PRODUCTS
DB2CDC,test_sub_rbm_IMSI_MDN,DB2CDC.test_sub_rbm_IMSI_MDN
DBUP_DEPLOY,TEST,DBUP_DEPLOY.TEST
DBUP_DEPLOY,TEST121,DBUP_DEPLOY.TEST121
DBUP_DEPLOY,TEST123,DBUP_DEPLOY.TEST123
ELVIS2BATCHAPP,ACTION,ELVIS2BATCHAPP.ACTION
ELVIS2BATCHAPP,APP_REGISTRATION,ELVIS2BATCHAPP.APP_REGISTRATION
ELVIS2BATCHAPP,AUDIT_RECORDS,ELVIS2BATCHAPP.AUDIT_RECORDS
ELVIS2BATCHAPP,BATCH_JOB_EXECUTION,ELVIS2BATCHAPP.BATCH_JOB_EXECUTION
ELVIS2BATCHAPP,BATCH_JOB_EXECUTION_CONTEXT,ELVIS2BATCHAPP.BATCH_JOB_EXECUTION_CONTEXT
ELVIS2BATCHAPP,BATCH_JOB_EXECUTION_PARAMS,ELVIS2BATCHAPP.BATCH_JOB_EXECUTION_PARAMS
ELVIS2BATCHAPP,BATCH_JOB_INSTANCE,ELVIS2BATCHAPP.BATCH_JOB_INSTANCE
ELVIS2BATCHAPP,BATCH_STEP_EXECUTION,ELVIS2BATCHAPP.BATCH_STEP_EXECUTION
ELVIS2BATCHAPP,BATCH_STEP_EXECUTION_CONTEXT,ELVIS2BATCHAPP.BATCH_STEP_EXECUTION_CONTEXT
ELVIS2BATCHAPP,BOOT3_BATCH_JOB_EXECUTION,ELVIS2BATCHAPP.BOOT3_BATCH_JOB_EXECUTION
ELVIS2BATCHAPP,BOOT3_BATCH_JOB_EXECUTION_CONTEXT,ELVIS2BATCHAPP.BOOT3_BATCH_JOB_EXECUTION_CONTEXT
ELVIS2BATCHAPP,BOOT3_BATCH_JOB_EXECUTION_PARAMS,ELVIS2BATCHAPP.BOOT3_BATCH_JOB_EXECUTION_PARAMS
ELVIS2BATCHAPP,BOOT3_BATCH_JOB_INSTANCE,ELVIS2BATCHAPP.BOOT3_BATCH_JOB_INSTANCE
ELVIS2BATCHAPP,BOOT3_BATCH_STEP_EXECUTION,ELVIS2BATCHAPP.BOOT3_BATCH_STEP_EXECUTION
ELVIS2BATCHAPP,BOOT3_BATCH_STEP_EXECUTION_CONTEXT,ELVIS2BATCHAPP.BOOT3_BATCH_STEP_EXECUTION_CONTEXT
ELVIS2BATCHAPP,BOOT3_TASK_EXECUTION,ELVIS2BATCHAPP.BOOT3_TASK_EXECUTION
ELVIS2BATCHAPP,BOOT3_TASK_EXECUTION_METADATA,ELVIS2BATCHAPP.BOOT3_TASK_EXECUTION_METADATA
ELVIS2BATCHAPP,BOOT3_TASK_EXECUTION_PARAMS,ELVIS2BATCHAPP.BOOT3_TASK_EXECUTION_PARAMS
ELVIS2BATCHAPP,BOOT3_TASK_LOCK,ELVIS2BATCHAPP.BOOT3_TASK_LOCK
ELVIS2BATCHAPP,BOOT3_TASK_TASK_BATCH,ELVIS2BATCHAPP.BOOT3_TASK_TASK_BATCH
ELVIS2BATCHAPP,DEFERRED_EVENTS,ELVIS2BATCHAPP.DEFERRED_EVENTS
ELVIS2BATCHAPP,GUARD,ELVIS2BATCHAPP.GUARD
ELVIS2BATCHAPP,SKIPPER_APP_DEPLOYER_DATA,ELVIS2BATCHAPP.SKIPPER_APP_DEPLOYER_DATA
ELVIS2BATCHAPP,SKIPPER_INFO,ELVIS2BATCHAPP.SKIPPER_INFO
ELVIS2BATCHAPP,SKIPPER_MANIFEST,ELVIS2BATCHAPP.SKIPPER_MANIFEST
ELVIS2BATCHAPP,SKIPPER_PACKAGE_FILE,ELVIS2BATCHAPP.SKIPPER_PACKAGE_FILE
ELVIS2BATCHAPP,SKIPPER_PACKAGE_METADATA,ELVIS2BATCHAPP.SKIPPER_PACKAGE_METADATA
ELVIS2BATCHAPP,SKIPPER_RELEASE,ELVIS2BATCHAPP.SKIPPER_RELEASE
ELVIS2BATCHAPP,SKIPPER_REPOSITORY,ELVIS2BATCHAPP.SKIPPER_REPOSITORY
ELVIS2BATCHAPP,SKIPPER_STATUS,ELVIS2BATCHAPP.SKIPPER_STATUS
ELVIS2BATCHAPP,STATE,ELVIS2BATCHAPP.STATE
ELVIS2BATCHAPP,STATE_ENTRY_ACTIONS,ELVIS2BATCHAPP.STATE_ENTRY_ACTIONS
ELVIS2BATCHAPP,STATE_EXIT_ACTIONS,ELVIS2BATCHAPP.STATE_EXIT_ACTIONS
ELVIS2BATCHAPP,STATE_MACHINE,ELVIS2BATCHAPP.STATE_MACHINE
ELVIS2BATCHAPP,STATE_STATE_ACTIONS,ELVIS2BATCHAPP.STATE_STATE_ACTIONS
ELVIS2BATCHAPP,STREAM_DEFINITIONS,ELVIS2BATCHAPP.STREAM_DEFINITIONS
ELVIS2BATCHAPP,TASK_DEFINITIONS,ELVIS2BATCHAPP.TASK_DEFINITIONS
ELVIS2BATCHAPP,TASK_DEPLOYMENT,ELVIS2BATCHAPP.TASK_DEPLOYMENT
ELVIS2BATCHAPP,TASK_EXECUTION,ELVIS2BATCHAPP.TASK_EXECUTION
ELVIS2BATCHAPP,TASK_EXECUTION_METADATA,ELVIS2BATCHAPP.TASK_EXECUTION_METADATA
ELVIS2BATCHAPP,TASK_EXECUTION_PARAMS,ELVIS2BATCHAPP.TASK_EXECUTION_PARAMS
ELVIS2BATCHAPP,TASK_LOCK,ELVIS2BATCHAPP.TASK_LOCK
ELVIS2BATCHAPP,TASK_TASK_BATCH,ELVIS2BATCHAPP.TASK_TASK_BATCH
ELVIS2BATCHAPP,TRANSITION,ELVIS2BATCHAPP.TRANSITION
ELVIS2BATCHAPP,TRANSITION_ACTIONS,ELVIS2BATCHAPP.TRANSITION_ACTIONS
ETNI2UB,CARRIER_SPID_INFO,ETNI2UB.CARRIER_SPID_INFO
ETNI2UB,ETNI_CTN_INV_HISTORY_N,ETNI2UB.ETNI_CTN_INV_HISTORY_N
ETNI2UB,ETNI_CTN_INV_N,ETNI2UB.ETNI_CTN_INV_N
ETNI2UB,ETNI_SIM_INV_HISTORY_N,ETNI2UB.ETNI_SIM_INV_HISTORY_N
ETNI2UB,ETNI_SIM_INV_N,ETNI2UB.ETNI_SIM_INV_N
ETNI2UB,NPANXX_SPID_XREF,ETNI2UB.NPANXX_SPID_XREF
ETNI2UB,PMDN_INV,ETNI2UB.PMDN_INV
ETNI2UB,TVZW_LSMS,ETNI2UB.TVZW_LSMS
HIJACK,ACCOUNT_ANALYSIS,HIJACK.ACCOUNT_ANALYSIS
HIJACK,ACCOUNT_COMPARE_SUMMARY,HIJACK.ACCOUNT_COMPARE_SUMMARY
HIJACK,CYC_ATTRIBUTE_MISMATCH_DETAILS,HIJACK.CYC_ATTRIBUTE_MISMATCH_DETAILS
HIJACK,EOC_HGH_LVL_DBCOMPARE_SUMMARY,HIJACK.EOC_HGH_LVL_DBCOMPARE_SUMMARY
HIJACK,FINAL_SUMMARY_OUTCOLLECT_COMP,HIJACK.FINAL_SUMMARY_OUTCOLLECT_COMP
HIJACK,FINAL_SUM_VISION_BILL_COMPARE,HIJACK.FINAL_SUM_VISION_BILL_COMPARE
HIJACK,HAT_CYCLE_ACCT_SUMMARY,HIJACK.HAT_CYCLE_ACCT_SUMMARY
HIJACK,HAT_CYCLE_KEY_SUMMARY,HIJACK.HAT_CYCLE_KEY_SUMMARY
HIJACK,HAT_CYCLE_SUMMARY,HIJACK.HAT_CYCLE_SUMMARY
HIJACK,HAT_JIRA_MISMATCH,HIJACK.HAT_JIRA_MISMATCH
HIJACK,HAT_REF_CODE,HIJACK.HAT_REF_CODE
HIJACK,HIJACK_UI_ACCESS,HIJACK.HIJACK_UI_ACCESS
HIJACK,HJ_CONFIG_PARAMS,HIJACK.HJ_CONFIG_PARAMS
HIJACK,HJ_TOWERS,HIJACK.HJ_TOWERS
HIJACK,LAYOUT_CONFIG_DETAILS,HIJACK.LAYOUT_CONFIG_DETAILS
HIJACK,MERGE_SUMMARY_DETAILS,HIJACK.MERGE_SUMMARY_DETAILS
HIJACK,PAYMENT_COMPARE_REPORT_HEADERS,HIJACK.PAYMENT_COMPARE_REPORT_HEADERS
HIJACK,PAYMENT_MATCHED_REPORT,HIJACK.PAYMENT_MATCHED_REPORT
HIJACK,PAYMENT_MISSED_SRC_REPORT,HIJACK.PAYMENT_MISSED_SRC_REPORT
HIJACK,PAYMENT_MISSED_TGT_REPORT,HIJACK.PAYMENT_MISSED_TGT_REPORT
HIJACK,PAYMENT_SUMMARY_REPORT,HIJACK.PAYMENT_SUMMARY_REPORT
HIJACK,PAYMENT_UNMATCHED_REPORT,HIJACK.PAYMENT_UNMATCHED_REPORT
HIJACK,PBF_ATTRIBUTE_MISMATCH_DETAILS,HIJACK.PBF_ATTRIBUTE_MISMATCH_DETAILS
HIJACK,PBF_ATTRIBUTE_SUMMARY_REP,HIJACK.PBF_ATTRIBUTE_SUMMARY_REP
HIJACK,PBF_ATTR_MISMATCH_ACCNTLVL_DET,HIJACK.PBF_ATTR_MISMATCH_ACCNTLVL_DET
HIJACK,PBF_BILL_FEED_ACCOUNT_STATUS,HIJACK.PBF_BILL_FEED_ACCOUNT_STATUS
HIJACK,PBF_BILL_FEED_FILE_TYPE_STATUS,HIJACK.PBF_BILL_FEED_FILE_TYPE_STATUS
HIJACK,PBF_COMPARE_REPORT_HEADERS,HIJACK.PBF_COMPARE_REPORT_HEADERS
HIJACK,PBF_CYCLE_SUMMARY,HIJACK.PBF_CYCLE_SUMMARY
HIJACK,PBF_DUPLICATE_RECS_DATA,HIJACK.PBF_DUPLICATE_RECS_DATA
HIJACK,PBF_EXCEPTIONS_INFO,HIJACK.PBF_EXCEPTIONS_INFO
HIJACK,PBF_EXCEP_GO_ACCNT_DATA,HIJACK.PBF_EXCEP_GO_ACCNT_DATA
HIJACK,PBF_FINAL_ACCNT_DETAIL_SUMMARY,HIJACK.PBF_FINAL_ACCNT_DETAIL_SUMMARY
HIJACK,PBF_FTYPE_ACCNT_STATUS_DET,HIJACK.PBF_FTYPE_ACCNT_STATUS_DET
HIJACK,PBF_FULL_MISSING_REP_DATA,HIJACK.PBF_FULL_MISSING_REP_DATA
HIJACK,PBF_INPUT_FILES_DETAILS,HIJACK.PBF_INPUT_FILES_DETAILS
HIJACK,PBF_MATCHED_REPORT_DATA,HIJACK.PBF_MATCHED_REPORT_DATA
HIJACK,PBF_MERGE_COMPARE_SUMMARY,HIJACK.PBF_MERGE_COMPARE_SUMMARY
HIJACK,PBF_MERGE_COMP_MATCH_REPORT,HIJACK.PBF_MERGE_COMP_MATCH_REPORT
HIJACK,PBF_MERGE_COMP_MISSED_SRC_REP,HIJACK.PBF_MERGE_COMP_MISSED_SRC_REP
HIJACK,PBF_MERGE_COMP_MISSED_TGT_REP,HIJACK.PBF_MERGE_COMP_MISSED_TGT_REP
HIJACK,PBF_MERGE_COMP_REPORT_HEADERS,HIJACK.PBF_MERGE_COMP_REPORT_HEADERS
HIJACK,PBF_MERGE_COMP_UNMATCH_REPORT,HIJACK.PBF_MERGE_COMP_UNMATCH_REPORT
HIJACK,PBF_MERGE_FINAL_SUMMARY,HIJACK.PBF_MERGE_FINAL_SUMMARY
HIJACK,PBF_MERGE_INPUT_FILES_DETAILS,HIJACK.PBF_MERGE_INPUT_FILES_DETAILS
HIJACK,PBF_MISSED_SRC_REPORT_DATA,HIJACK.PBF_MISSED_SRC_REPORT_DATA
HIJACK,PBF_MISSED_TGT_REPORT_DATA,HIJACK.PBF_MISSED_TGT_REPORT_DATA
HIJACK,PBF_OVERALL_ACCNT_STATUS,HIJACK.PBF_OVERALL_ACCNT_STATUS
HIJACK,PBF_UNMATCHED_REPORT_DATA,HIJACK.PBF_UNMATCHED_REPORT_DATA
HIJACK,PROCESS_DETAILS,HIJACK.PROCESS_DETAILS
HIJACK,SUMMARY_REPORT,HIJACK.SUMMARY_REPORT
HIJACK,TAX_DETAIL_SUMMARY,HIJACK.TAX_DETAIL_SUMMARY
HIJACK,UI_ROLES,HIJACK.UI_ROLES
HIJACK,V2_BL_COMP_MATCHED_REPORT,HIJACK.V2_BL_COMP_MATCHED_REPORT
HIJACK,V2_BL_COMP_MISSED_GMF_REPORT,HIJACK.V2_BL_COMP_MISSED_GMF_REPORT
HIJACK,V2_BL_COMP_MISSED_UIM_REPORT,HIJACK.V2_BL_COMP_MISSED_UIM_REPORT
HIJACK,V2_BL_COMP_REPORT_HEADERS,HIJACK.V2_BL_COMP_REPORT_HEADERS
HIJACK,V2_BL_COMP_UNMATCHED_REPORT,HIJACK.V2_BL_COMP_UNMATCHED_REPORT
HIJACK,V2_CYC_ATTR_MISMATCH_DETAILS,HIJACK.V2_CYC_ATTR_MISMATCH_DETAILS
INTERFACE,ACCOUNT_DETAILS_EXT,INTERFACE.ACCOUNT_DETAILS_EXT
INTERFACE,ACCT_MDN_INFO,INTERFACE.ACCT_MDN_INFO
INTERFACE,CYCLE_ATTRIBUTES,INTERFACE.CYCLE_ATTRIBUTES
INTERFACE,FILE_TRACKING,INTERFACE.FILE_TRACKING
INTERFACE,PBF_FILE_REF,INTERFACE.PBF_FILE_REF
INTERFACE_CONFIG,AR_CNTL,INTERFACE_CONFIG.AR_CNTL
INTERFACE_CONFIG,ECPD_PTF_RULE_HDR,INTERFACE_CONFIG.ECPD_PTF_RULE_HDR
INTERFACE_CONFIG,INT_NON_PBF_COPYBOOKS,INTERFACE_CONFIG.INT_NON_PBF_COPYBOOKS
INTERFACE_CONFIG,INT_PBF_COPYBOOKS,INTERFACE_CONFIG.INT_PBF_COPYBOOKS
INTERFACE_CONFIG,LANGUAGE_PREF,INTERFACE_CONFIG.LANGUAGE_PREF
INTERFACE_CONFIG,LAYOUT_FILE_DETAILS,INTERFACE_CONFIG.LAYOUT_FILE_DETAILS
INTERFACE_CONFIG,LAYOUT_LIST,INTERFACE_CONFIG.LAYOUT_LIST
INTERFACE_CONFIG,MSG_SEL_CRITERIA,INTERFACE_CONFIG.MSG_SEL_CRITERIA
INTERFACE_CONFIG,PRO_RECPT_OFFR_TYP_CHRG,INTERFACE_CONFIG.PRO_RECPT_OFFR_TYP_CHRG
INTERFACE_CONFIG,STREAM_ITERATION,INTERFACE_CONFIG.STREAM_ITERATION
INTERFACE_CONFIG,TRANCHE_INFO,INTERFACE_CONFIG.TRANCHE_INFO
INTERFACE_CONFIG,TRANCHE_SKU_PCT,INTERFACE_CONFIG.TRANCHE_SKU_PCT
INTERFACE_CONFIG,VODA_COUNTRY,INTERFACE_CONFIG.VODA_COUNTRY
INTERFACE_FLOW,INT_AUDIT_EXTRA_FIELDS,INTERFACE_FLOW.INT_AUDIT_EXTRA_FIELDS
INTERFACE_FLOW,INT_CFG_TBL_DTLS,INTERFACE_FLOW.INT_CFG_TBL_DTLS
INTERFACE_FLOW,INT_PROCESSING_LIST,INTERFACE_FLOW.INT_PROCESSING_LIST
INTERFACE_FLOW,INT_PROCESSING_LIST_MTN,INTERFACE_FLOW.INT_PROCESSING_LIST_MTN
INTERFACE_FLOW,UBSR_CFG_TBL_DTLS,INTERFACE_FLOW.UBSR_CFG_TBL_DTLS
INTERFACE_INBD,BANKRUPTCY_CASE_BA,INTERFACE_INBD.BANKRUPTCY_CASE_BA
INTERFACE_INBD,BA_BT_MED_SUPPRESS,INTERFACE_INBD.BA_BT_MED_SUPPRESS
INTERFACE_INBD,BL_ACCOUNT_CC_INFO,INTERFACE_INBD.BL_ACCOUNT_CC_INFO
INTERFACE_INBD,BL_ACCT,INTERFACE_INBD.BL_ACCT
INTERFACE_INBD,BL_ACCT_ACH_CC_INFO,INTERFACE_INBD.BL_ACCT_ACH_CC_INFO
INTERFACE_INBD,BL_ACCT_ADDL_INFO,INTERFACE_INBD.BL_ACCT_ADDL_INFO
INTERFACE_INBD,BL_ACCT_PROMO,INTERFACE_INBD.BL_ACCT_PROMO
INTERFACE_INBD,BL_ACCT_SPLAN_INACTIVE,INTERFACE_INBD.BL_ACCT_SPLAN_INACTIVE
INTERFACE_INBD,BL_ACCT_SUPRS_STAT,INTERFACE_INBD.BL_ACCT_SUPRS_STAT
INTERFACE_INBD,BL_MSG,INTERFACE_INBD.BL_MSG
INTERFACE_INBD,CMAF_ADMIN_FEE_ALL,INTERFACE_INBD.CMAF_ADMIN_FEE_ALL
INTERFACE_INBD,CONTACTS,INTERFACE_INBD.CONTACTS
INTERFACE_INBD,CONTACT_REPOS,INTERFACE_INBD.CONTACT_REPOS
INTERFACE_INBD,CUSTOMER_HISTORY,INTERFACE_INBD.CUSTOMER_HISTORY
INTERFACE_INBD,CUST_ACCT_MTN_ADDL_INFO,INTERFACE_INBD.CUST_ACCT_MTN_ADDL_INFO
INTERFACE_INBD,CUST_CONTRACT,INTERFACE_INBD.CUST_CONTRACT
INTERFACE_INBD,CUST_DEVICE_EQP_ELIG,INTERFACE_INBD.CUST_DEVICE_EQP_ELIG
INTERFACE_INBD,CUST_ECPD_PROF_REVAL,INTERFACE_INBD.CUST_ECPD_PROF_REVAL
INTERFACE_INBD,CUST_LINE_OF_SVC,INTERFACE_INBD.CUST_LINE_OF_SVC
INTERFACE_INBD,CUST_LINE_PPLAN,INTERFACE_INBD.CUST_LINE_PPLAN
INTERFACE_INBD,CUST_MTN,INTERFACE_INBD.CUST_MTN
INTERFACE_INBD,CUST_MTN_TX_GEO_CD,INTERFACE_INBD.CUST_MTN_TX_GEO_CD
INTERFACE_INBD,DMD_DEVICE_ID_INFO,INTERFACE_INBD.DMD_DEVICE_ID_INFO
INTERFACE_INBD,ECPD_PROF_ENGAGEMENT,INTERFACE_INBD.ECPD_PROF_ENGAGEMENT
INTERFACE_INBD,ENTERPRISE_CUSTOMER,INTERFACE_INBD.ENTERPRISE_CUSTOMER
INTERFACE_INBD,EQUIP_ORDER,INTERFACE_INBD.EQUIP_ORDER
INTERFACE_INBD,LN_ADDL_DVC_INFO,INTERFACE_INBD.LN_ADDL_DVC_INFO
INTERFACE_INBD,LN_INSTRUMENT_BRAND_XREF,INTERFACE_INBD.LN_INSTRUMENT_BRAND_XREF
INTERFACE_INBD,LN_OF_SVC_CUST,INTERFACE_INBD.LN_OF_SVC_CUST
INTERFACE_INBD,LN_OF_SVC_PAIR_STAT,INTERFACE_INBD.LN_OF_SVC_PAIR_STAT
INTERFACE_INBD,LN_OF_SVC_PAIR_STAT_BK_MAR,INTERFACE_INBD.LN_OF_SVC_PAIR_STAT_BK_MAR
INTERFACE_INBD,LN_SVC_PROD_ATTR_ALL,INTERFACE_INBD.LN_SVC_PROD_ATTR_ALL
INTERFACE_INBD,NON_REFERENCE_XREF,INTERFACE_INBD.NON_REFERENCE_XREF
INTERFACE_INBD,ORD_LN_ITEM_ORD_NO,INTERFACE_INBD.ORD_LN_ITEM_ORD_NO
INTERFACE_INBD,RECUR_MTN_ADMIN_FEE,INTERFACE_INBD.RECUR_MTN_ADMIN_FEE
INTERFACE_INBD,REFERENCE_XREF,INTERFACE_INBD.REFERENCE_XREF
INTERFACE_INBD,SED_OFFER_LOAN_ALL,INTERFACE_INBD.SED_OFFER_LOAN_ALL
INTERFACE_INBD,SINGLE_BL_STAT,INTERFACE_INBD.SINGLE_BL_STAT
INT_UBSR_FLOW,INT_PROCESSING_LIST,INT_UBSR_FLOW.INT_PROCESSING_LIST
INT_UBSR_FLOW,INT_PROCESSING_LIST_BK2710,INT_UBSR_FLOW.INT_PROCESSING_LIST_BK2710
INT_UBSR_FLOW,INT_PROCESSING_LIST_MTN,INT_UBSR_FLOW.INT_PROCESSING_LIST_MTN
IQBAMO8,SYS_EXPORT_SCHEMA_01,IQBAMO8.SYS_EXPORT_SCHEMA_01
IQBAMO8,SYS_EXPORT_SCHEMA_02,IQBAMO8.SYS_EXPORT_SCHEMA_02
JITR_AUTO,PIERRE_TEMP_B2BSYNC,JITR_AUTO.PIERRE_TEMP_B2BSYNC
JITR_AUTO,PIERRE_TEMP_VISION,JITR_AUTO.PIERRE_TEMP_VISION
JITR_TOOL,ODRTEMP,JITR_TOOL.ODRTEMP
KRANTHI,TEST,KRANTHI.TEST
MZADMIN,ALR_VIS_CLASS_OF_SVC_CODE,MZADMIN.ALR_VIS_CLASS_OF_SVC_CODE
MZADMIN,ALR_VIS_DATA_RT_GRP_INFO,MZADMIN.ALR_VIS_DATA_RT_GRP_INFO
MZADMIN,ALR_VIS_ITU_CARRIER,MZADMIN.ALR_VIS_ITU_CARRIER
MZADMIN,ALR_VIS_NWK_PLAT_NOTIF_TYPE,MZADMIN.ALR_VIS_NWK_PLAT_NOTIF_TYPE
MZADMIN,ALR_VIS_NWK_PLAT_USG_TYPE,MZADMIN.ALR_VIS_NWK_PLAT_USG_TYPE
MZADMIN,ALR_VIS_PCKGE_FEATURE,MZADMIN.ALR_VIS_PCKGE_FEATURE
MZADMIN,ALR_VIS_SF_OFFR,MZADMIN.ALR_VIS_SF_OFFR
MZADMIN,ALR_VIS_XLT_RATING_TRANS_MAP,MZADMIN.ALR_VIS_XLT_RATING_TRANS_MAP
MZADMIN,B2B_ERROR_CODES,MZADMIN.B2B_ERROR_CODES
MZADMIN,CM_ACCOUNT_ST3B2B_DECC23,MZADMIN.CM_ACCOUNT_ST3B2B_DECC23
MZADMIN,CM_ACCOUNT_ST3B2B_DECC23_FINAL,MZADMIN.CM_ACCOUNT_ST3B2B_DECC23_FINAL
MZADMIN,CM_ACCOUNT_ST3B2B_DECC23_TEMP,MZADMIN.CM_ACCOUNT_ST3B2B_DECC23_TEMP
MZADMIN,CM_M2M_B2B_D0321,MZADMIN.CM_M2M_B2B_D0321
MZADMIN,CY0111,MZADMIN.CY0111
MZADMIN,GTT_FAMILY_BASE,MZADMIN.GTT_FAMILY_BASE
MZADMIN,GTT_VOICE_JITR_LOOKUP,MZADMIN.GTT_VOICE_JITR_LOOKUP
MZADMIN,GTT_VOICE_JITR_LOOKUP_BK,MZADMIN.GTT_VOICE_JITR_LOOKUP_BK
MZADMIN,INPUT_RECON_SUB_CUST_CUST,MZADMIN.INPUT_RECON_SUB_CUST_CUST
MZADMIN,JIS_SERVICES_AUTHORITIES,MZADMIN.JIS_SERVICES_AUTHORITIES
MZADMIN,JIS_SERVICES_USERS,MZADMIN.JIS_SERVICES_USERS
MZADMIN,MLOG$_UB_FAMILY_BASE_MDN,MZADMIN.MLOG$_UB_FAMILY_BASE_MDN
MZADMIN,MV_UB_FAMILY_BASE_MDN,MZADMIN.MV_UB_FAMILY_BASE_MDN
MZADMIN,PIERRE_TEMP,MZADMIN.PIERRE_TEMP
MZADMIN,RCN_SKIP_RERATES_V5,MZADMIN.RCN_SKIP_RERATES_V5
MZADMIN,RCN_SKIP_RERATES_V6,MZADMIN.RCN_SKIP_RERATES_V6
MZADMIN,RCN_SKIP_RERATES_VT,MZADMIN.RCN_SKIP_RERATES_VT
MZADMIN,REF_ADJ_ERROR_CODES,MZADMIN.REF_ADJ_ERROR_CODES
MZADMIN,REF_APN_FILTERING,MZADMIN.REF_APN_FILTERING
MZADMIN,REF_APN_NONBILLING_FILTERING,MZADMIN.REF_APN_NONBILLING_FILTERING
MZADMIN,REF_BAU_LKUP_CONTROL,MZADMIN.REF_BAU_LKUP_CONTROL
MZADMIN,REF_CDR411_CORRELATION,MZADMIN.REF_CDR411_CORRELATION
MZADMIN,REF_CIF_CONTROL,MZADMIN.REF_CIF_CONTROL
MZADMIN,REF_CIF_CONTROL_OLD,MZADMIN.REF_CIF_CONTROL_OLD
MZADMIN,REF_CLASS_OF_SVC_CODE,MZADMIN.REF_CLASS_OF_SVC_CODE
MZADMIN,REF_CODE,MZADMIN.REF_CODE
MZADMIN,REF_CONFIG,MZADMIN.REF_CONFIG
MZADMIN,REF_CONFIG_PARAMETERS,MZADMIN.REF_CONFIG_PARAMETERS
MZADMIN,REF_DATA_EXCLUSION,MZADMIN.REF_DATA_EXCLUSION
MZADMIN,REF_DATA_THRESHOLD,MZADMIN.REF_DATA_THRESHOLD
MZADMIN,REF_DNUP_RBM_SPLIT_CONFIG,MZADMIN.REF_DNUP_RBM_SPLIT_CONFIG
MZADMIN,REF_ECP_ROUTING,MZADMIN.REF_ECP_ROUTING
MZADMIN,REF_ERROR_CODES,MZADMIN.REF_ERROR_CODES
MZADMIN,REF_ERROR_CODES_XREF,MZADMIN.REF_ERROR_CODES_XREF
MZADMIN,REF_FAMILY_BASE_TRANS,MZADMIN.REF_FAMILY_BASE_TRANS
MZADMIN,REF_FAMILY_BASE_TRANS_HIST,MZADMIN.REF_FAMILY_BASE_TRANS_HIST
MZADMIN,REF_FREE_CALL,MZADMIN.REF_FREE_CALL
MZADMIN,REF_GRID_PLAB_CUST,MZADMIN.REF_GRID_PLAB_CUST
MZADMIN,REF_HUP_THRESHOLD,MZADMIN.REF_HUP_THRESHOLD
MZADMIN,REF_IDN_TEST_MDN,MZADMIN.REF_IDN_TEST_MDN
MZADMIN,REF_LDR_EVENTS,MZADMIN.REF_LDR_EVENTS
MZADMIN,REF_LEGACY_NODUN_FEATURE,MZADMIN.REF_LEGACY_NODUN_FEATURE
MZADMIN,REF_LERG,MZADMIN.REF_LERG
MZADMIN,REF_LERG_NON_US,MZADMIN.REF_LERG_NON_US
MZADMIN,REF_LERG_US,MZADMIN.REF_LERG_US
MZADMIN,REF_LERG_US_STATES,MZADMIN.REF_LERG_US_STATES
MZADMIN,REF_MARS_NETWORK_ELEMENT,MZADMIN.REF_MARS_NETWORK_ELEMENT
MZADMIN,REF_MARS_TAP_ROAM_PARTNERS,MZADMIN.REF_MARS_TAP_ROAM_PARTNERS
MZADMIN,REF_MDNS_12345,MZADMIN.REF_MDNS_12345
MZADMIN,REF_MQ_FORWARDING_WORKFLOW,MZADMIN.REF_MQ_FORWARDING_WORKFLOW
MZADMIN,REF_MQ_MANAGER,MZADMIN.REF_MQ_MANAGER
MZADMIN,REF_MQ_QUEUE,MZADMIN.REF_MQ_QUEUE
MZADMIN,REF_MQ_QUEUE_GROUP,MZADMIN.REF_MQ_QUEUE_GROUP
MZADMIN,REF_NONACT_RSN_SUSP,MZADMIN.REF_NONACT_RSN_SUSP
MZADMIN,REF_RATE_CAMPAIGN_INFO_XREF,MZADMIN.REF_RATE_CAMPAIGN_INFO_XREF
MZADMIN,REF_RA_HPC_PRODUCT,MZADMIN.REF_RA_HPC_PRODUCT
MZADMIN,REF_RA_TEST_MDN_LS,MZADMIN.REF_RA_TEST_MDN_LS
MZADMIN,REF_RCN_BL_CYCLE_CONFIG,MZADMIN.REF_RCN_BL_CYCLE_CONFIG
MZADMIN,REF_RCN_BL_CYCLE_CONFIG_HIST,MZADMIN.REF_RCN_BL_CYCLE_CONFIG_HIST
MZADMIN,REF_RCN_BL_CYCLE_CONFIG_MAP,MZADMIN.REF_RCN_BL_CYCLE_CONFIG_MAP
MZADMIN,REF_RECON_ONDEMAND,MZADMIN.REF_RECON_ONDEMAND
MZADMIN,REF_RG_FILTERING,MZADMIN.REF_RG_FILTERING
MZADMIN,REF_RG_FILTERING_BK,MZADMIN.REF_RG_FILTERING_BK
MZADMIN,REF_RG_NONBILLING_FILTERING,MZADMIN.REF_RG_NONBILLING_FILTERING
MZADMIN,REF_RG_PLAB_CONV,MZADMIN.REF_RG_PLAB_CONV
MZADMIN,REF_RSS_OPC_NE,MZADMIN.REF_RSS_OPC_NE
MZADMIN,REF_RULES,MZADMIN.REF_RULES
MZADMIN,REF_RULES_INVALIDDEVICE,MZADMIN.REF_RULES_INVALIDDEVICE
MZADMIN,REF_SCM_TYPES,MZADMIN.REF_SCM_TYPES
MZADMIN,REF_SPONSOR_CAMPAIGNS,MZADMIN.REF_SPONSOR_CAMPAIGNS
MZADMIN,REF_SUPP_SERVICE,MZADMIN.REF_SUPP_SERVICE
MZADMIN,REF_SU_CAMPAIGN,MZADMIN.REF_SU_CAMPAIGN
MZADMIN,REF_TMZN_OFFSET,MZADMIN.REF_TMZN_OFFSET
MZADMIN,REF_VCRS_VZW_LINERANGES_SID_Q,MZADMIN.REF_VCRS_VZW_LINERANGES_SID_Q
MZADMIN,REF_VISION_INSTANCE_LKUP,MZADMIN.REF_VISION_INSTANCE_LKUP
MZADMIN,REF_VIS_CLASS_OF_SVC_CODE_BP,MZADMIN.REF_VIS_CLASS_OF_SVC_CODE_BP
MZADMIN,REF_VIS_IP_TECHNOLOGY,MZADMIN.REF_VIS_IP_TECHNOLOGY
MZADMIN,REF_VIS_NWK_PLAT_NOTIF_TYPE_BP,MZADMIN.REF_VIS_NWK_PLAT_NOTIF_TYPE_BP
MZADMIN,REF_VIS_NWK_PLAT_USG_TYPE_BP,MZADMIN.REF_VIS_NWK_PLAT_USG_TYPE_BP
MZADMIN,REF_WF_INSTANCE_CONFIG_PARAMS,MZADMIN.REF_WF_INSTANCE_CONFIG_PARAMS
MZADMIN,RUPD$_UB_FAMILY_BASE_MDN,MZADMIN.RUPD$_UB_FAMILY_BASE_MDN
MZADMIN,STG_IMR112_CUSTOMER,MZADMIN.STG_IMR112_CUSTOMER
MZADMIN,T_MTN_1052_TDR_20160321_175720,MZADMIN.T_MTN_1052_TDR_20160321_175720
MZADMIN,T_MTN_1053_TDR_20160321_180706,MZADMIN.T_MTN_1053_TDR_20160321_180706
MZADMIN,UB_COLLECTED_FILES,MZADMIN.UB_COLLECTED_FILES
MZADMIN,UB_CONFIG_CR81,MZADMIN.UB_CONFIG_CR81
MZADMIN,UB_CONFIG_DELETE,MZADMIN.UB_CONFIG_DELETE
MZADMIN,UB_CONFIG_PARAMETERS_CR81,MZADMIN.UB_CONFIG_PARAMETERS_CR81
MZADMIN,UB_CONFIG_PARAMETERS_DELETE,MZADMIN.UB_CONFIG_PARAMETERS_DELETE
MZADMIN,UB_FAMILY_BASE_MDN,MZADMIN.UB_FAMILY_BASE_MDN
MZADMIN,UB_FILE_SEQUENCES,MZADMIN.UB_FILE_SEQUENCES
MZADMIN,UB_MQ_SEQUENCES,MZADMIN.UB_MQ_SEQUENCES
MZADMIN,UB_MQ_TXN_STATE,MZADMIN.UB_MQ_TXN_STATE
MZADMIN,UB_PROJECT_TRACK,MZADMIN.UB_PROJECT_TRACK
MZADMIN,UB_WORKFLOW_LAST_RUN_TIME,MZADMIN.UB_WORKFLOW_LAST_RUN_TIME
MZADMIN,XLT_UBSR_RBM,MZADMIN.XLT_UBSR_RBM
MZADMIN,XXX_ERROR_CODES,MZADMIN.XXX_ERROR_CODES
MZADMIN,XXX_NONACT_RSN_SUSP,MZADMIN.XXX_NONACT_RSN_SUSP
MZADMIN,XXX_PRODUCTS,MZADMIN.XXX_PRODUCTS
MZADMIN,XXX_REF_IDN_TEST_MDN,MZADMIN.XXX_REF_IDN_TEST_MDN
MZADMIN,XZZ_VIS_RATING_PROD_HIER,MZADMIN.XZZ_VIS_RATING_PROD_HIER
MZADMIN,XZZ_VIS_XLT_RATING_TRANS_MAP,MZADMIN.XZZ_VIS_XLT_RATING_TRANS_MAP
MZADMIN,X_REF_RCN_BL_CYCLE_CONFIG_HIST,MZADMIN.X_REF_RCN_BL_CYCLE_CONFIG_HIST
MZADMIN,X_REF_VIS_PRC_CAT_CLASS_MAP,MZADMIN.X_REF_VIS_PRC_CAT_CLASS_MAP
MZADMIN,X_REF_VIS_SVC_PROD_CAT,MZADMIN.X_REF_VIS_SVC_PROD_CAT
MZAUD,ADJUSTMENT_AUDITING,MZAUD.ADJUSTMENT_AUDITING
MZAUD,ADJ_DRIVER_TRIGGER_AUDIT,MZAUD.ADJ_DRIVER_TRIGGER_AUDIT
MZAUD,AUDIT_VC_PROC_STATS_BKP,MZAUD.AUDIT_VC_PROC_STATS_BKP
MZAUD,AUDIT_VC_PROC_STATS_NEW,MZAUD.AUDIT_VC_PROC_STATS_NEW
MZAUD,AUDIT_VC_PROC_STATS_OLD,MZAUD.AUDIT_VC_PROC_STATS_OLD
MZAUD,BPS_CUTOVER_BY_FUNCTION,MZAUD.BPS_CUTOVER_BY_FUNCTION
MZAUD,BPS_TRANSACTIONS,MZAUD.BPS_TRANSACTIONS
MZAUD,BPS_TRANSACTIONS_DETAILS,MZAUD.BPS_TRANSACTIONS_DETAILS
MZAUD,CBR_AUDIT_DSS,MZAUD.CBR_AUDIT_DSS
MZAUD,CBR_AUDIT_DTL,MZAUD.CBR_AUDIT_DTL
MZAUD,CBR_AUDIT_ERROR,MZAUD.CBR_AUDIT_ERROR
MZAUD,CBR_AUDIT_MAIN,MZAUD.CBR_AUDIT_MAIN
MZAUD,DATABASECHANGELOG,MZAUD.DATABASECHANGELOG
MZAUD,DATABASECHANGELOGLOCK,MZAUD.DATABASECHANGELOGLOCK
MZAUD,EOC_MDN_REJECTION_STATUS,MZAUD.EOC_MDN_REJECTION_STATUS
MZAUD,EOC_MDN_REJECTION_STATUS_NEW,MZAUD.EOC_MDN_REJECTION_STATUS_NEW
MZAUD,EOC_MDN_REJECTION_STATUS_OLD,MZAUD.EOC_MDN_REJECTION_STATUS_OLD
MZAUD,EOC_STATUS,MZAUD.EOC_STATUS
MZAUD,ERROR_HANDLER_LOG,MZAUD.ERROR_HANDLER_LOG
MZAUD,GTT_INBOUND_REPORT,MZAUD.GTT_INBOUND_REPORT
MZAUD,GTT_OUTBOUND_REPORT,MZAUD.GTT_OUTBOUND_REPORT
MZAUD,GTT_RECYCLE_REPORT,MZAUD.GTT_RECYCLE_REPORT
MZAUD,HATA_REPORTS_CUSTID_USG_COUNT,MZAUD.HATA_REPORTS_CUSTID_USG_COUNT
MZAUD,HUP_PROCESS_CONTROL,MZAUD.HUP_PROCESS_CONTROL
MZAUD,HUP_THRESHOLD_DTL,MZAUD.HUP_THRESHOLD_DTL
MZAUD,HUP_THRESHOLD_SHRGRP_DTL,MZAUD.HUP_THRESHOLD_SHRGRP_DTL
MZAUD,HUP_THRESH_CUR_OVERRIDE,MZAUD.HUP_THRESH_CUR_OVERRIDE
MZAUD,HUP_THRESH_PERM_OVERRIDE,MZAUD.HUP_THRESH_PERM_OVERRIDE
MZAUD,JITR_ARCHIVE_AUDIT,MZAUD.JITR_ARCHIVE_AUDIT
MZAUD,JITR_ARCHIVE_PROFILE,MZAUD.JITR_ARCHIVE_PROFILE
MZAUD,JITR_AUDIT_B2B,MZAUD.JITR_AUDIT_B2B
MZAUD,JITR_AUDIT_B2B_REPORT,MZAUD.JITR_AUDIT_B2B_REPORT
MZAUD,JITR_AUDIT_CTL_RCN,MZAUD.JITR_AUDIT_CTL_RCN
MZAUD,JITR_AUDIT_DATA_CONTROL,MZAUD.JITR_AUDIT_DATA_CONTROL
MZAUD,JITR_AUDIT_DATA_ERRORS,MZAUD.JITR_AUDIT_DATA_ERRORS
MZAUD,JITR_AUDIT_DATA_INBOUND,MZAUD.JITR_AUDIT_DATA_INBOUND
MZAUD,JITR_AUDIT_DATA_OUTBOUND,MZAUD.JITR_AUDIT_DATA_OUTBOUND
MZAUD,JITR_AUDIT_DET_RECON,MZAUD.JITR_AUDIT_DET_RECON
MZAUD,JITR_AUDIT_DSS,MZAUD.JITR_AUDIT_DSS
MZAUD,JITR_AUDIT_DTL_RCN,MZAUD.JITR_AUDIT_DTL_RCN
MZAUD,JITR_AUDIT_EOC_DSS,MZAUD.JITR_AUDIT_EOC_DSS
MZAUD,JITR_AUDIT_EOC_DSS_VCE,MZAUD.JITR_AUDIT_EOC_DSS_VCE
MZAUD,JITR_AUDIT_EOC_MAIN,MZAUD.JITR_AUDIT_EOC_MAIN
MZAUD,JITR_AUDIT_EOC_MAIN_VCE,MZAUD.JITR_AUDIT_EOC_MAIN_VCE
MZAUD,JITR_AUDIT_EOC_UDR_STATS,MZAUD.JITR_AUDIT_EOC_UDR_STATS
MZAUD,JITR_AUDIT_EOC_UDR_STATS_VCE,MZAUD.JITR_AUDIT_EOC_UDR_STATS_VCE
MZAUD,JITR_AUDIT_EOC_UNWIND_MAIN,MZAUD.JITR_AUDIT_EOC_UNWIND_MAIN
MZAUD,JITR_AUDIT_EOC_UNWIND_STAT,MZAUD.JITR_AUDIT_EOC_UNWIND_STAT
MZAUD,JITR_AUDIT_EOC_UN_MAIN_VCE,MZAUD.JITR_AUDIT_EOC_UN_MAIN_VCE
MZAUD,JITR_AUDIT_EOC_UN_STAT_VCE,MZAUD.JITR_AUDIT_EOC_UN_STAT_VCE
MZAUD,JITR_AUDIT_FILEBASE_REPORT,MZAUD.JITR_AUDIT_FILEBASE_REPORT
MZAUD,JITR_AUDIT_ILB,MZAUD.JITR_AUDIT_ILB
MZAUD,JITR_AUDIT_ILB_UPD_HIST,MZAUD.JITR_AUDIT_ILB_UPD_HIST
MZAUD,JITR_AUDIT_LDR,MZAUD.JITR_AUDIT_LDR
MZAUD,JITR_AUDIT_LOADER,MZAUD.JITR_AUDIT_LOADER
MZAUD,JITR_AUDIT_MAIN,MZAUD.JITR_AUDIT_MAIN
MZAUD,JITR_AUDIT_MSG_CONTROL,MZAUD.JITR_AUDIT_MSG_CONTROL
MZAUD,JITR_AUDIT_MSG_ERROR,MZAUD.JITR_AUDIT_MSG_ERROR
MZAUD,JITR_AUDIT_MSG_ERROR_BKP,MZAUD.JITR_AUDIT_MSG_ERROR_BKP
MZAUD,JITR_AUDIT_MSG_FILES,MZAUD.JITR_AUDIT_MSG_FILES
MZAUD,JITR_AUDIT_MSG_FILE_SEQUENCES,MZAUD.JITR_AUDIT_MSG_FILE_SEQUENCES
MZAUD,JITR_AUDIT_MSG_INBOUND,MZAUD.JITR_AUDIT_MSG_INBOUND
MZAUD,JITR_AUDIT_MSG_INBOUND_BKP,MZAUD.JITR_AUDIT_MSG_INBOUND_BKP
MZAUD,JITR_AUDIT_MSG_OUTBOUND,MZAUD.JITR_AUDIT_MSG_OUTBOUND
MZAUD,JITR_AUDIT_MSG_OUTBOUND_BKP,MZAUD.JITR_AUDIT_MSG_OUTBOUND_BKP
MZAUD,JITR_AUDIT_OC_ERRORS,MZAUD.JITR_AUDIT_OC_ERRORS
MZAUD,JITR_AUDIT_OC_INBOUND,MZAUD.JITR_AUDIT_OC_INBOUND
MZAUD,JITR_AUDIT_OC_OUTBOUND,MZAUD.JITR_AUDIT_OC_OUTBOUND
MZAUD,JITR_AUDIT_ODR,MZAUD.JITR_AUDIT_ODR
MZAUD,JITR_AUDIT_PUP_CONTROL,MZAUD.JITR_AUDIT_PUP_CONTROL
MZAUD,JITR_AUDIT_PUP_DSS_DATA,MZAUD.JITR_AUDIT_PUP_DSS_DATA
MZAUD,JITR_AUDIT_PUP_DSS_MSG,MZAUD.JITR_AUDIT_PUP_DSS_MSG
MZAUD,JITR_AUDIT_PUP_DSS_VCE,MZAUD.JITR_AUDIT_PUP_DSS_VCE
MZAUD,JITR_AUDIT_PUP_ERROR_DATA,MZAUD.JITR_AUDIT_PUP_ERROR_DATA
MZAUD,JITR_AUDIT_PUP_ERROR_MSG,MZAUD.JITR_AUDIT_PUP_ERROR_MSG
MZAUD,JITR_AUDIT_PUP_ERROR_VCE,MZAUD.JITR_AUDIT_PUP_ERROR_VCE
MZAUD,JITR_AUDIT_PUP_MAIN_DATA,MZAUD.JITR_AUDIT_PUP_MAIN_DATA
MZAUD,JITR_AUDIT_PUP_MAIN_MSG,MZAUD.JITR_AUDIT_PUP_MAIN_MSG
MZAUD,JITR_AUDIT_PUP_MAIN_VCE,MZAUD.JITR_AUDIT_PUP_MAIN_VCE
MZAUD,JITR_AUDIT_RCN_OCCUR,MZAUD.JITR_AUDIT_RCN_OCCUR
MZAUD,JITR_AUDIT_RECON,MZAUD.JITR_AUDIT_RECON
MZAUD,JITR_AUDIT_RERATE,MZAUD.JITR_AUDIT_RERATE
MZAUD,JITR_AUDIT_REVO_REPORT,MZAUD.JITR_AUDIT_REVO_REPORT
MZAUD,JITR_AUDIT_RIW_SDT,MZAUD.JITR_AUDIT_RIW_SDT
MZAUD,JITR_AUDIT_SDR,MZAUD.JITR_AUDIT_SDR
MZAUD,JITR_AUDIT_SDR_SU,MZAUD.JITR_AUDIT_SDR_SU
MZAUD,JITR_AUDIT_UDR_STATS,MZAUD.JITR_AUDIT_UDR_STATS
MZAUD,JITR_AUDIT_UNSUPPORTED_PRC,MZAUD.JITR_AUDIT_UNSUPPORTED_PRC
MZAUD,JITR_AUDIT_VCE_CONTROL,MZAUD.JITR_AUDIT_VCE_CONTROL
MZAUD,JITR_AUDIT_VCE_ILD_STATS,MZAUD.JITR_AUDIT_VCE_ILD_STATS
MZAUD,JITR_AUDIT_VCE_PREPAY_ERRORS,MZAUD.JITR_AUDIT_VCE_PREPAY_ERRORS
MZAUD,JITR_AUDIT_VCE_WHLSL_MERGE,MZAUD.JITR_AUDIT_VCE_WHLSL_MERGE
MZAUD,JITR_AUDIT_VCE_WHLSL_PREPAY,MZAUD.JITR_AUDIT_VCE_WHLSL_PREPAY
MZAUD,JITR_AUDIT_VOICE_ERRORS,MZAUD.JITR_AUDIT_VOICE_ERRORS
MZAUD,JITR_AUDIT_VOICE_INBOUND,MZAUD.JITR_AUDIT_VOICE_INBOUND
MZAUD,JITR_AUDIT_VOICE_OUTBOUND,MZAUD.JITR_AUDIT_VOICE_OUTBOUND
MZAUD,JITR_DATA_REED_REJ_ERR_REPORT,MZAUD.JITR_DATA_REED_REJ_ERR_REPORT
MZAUD,JITR_DATA_REED_REJ_INBOUND,MZAUD.JITR_DATA_REED_REJ_INBOUND
MZAUD,JITR_DATA_REED_SUMMARY,MZAUD.JITR_DATA_REED_SUMMARY
MZAUD,JITR_FILE_TRANSFER_AUDIT,MZAUD.JITR_FILE_TRANSFER_AUDIT
MZAUD,JITR_FILE_TRANSFER_PROFILE,MZAUD.JITR_FILE_TRANSFER_PROFILE
MZAUD,JITR_LDR_ERRORS,MZAUD.JITR_LDR_ERRORS
MZAUD,JITR_LDR_SUCCESS,MZAUD.JITR_LDR_SUCCESS
MZAUD,JITR_MSG_AUDIT,MZAUD.JITR_MSG_AUDIT
MZAUD,JITR_VOICE_REED_ERROR_REPORT,MZAUD.JITR_VOICE_REED_ERROR_REPORT
MZAUD,JITR_VOICE_REED_INBOUND,MZAUD.JITR_VOICE_REED_INBOUND
MZAUD,JITR_VOICE_REED_SUMMARY,MZAUD.JITR_VOICE_REED_SUMMARY
MZAUD,JTR_AUD_VCE_GCE_INBOUND,MZAUD.JTR_AUD_VCE_GCE_INBOUND
MZAUD,JTR_AUD_VCE_GCE_OUTBOUND,MZAUD.JTR_AUD_VCE_GCE_OUTBOUND
MZAUD,JTR_AUD_VCE_SYN_INBOUND,MZAUD.JTR_AUD_VCE_SYN_INBOUND
MZAUD,PTT_USAGE_BY_MONTH,MZAUD.PTT_USAGE_BY_MONTH
MZAUD,REF_EOC_CYCLE_DATE,MZAUD.REF_EOC_CYCLE_DATE
MZAUD,REF_HUP_THRESHOLD,MZAUD.REF_HUP_THRESHOLD
MZAUD,REPORT_ACTIVITY_LOG,MZAUD.REPORT_ACTIVITY_LOG
MZAUD,STAT_EOC_ACCOUNT_FILES,MZAUD.STAT_EOC_ACCOUNT_FILES
MZAUD,UB_APP_LAST_RUN,MZAUD.UB_APP_LAST_RUN
MZAUD,UB_AUDIT_BCE_DSS,MZAUD.UB_AUDIT_BCE_DSS
MZAUD,UB_AUDIT_BCE_ERROR,MZAUD.UB_AUDIT_BCE_ERROR
MZAUD,UB_AUDIT_BCE_MAIN,MZAUD.UB_AUDIT_BCE_MAIN
MZAUD,UB_AUDIT_BCE_SUMMARY,MZAUD.UB_AUDIT_BCE_SUMMARY
MZAUD,UB_AUDIT_DSS,MZAUD.UB_AUDIT_DSS
MZAUD,UB_AUDIT_DSS_AGG,MZAUD.UB_AUDIT_DSS_AGG
MZAUD,UB_AUDIT_DSS_BATCH,MZAUD.UB_AUDIT_DSS_BATCH
MZAUD,UB_AUDIT_DSS_XX,MZAUD.UB_AUDIT_DSS_XX
MZAUD,UB_AUDIT_FAMBASE_DUPCHK,MZAUD.UB_AUDIT_FAMBASE_DUPCHK
MZAUD,UB_AUDIT_MAIN,MZAUD.UB_AUDIT_MAIN
MZAUD,UB_AUDIT_MAIN_XX,MZAUD.UB_AUDIT_MAIN_XX
MZAUD,UB_AUDIT_REVO_REPORT,MZAUD.UB_AUDIT_REVO_REPORT
MZAUD,UB_AUDIT_TAP,MZAUD.UB_AUDIT_TAP
MZAUD,UB_AUDIT_TDR_RECTYPE_RPT,MZAUD.UB_AUDIT_TDR_RECTYPE_RPT
MZAUD,UB_AUDIT_UDR_STATS,MZAUD.UB_AUDIT_UDR_STATS
MZAUD,UB_AUDIT_UDR_STATS_REPR,MZAUD.UB_AUDIT_UDR_STATS_REPR
MZAUD,UB_AUDIT_UDR_STATS_XX,MZAUD.UB_AUDIT_UDR_STATS_XX
MZAUD,UB_BCE_REED_SUMMARY,MZAUD.UB_BCE_REED_SUMMARY
MZAUD,UB_DUP_CHECK_DATA,MZAUD.UB_DUP_CHECK_DATA
MZAUD,UB_DUP_CHECK_MISC,MZAUD.UB_DUP_CHECK_MISC
MZAUD,UB_DUP_CHECK_MSG,MZAUD.UB_DUP_CHECK_MSG
MZAUD,UB_DUP_CHECK_VOICE,MZAUD.UB_DUP_CHECK_VOICE
MZAUD,UB_JITR_PROJECT_TRACKER,MZAUD.UB_JITR_PROJECT_TRACKER
MZAUD,UB_MQ_DISTRIBUTION,MZAUD.UB_MQ_DISTRIBUTION
MZAUD,UB_REVO_REPORT_LOG,MZAUD.UB_REVO_REPORT_LOG
MZAUD,UB_TAPOUT_INBOUND_AUDIT,MZAUD.UB_TAPOUT_INBOUND_AUDIT
MZAUD,UB_TAPOUT_OUTBOUND_AUDIT,MZAUD.UB_TAPOUT_OUTBOUND_AUDIT
MZAUD,UB_TAP_VISION,MZAUD.UB_TAP_VISION
MZAUD,UB_TAP_VISION_OLD,MZAUD.UB_TAP_VISION_OLD
MZAUD,UB_USG_IPTS_OUTBOUND,MZAUD.UB_USG_IPTS_OUTBOUND
MZAUD,XXX_HUP_THRESHOLD_DTL,MZAUD.XXX_HUP_THRESHOLD_DTL
MZAUD,XXX_JITR_AUDIT_EOC_DSS,MZAUD.XXX_JITR_AUDIT_EOC_DSS
MZAUD,XXX_JITR_AUDIT_EOC_MAIN,MZAUD.XXX_JITR_AUDIT_EOC_MAIN
MZAUD,XXX_JITR_AUDIT_EOC_UDR_STATS,MZAUD.XXX_JITR_AUDIT_EOC_UDR_STATS
MZAUD,XXX_JITR_AUDIT_LOADER_TXN,MZAUD.XXX_JITR_AUDIT_LOADER_TXN
MZOWNER,ACCESS_GROUP,MZOWNER.ACCESS_GROUP
MZOWNER,ALARM,MZOWNER.ALARM
MZOWNER,APPLICATION_DATA,MZOWNER.APPLICATION_DATA
MZOWNER,ARCHIVE_ENTRIES,MZOWNER.ARCHIVE_ENTRIES
MZOWNER,ARCHIVE_MIMS,MZOWNER.ARCHIVE_MIMS
MZOWNER,CONFIGURATION_DATA,MZOWNER.CONFIGURATION_DATA
MZOWNER,CONFIGURATION_FOLDER,MZOWNER.CONFIGURATION_FOLDER
MZOWNER,CONFIGURATION_HISTORY,MZOWNER.CONFIGURATION_HISTORY
MZOWNER,CS_BUNDLE,MZOWNER.CS_BUNDLE
MZOWNER,CS_BUNDLE_ARCHIVE,MZOWNER.CS_BUNDLE_ARCHIVE
MZOWNER,CS_BUNDLE_CLASS,MZOWNER.CS_BUNDLE_CLASS
MZOWNER,CS_BUNDLE_INHERITANCE,MZOWNER.CS_BUNDLE_INHERITANCE
MZOWNER,CS_BUNDLE_RESOURCE,MZOWNER.CS_BUNDLE_RESOURCE
MZOWNER,CS_PACKAGE,MZOWNER.CS_PACKAGE
MZOWNER,DBAGENT_PENDING_TXN,MZOWNER.DBAGENT_PENDING_TXN
MZOWNER,DEFAULT_DUPBATCH,MZOWNER.DEFAULT_DUPBATCH
MZOWNER,ECS_BATCH,MZOWNER.ECS_BATCH
MZOWNER,ECS_BATCH_ERROR,MZOWNER.ECS_BATCH_ERROR
MZOWNER,ECS_CONFIG,MZOWNER.ECS_CONFIG
MZOWNER,ECS_ERROR_CODE,MZOWNER.ECS_ERROR_CODE
MZOWNER,ECS_FILE,MZOWNER.ECS_FILE
MZOWNER,ECS_GROUP,MZOWNER.ECS_GROUP
MZOWNER,ECS_MIM,MZOWNER.ECS_MIM
MZOWNER,ECS_STAT,MZOWNER.ECS_STAT
MZOWNER,ECS_STAT_ENTRY,MZOWNER.ECS_STAT_ENTRY
MZOWNER,ECS_UDR,MZOWNER.ECS_UDR
MZOWNER,ECS_UDR_ERROR,MZOWNER.ECS_UDR_ERROR
MZOWNER,HOST_STAT,MZOWNER.HOST_STAT
MZOWNER,LIC_HEADER,MZOWNER.LIC_HEADER
MZOWNER,LIC_LOG,MZOWNER.LIC_LOG
MZOWNER,MZ_REFERENCE,MZOWNER.MZ_REFERENCE
MZOWNER,MZ_USER,MZOWNER.MZ_USER
MZOWNER,PASSWORD_HISTORY,MZOWNER.PASSWORD_HISTORY
MZOWNER,PICO_CLIENT_STAT,MZOWNER.PICO_CLIENT_STAT
MZOWNER,PICO_HOSTS,MZOWNER.PICO_HOSTS
MZOWNER,PICO_INSTANCES,MZOWNER.PICO_INSTANCES
MZOWNER,SYSTEM_LOG,MZOWNER.SYSTEM_LOG
MZOWNER,SYSTEM_LOG_NESTED,MZOWNER.SYSTEM_LOG_NESTED
MZOWNER,SYS_EXPORT_SCHEMA_01,MZOWNER.SYS_EXPORT_SCHEMA_01
MZOWNER,TXN_STATUS,MZOWNER.TXN_STATUS
MZOWNER,ULTRA_DATA,MZOWNER.ULTRA_DATA
MZOWNER,USER_DEFINED_EVENT,MZOWNER.USER_DEFINED_EVENT
MZOWNER,USER_GROUP,MZOWNER.USER_GROUP
MZOWNER,WF_ALARM_VALUE_NAME,MZOWNER.WF_ALARM_VALUE_NAME
MZOWNER,WF_GROUP_DATA,MZOWNER.WF_GROUP_DATA
MZOWNER,WF_INSTANCE_DATA,MZOWNER.WF_INSTANCE_DATA
MZOWNER,WF_QUEUE_STAT,MZOWNER.WF_QUEUE_STAT
MZOWNER,WF_STAT,MZOWNER.WF_STAT
MZOWNER,WF_TXN,MZOWNER.WF_TXN
OBR_BCS,CONTENT_SUBSCRIPTION,OBR_BCS.CONTENT_SUBSCRIPTION
OBR_BCS,CONTENT_SUB_LIC_ACTVITY,OBR_BCS.CONTENT_SUB_LIC_ACTVITY
OBR_BCS,CONTENT_SVC_DLVR_ADDR,OBR_BCS.CONTENT_SVC_DLVR_ADDR
OBR_BCS,EDR_DESC,OBR_BCS.EDR_DESC
OBR_BILL,BILL_ACCT_MDN_MASTER,OBR_BILL.BILL_ACCT_MDN_MASTER
OBR_BILL,BILL_ACCT_MDN_MASTER_01062023,OBR_BILL.BILL_ACCT_MDN_MASTER_01062023
OBR_BILL,BILL_CUST_INV_DETAILS,OBR_BILL.BILL_CUST_INV_DETAILS
OBR_BILL,OBR_AUDIT_DETAILS,OBR_BILL.OBR_AUDIT_DETAILS
OBR_CUSTOM,BAAF_CONTENT_U,OBR_CUSTOM.BAAF_CONTENT_U
OBR_CUSTOM,BA_CONTENT_CHRG_U,OBR_CUSTOM.BA_CONTENT_CHRG_U
OBR_CUSTOM,BL_ACCT_ADM_FEE_U,OBR_CUSTOM.BL_ACCT_ADM_FEE_U
OBR_CUSTOM,CMAF_CALL_ADJ_U,OBR_CUSTOM.CMAF_CALL_ADJ_U
OBR_CUSTOM,CMAF_CONTENT_U,OBR_CUSTOM.CMAF_CONTENT_U
OBR_CUSTOM,CMAF_DATA_USG_U,OBR_CUSTOM.CMAF_DATA_USG_U
OBR_CUSTOM,CMAF_TXTPIX_U,OBR_CUSTOM.CMAF_TXTPIX_U
OBR_CUSTOM,CMAF_U,OBR_CUSTOM.CMAF_U
OBR_CUSTOM,CMD_CONTENT,OBR_CUSTOM.CMD_CONTENT
OBR_CUSTOM,CUSTPRODUCTSTATUS,OBR_CUSTOM.CUSTPRODUCTSTATUS
OBR_CUSTOM,EQUIP_CHRG_U,OBR_CUSTOM.EQUIP_CHRG_U
OBR_EIS,PBF_DATA_DTUSGSUM,OBR_EIS.PBF_DATA_DTUSGSUM
OBR_EIS,PBF_MSG_USGSMRYC,OBR_EIS.PBF_MSG_USGSMRYC
OBR_EIS,PBF_VCE_SBILMSG1,OBR_EIS.PBF_VCE_SBILMSG1
OBR_EIS,PBF_VCE_SFOALLOW,OBR_EIS.PBF_VCE_SFOALLOW
OBR_EIS,PBF_VCE_SMTNIC,OBR_EIS.PBF_VCE_SMTNIC
OBR_EOC,BILLCALC_DATA_CHGSUM,OBR_EOC.BILLCALC_DATA_CHGSUM
OBR_EOC,BILLCALC_MSG_CHGSUM,OBR_EOC.BILLCALC_MSG_CHGSUM
OBR_EOC,BILLCALC_VOICE_CHGSUM,OBR_EOC.BILLCALC_VOICE_CHGSUM
OBR_EOC,PBF_DATA_ATDSUM,OBR_EOC.PBF_DATA_ATDSUM
OBR_EOC,PBF_DATA_BASVCPRD,OBR_EOC.PBF_DATA_BASVCPRD
OBR_EOC,PBF_DATA_BDATADTL,OBR_EOC.PBF_DATA_BDATADTL
OBR_EOC,PBF_DATA_BMDZDTA,OBR_EOC.PBF_DATA_BMDZDTA
OBR_EOC,PBF_DATA_BULKMB,OBR_EOC.PBF_DATA_BULKMB
OBR_EOC,PBF_DATA_CABLMTRS,OBR_EOC.PBF_DATA_CABLMTRS
OBR_EOC,PBF_DATA_CBACTUSG,OBR_EOC.PBF_DATA_CBACTUSG
OBR_EOC,PBF_DATA_CBMTNUSG,OBR_EOC.PBF_DATA_CBMTNUSG
OBR_EOC,PBF_DATA_DELAYDAT,OBR_EOC.PBF_DATA_DELAYDAT
OBR_EOC,PBF_DATA_DTPRSBID,OBR_EOC.PBF_DATA_DTPRSBID
OBR_EOC,PBF_DATA_DTUSGPSM,OBR_EOC.PBF_DATA_DTUSGPSM
OBR_EOC,PBF_DATA_DTUSGSMX,OBR_EOC.PBF_DATA_DTUSGSMX
OBR_EOC,PBF_DATA_DTUSGSU2,OBR_EOC.PBF_DATA_DTUSGSU2
OBR_EOC,PBF_DATA_DTUSGSUM,OBR_EOC.PBF_DATA_DTUSGSUM
OBR_EOC,PBF_DATA_EBBDISC,OBR_EOC.PBF_DATA_EBBDISC
OBR_EOC,PBF_DATA_ECPDMTM,OBR_EOC.PBF_DATA_ECPDMTM
OBR_EOC,PBF_DATA_EDPREALW,OBR_EOC.PBF_DATA_EDPREALW
OBR_EOC,PBF_DATA_EDPSHACT,OBR_EOC.PBF_DATA_EDPSHACT
OBR_EOC,PBF_DATA_JTM2MTRM,OBR_EOC.PBF_DATA_JTM2MTRM
OBR_EOC,PBF_DATA_JTM2MUSG,OBR_EOC.PBF_DATA_JTM2MUSG
OBR_EOC,PBF_DATA_KIA,OBR_EOC.PBF_DATA_KIA
OBR_EOC,PBF_DATA_LNBLMTRS,OBR_EOC.PBF_DATA_LNBLMTRS
OBR_EOC,PBF_DATA_LSCACHGB,OBR_EOC.PBF_DATA_LSCACHGB
OBR_EOC,PBF_DATA_LSCACHGR,OBR_EOC.PBF_DATA_LSCACHGR
OBR_EOC,PBF_DATA_LSGRPREM,OBR_EOC.PBF_DATA_LSGRPREM
OBR_EOC,PBF_DATA_MTNSUM,OBR_EOC.PBF_DATA_MTNSUM
OBR_EOC,PBF_DATA_SADFEE,OBR_EOC.PBF_DATA_SADFEE
OBR_EOC,PBF_DATA_U9SRG,OBR_EOC.PBF_DATA_U9SRG
OBR_EOC,PBF_DATA_UNBILAC,OBR_EOC.PBF_DATA_UNBILAC
OBR_EOC,PBF_DATA_USGSMRYC,OBR_EOC.PBF_DATA_USGSMRYC
OBR_EOC,PBF_MSG_CBMTNUSG,OBR_EOC.PBF_MSG_CBMTNUSG
OBR_EOC,PBF_MSG_JTM2MTRM,OBR_EOC.PBF_MSG_JTM2MTRM
OBR_EOC,PBF_MSG_JTM2MUSG,OBR_EOC.PBF_MSG_JTM2MUSG
OBR_EOC,PBF_MSG_LSCACHGB,OBR_EOC.PBF_MSG_LSCACHGB
OBR_EOC,PBF_MSG_LSCACHGR,OBR_EOC.PBF_MSG_LSCACHGR
OBR_EOC,PBF_MSG_MTNSUM,OBR_EOC.PBF_MSG_MTNSUM
OBR_EOC,PBF_MSG_SFOALLOW,OBR_EOC.PBF_MSG_SFOALLOW
OBR_EOC,PBF_MSG_TPXMMS,OBR_EOC.PBF_MSG_TPXMMS
OBR_EOC,PBF_MSG_TPXREF,OBR_EOC.PBF_MSG_TPXREF
OBR_EOC,PBF_MSG_USGSMRYC,OBR_EOC.PBF_MSG_USGSMRYC
OBR_EOC,PBF_VOICE_36SMTNSUM,OBR_EOC.PBF_VOICE_36SMTNSUM
OBR_EOC,PBF_VOICE_CBAIRSVC,OBR_EOC.PBF_VOICE_CBAIRSVC
OBR_EOC,PBF_VOICE_CBMTNUSG,OBR_EOC.PBF_VOICE_CBMTNUSG
OBR_EOC,PBF_VOICE_CMAFU,OBR_EOC.PBF_VOICE_CMAFU
OBR_EOC,PBF_VOICE_EVPREALW,OBR_EOC.PBF_VOICE_EVPREALW
OBR_EOC,PBF_VOICE_EVPSHACT,OBR_EOC.PBF_VOICE_EVPSHACT
OBR_EOC,PBF_VOICE_FSHRSUM,OBR_EOC.PBF_VOICE_FSHRSUM
OBR_EOC,PBF_VOICE_JTM2MTRM,OBR_EOC.PBF_VOICE_JTM2MTRM
OBR_EOC,PBF_VOICE_JTM2MUSG,OBR_EOC.PBF_VOICE_JTM2MUSG
OBR_EOC,PBF_VOICE_SFOALLOW,OBR_EOC.PBF_VOICE_SFOALLOW
OBR_EOC,PBF_VOICE_SICUSG,OBR_EOC.PBF_VOICE_SICUSG
OBR_EOC,PBF_VOICE_SMTNAIR,OBR_EOC.PBF_VOICE_SMTNAIR
OBR_EOC,PBF_VOICE_SMTNIC,OBR_EOC.PBF_VOICE_SMTNIC
OBR_EOC,PBF_VOICE_SMTNSUM,OBR_EOC.PBF_VOICE_SMTNSUM
OBR_EOC,PBF_VOICE_SMTNTOL,OBR_EOC.PBF_VOICE_SMTNTOL
OBR_EOC,PBF_VOICE_USGSMRYC,OBR_EOC.PBF_VOICE_USGSMRYC
OBR_FLOW,APP_JOB,OBR_FLOW.APP_JOB
OBR_FLOW,APP_JOB_EXECUTION,OBR_FLOW.APP_JOB_EXECUTION
OBR_FLOW,BL_CYC_PHASE_AUDIT,OBR_FLOW.BL_CYC_PHASE_AUDIT
OBR_FLOW,BL_CYC_PHASE_AUDIT_BK,OBR_FLOW.BL_CYC_PHASE_AUDIT_BK
OBR_FLOW,EPOD_CLIN_AUDIT,OBR_FLOW.EPOD_CLIN_AUDIT
OBR_FLOW,EPOD_CLIN_AUDIT_BK_09_11,OBR_FLOW.EPOD_CLIN_AUDIT_BK_09_11
OBR_FLOW,INTERFACE_LIST,OBR_FLOW.INTERFACE_LIST
OBR_FLOW,LAYOUT_DEPENDENCIES,OBR_FLOW.LAYOUT_DEPENDENCIES
OBR_FLOW,LAYOUT_DEPENDENCIES_BKP24723,OBR_FLOW.LAYOUT_DEPENDENCIES_BKP24723
OBR_FLOW,LAYOUT_FILE_DETAIL,OBR_FLOW.LAYOUT_FILE_DETAIL
OBR_FLOW,LAYOUT_LIST,OBR_FLOW.LAYOUT_LIST
OBR_FLOW,LAYOUT_LIST_BKP24723,OBR_FLOW.LAYOUT_LIST_BKP24723
OBR_FLOW,LAYOUT_LIST_BKP_071823,OBR_FLOW.LAYOUT_LIST_BKP_071823
OBR_FLOW,LAYOUT_PROC_DETAIL,OBR_FLOW.LAYOUT_PROC_DETAIL
OBR_FLOW,LAYOUT_PROC_SUMMARY,OBR_FLOW.LAYOUT_PROC_SUMMARY
OBR_FLOW,LOG_TRACE,OBR_FLOW.LOG_TRACE
OBR_FLOW,LU_LOAD_SUMMARY,OBR_FLOW.LU_LOAD_SUMMARY
OBR_FLOW,OBR_ACCT_AUDIT,OBR_FLOW.OBR_ACCT_AUDIT
OBR_FLOW,OBR_AUDIT_EXTRA_FIELDS,OBR_FLOW.OBR_AUDIT_EXTRA_FIELDS
OBR_FLOW,OBR_AUTOMATION_LOG_SUMRY,OBR_FLOW.OBR_AUTOMATION_LOG_SUMRY
OBR_FLOW,OBR_LU_COUNT,OBR_FLOW.OBR_LU_COUNT
OBR_FLOW,OBR_MDN_AUDIT,OBR_FLOW.OBR_MDN_AUDIT
OBR_FLOW,PBF_ACCT_AUDIT,OBR_FLOW.PBF_ACCT_AUDIT
OBR_FLOW,PBF_MANDATORY_DATA_VALID_ERRORS,OBR_FLOW.PBF_MANDATORY_DATA_VALID_ERRORS
OBR_FLOW,PBF_NALB_ERROR_MSGS,OBR_FLOW.PBF_NALB_ERROR_MSGS
OBR_FLOW,REF_LAYOUT_ATTR_DETAILS,OBR_FLOW.REF_LAYOUT_ATTR_DETAILS
OBR_FLOW,UBSR_CFG_TBL_DTLS,OBR_FLOW.UBSR_CFG_TBL_DTLS
OBR_FLOW,V2_CFG_TBL_DTLS,OBR_FLOW.V2_CFG_TBL_DTLS
OBR_FLOW,V2_LU_METRICS,OBR_FLOW.V2_LU_METRICS
OBR_INBD,ACCOUNT_DETAILS,OBR_INBD.ACCOUNT_DETAILS
OBR_INBD,ACCOUNT_DETAILS_01062023,OBR_INBD.ACCOUNT_DETAILS_01062023
OBR_INBD,ACCOUNT_DETAILS_BKP,OBR_INBD.ACCOUNT_DETAILS_BKP
OBR_INBD,ACCOUNT_DETAILS_NON_MIGR,OBR_INBD.ACCOUNT_DETAILS_NON_MIGR
OBR_INBD,BA_ADM_FEE_U_ADDL_COL,OBR_INBD.BA_ADM_FEE_U_ADDL_COL
OBR_INBD,BLOB_ID_REF,OBR_INBD.BLOB_ID_REF
OBR_INBD,BLOSSOM_V1_FEED,OBR_INBD.BLOSSOM_V1_FEED
OBR_INBD,CMAF_U_ADDL_COL,OBR_INBD.CMAF_U_ADDL_COL
OBR_INBD,CONTENT_SUBSCRIPTION,OBR_INBD.CONTENT_SUBSCRIPTION
OBR_INBD,CONTENT_SUB_LIC_ACTVITY,OBR_INBD.CONTENT_SUB_LIC_ACTVITY
OBR_INBD,CUST_LN_TX_GEO_CD,OBR_INBD.CUST_LN_TX_GEO_CD
OBR_INBD,CUST_MTN_TX_GEO_CD,OBR_INBD.CUST_MTN_TX_GEO_CD
OBR_INBD,CYCLE_SUMMARY,OBR_INBD.CYCLE_SUMMARY
OBR_INBD,EPOD_CLIN,OBR_INBD.EPOD_CLIN
OBR_INBD,ITERATION_SUMMARY,OBR_INBD.ITERATION_SUMMARY
OBR_INBD,JITB_SUMMARY,OBR_INBD.JITB_SUMMARY
OBR_INBD,LAYOUT_AUDIT_SUMMARY,OBR_INBD.LAYOUT_AUDIT_SUMMARY
OBR_INBD,LAYOUT_BATCH_SUMMARY,OBR_INBD.LAYOUT_BATCH_SUMMARY
OBR_INBD,LOAN_DETAILS,OBR_INBD.LOAN_DETAILS
OBR_INBD,OBR_AUDIT,OBR_INBD.OBR_AUDIT
OBR_INBD,OBR_PROCESSING_LIST,OBR_INBD.OBR_PROCESSING_LIST
OBR_INBD,OBR_PROCESSING_STATUS,OBR_INBD.OBR_PROCESSING_STATUS
OBR_INBD,PBF_AUDIT_HEADER_DATA,OBR_INBD.PBF_AUDIT_HEADER_DATA
OBR_INBD,PBF_AUDIT_MISMATCH_DATA,OBR_INBD.PBF_AUDIT_MISMATCH_DATA
OBR_INBD,PBF_AUDIT_MISSING_DATA,OBR_INBD.PBF_AUDIT_MISSING_DATA
OBR_INBD,RECUR_BL_ACCT_FEE,OBR_INBD.RECUR_BL_ACCT_FEE
OBR_INBD,RECUR_MTN_ADM_FEE,OBR_INBD.RECUR_MTN_ADM_FEE
OBR_OUTBD,BILLED_CONTENT_HISTORY_OTH6YR,OBR_OUTBD.BILLED_CONTENT_HISTORY_OTH6YR
OBR_OUTBD,BILLED_CONTENT_HISTORY_VZW6MTH,OBR_OUTBD.BILLED_CONTENT_HISTORY_VZW6MTH
OBR_UBSR_CONFIG,ALLOWANCE_OFFER,OBR_UBSR_CONFIG.ALLOWANCE_OFFER
OBR_UBSR_CONFIG,CD_TABLE,OBR_UBSR_CONFIG.CD_TABLE
OBR_UBSR_CONFIG,COMP_PROD_BOOKING_TYPE,OBR_UBSR_CONFIG.COMP_PROD_BOOKING_TYPE
OBR_UBSR_CONFIG,FCC_CGSA_SBID_MAP,OBR_UBSR_CONFIG.FCC_CGSA_SBID_MAP
OBR_UBSR_CONFIG,FINANCIAL_EVENT,OBR_UBSR_CONFIG.FINANCIAL_EVENT
OBR_UBSR_CONFIG,FIN_EVNT_CAT_MAP,OBR_UBSR_CONFIG.FIN_EVNT_CAT_MAP
OBR_UBSR_CONFIG,FIN_MARKET,OBR_UBSR_CONFIG.FIN_MARKET
OBR_UBSR_CONFIG,GROUP_ID,OBR_UBSR_CONFIG.GROUP_ID
OBR_UBSR_CONFIG,LN_SHR_GRP_OFFR_TYP,OBR_UBSR_CONFIG.LN_SHR_GRP_OFFR_TYP
OBR_UBSR_CONFIG,PKG_PROC_CATEGORY,OBR_UBSR_CONFIG.PKG_PROC_CATEGORY
OBR_UBSR_CONFIG,PPLAN,OBR_UBSR_CONFIG.PPLAN
OBR_UBSR_CONFIG,PRC_CAT_CLASS_MAP,OBR_UBSR_CONFIG.PRC_CAT_CLASS_MAP
OBR_UBSR_CONFIG,PRICE_TIER,OBR_UBSR_CONFIG.PRICE_TIER
OBR_UBSR_CONFIG,PROD_COMP_TYP_MAP,OBR_UBSR_CONFIG.PROD_COMP_TYP_MAP
OBR_UBSR_CONFIG,PROD_OVRIDE_PROC,OBR_UBSR_CONFIG.PROD_OVRIDE_PROC
OBR_UBSR_CONFIG,RA_FINCAT,OBR_UBSR_CONFIG.RA_FINCAT
OBR_UBSR_CONFIG,REF_VIS_DEVICE_ID_TYPE,OBR_UBSR_CONFIG.REF_VIS_DEVICE_ID_TYPE
OBR_UBSR_CONFIG,REF_VIS_NON_SID_MKT_MAP,OBR_UBSR_CONFIG.REF_VIS_NON_SID_MKT_MAP
OBR_UBSR_CONFIG,REF_VIS_OFFR_TYP_CODE,OBR_UBSR_CONFIG.REF_VIS_OFFR_TYP_CODE
OBR_UBSR_CONFIG,REF_VIS_PRC_RULE_CRITER_VAL,OBR_UBSR_CONFIG.REF_VIS_PRC_RULE_CRITER_VAL
OBR_UBSR_CONFIG,REF_VIS_SVC_PROD_CAT,OBR_UBSR_CONFIG.REF_VIS_SVC_PROD_CAT
OBR_UBSR_CONFIG,REF_VIS_VIS_PROCESS_FILTER,OBR_UBSR_CONFIG.REF_VIS_VIS_PROCESS_FILTER
OBR_UBSR_CONFIG,SF_OFFR,OBR_UBSR_CONFIG.SF_OFFR
OBR_UBSR_CONFIG,SF_OFFR_ALLOW,OBR_UBSR_CONFIG.SF_OFFR_ALLOW
OBR_UBSR_CONFIG,SLS_DST_CHNL_OUTLT,OBR_UBSR_CONFIG.SLS_DST_CHNL_OUTLT
OBR_UBSR_CONFIG,SPLAN,OBR_UBSR_CONFIG.SPLAN
OBR_UBSR_CONFIG,SPLAN_COMP_TYPE,OBR_UBSR_CONFIG.SPLAN_COMP_TYPE
OBR_UBSR_CONFIG,SPLAN_VER,OBR_UBSR_CONFIG.SPLAN_VER
OBR_UBSR_CONFIG,SVC_PROD,OBR_UBSR_CONFIG.SVC_PROD
OBR_UBSR_TRANS,REF_VIS_LN_NON_GEO_ALT_SBID,OBR_UBSR_TRANS.REF_VIS_LN_NON_GEO_ALT_SBID
OBR_UBSR_TRANS,REF_VIS_LN_PRIM_MULTI_ID,OBR_UBSR_TRANS.REF_VIS_LN_PRIM_MULTI_ID
OBR_UBSR_TRANS,SUB_BL_ACCT_LN_STAT,OBR_UBSR_TRANS.SUB_BL_ACCT_LN_STAT
OBR_UBSR_TRANS,SUB_CUST_ACCT_LN_PPLAN,OBR_UBSR_TRANS.SUB_CUST_ACCT_LN_PPLAN
OBR_UBSR_TRANS,SUB_CUST_ACCT_LN_PROMO,OBR_UBSR_TRANS.SUB_CUST_ACCT_LN_PROMO
OBR_UBSR_TRANS,SUB_CUST_ACCT_LN_SPO,OBR_UBSR_TRANS.SUB_CUST_ACCT_LN_SPO
OBR_UBSR_TRANS,SUB_CUST_ACCT_MDN,OBR_UBSR_TRANS.SUB_CUST_ACCT_MDN
OBR_UBSR_TRANS,SUB_CUST_DVC_EQP_TRANS,OBR_UBSR_TRANS.SUB_CUST_DVC_EQP_TRANS
OBR_UBSR_TRANS,SUB_LN_OF_SVC_CUST_BA,OBR_UBSR_TRANS.SUB_LN_OF_SVC_CUST_BA
OBR_UBSR_TRANS,SUB_LN_PRIM_ID_MDN,OBR_UBSR_TRANS.SUB_LN_PRIM_ID_MDN
OBR_UBSR_TRANS,SUB_LN_SVC_PROD,OBR_UBSR_TRANS.SUB_LN_SVC_PROD
OBR_UBSR_TRANS,SUB_LN_SVC_PROD_USG_SEG_BA,OBR_UBSR_TRANS.SUB_LN_SVC_PROD_USG_SEG_BA
OBR_UBSR_TRANS,SUB_SF_MDN,OBR_UBSR_TRANS.SUB_SF_MDN
OBR_V1_CONFIG,ADMIN_FEE_REASN_CD,OBR_V1_CONFIG.ADMIN_FEE_REASN_CD
OBR_V1_CONFIG,AIR_SERVICE,OBR_V1_CONFIG.AIR_SERVICE
OBR_V1_CONFIG,BL_PROC_RULES,OBR_V1_CONFIG.BL_PROC_RULES
OBR_V1_CONFIG,DATA_FORMAT_MAP,OBR_V1_CONFIG.DATA_FORMAT_MAP
OBR_V1_CONFIG,DEVICE_ID_TYPE,OBR_V1_CONFIG.DEVICE_ID_TYPE
OBR_V1_CONFIG,ENHANCED_SRV_PCKGE,OBR_V1_CONFIG.ENHANCED_SRV_PCKGE
OBR_V1_CONFIG,FEATURE,OBR_V1_CONFIG.FEATURE
OBR_V1_CONFIG,FIN_MARKET_MAP,OBR_V1_CONFIG.FIN_MARKET_MAP
OBR_V1_CONFIG,MIN_L_SID_BID,OBR_V1_CONFIG.MIN_L_SID_BID
OBR_V1_CONFIG,OBR_STREAM_ITERATION,OBR_V1_CONFIG.OBR_STREAM_ITERATION
OBR_V1_CONFIG,OFFR_TYP_PRC_GRP,OBR_V1_CONFIG.OFFR_TYP_PRC_GRP
OBR_V1_CONFIG,OFFR_TYP_TX_INCLUSIVE,OBR_V1_CONFIG.OFFR_TYP_TX_INCLUSIVE
OBR_V1_CONFIG,PCKGE_FEATURE,OBR_V1_CONFIG.PCKGE_FEATURE
OBR_V1_CONFIG,PPLAN_VER,OBR_V1_CONFIG.PPLAN_VER
OBR_V1_CONFIG,PP_VER_TIER_PROD,OBR_V1_CONFIG.PP_VER_TIER_PROD
OBR_V1_CONFIG,SFO_PKG_PROC_MAP,OBR_V1_CONFIG.SFO_PKG_PROC_MAP
OBR_V1_CONFIG,SF_OFFR_PROCESS,OBR_V1_CONFIG.SF_OFFR_PROCESS
OBR_V1_CONFIG,SF_OFFR_VER,OBR_V1_CONFIG.SF_OFFR_VER
OBR_V1_CONFIG,SF_OFFR_VER_PROD,OBR_V1_CONFIG.SF_OFFR_VER_PROD
OBR_V2_CONFIG,ADJUSTMENTTYPE,OBR_V2_CONFIG.ADJUSTMENTTYPE
OBR_V2_CONFIG,ADJUSTMENTTYPEATTRIBUTES,OBR_V2_CONFIG.ADJUSTMENTTYPEATTRIBUTES
OBR_V2_CONFIG,CATALOGUECHANGE,OBR_V2_CONFIG.CATALOGUECHANGE
OBR_V2_CONFIG,DOMAIN_MAPPING,OBR_V2_CONFIG.DOMAIN_MAPPING
OBR_V2_CONFIG,EVENTDISCOUNT,OBR_V2_CONFIG.EVENTDISCOUNT
OBR_V2_CONFIG,ONETIMECHARGE,OBR_V2_CONFIG.ONETIMECHARGE
OBR_V2_CONFIG,PRODUCT,OBR_V2_CONFIG.PRODUCT
OBR_V2_CONFIG,TARIFF,OBR_V2_CONFIG.TARIFF
OBR_V2_CONFIG,TARIFFELEMENT,OBR_V2_CONFIG.TARIFFELEMENT
OBR_V2_CONFIG,TARIFFELEMENTATTRDETAILS,OBR_V2_CONFIG.TARIFFELEMENTATTRDETAILS
OBR_V2_CONFIG,TARIFFELEMENTDISCOUNT,OBR_V2_CONFIG.TARIFFELEMENTDISCOUNT
OBR_V2_CONFIG,TEMP_ADMIN_FEE_REASN_CD,OBR_V2_CONFIG.TEMP_ADMIN_FEE_REASN_CD
OBR_V2_CONFIG,USTEXTERNALTAXTYPE,OBR_V2_CONFIG.USTEXTERNALTAXTYPE
OBR_V2_CONFIG,VZDEVICEFINCOMPDTLS,OBR_V2_CONFIG.VZDEVICEFINCOMPDTLS
OBR_V2_CONFIG,VZFINCOMPDTLS,OBR_V2_CONFIG.VZFINCOMPDTLS
OBR_V2_CONFIG,VZFINCOMPDTLS_V2DT_3866,OBR_V2_CONFIG.VZFINCOMPDTLS_V2DT_3866
OBR_V2_CONFIG,VZOTCFINCOMPDTLS,OBR_V2_CONFIG.VZOTCFINCOMPDTLS
OBR_V2_CONFIG,VZPRODUCTATTRIBUTE,OBR_V2_CONFIG.VZPRODUCTATTRIBUTE
OBR_V2_CONFIG,VZPRODUCTDTLS,OBR_V2_CONFIG.VZPRODUCTDTLS
OBR_V2_CONFIG,VZTAXCLASSMAP,OBR_V2_CONFIG.VZTAXCLASSMAP
OBR_V2_CONFIG,VZTIERSCHEMETIERDISCOUNT,OBR_V2_CONFIG.VZTIERSCHEMETIERDISCOUNT
OBR_V2_TRANS,USTTAXDETAILS,OBR_V2_TRANS.USTTAXDETAILS
OBR_V2_TRANS,USTTAXTRANSACTION,OBR_V2_TRANS.USTTAXTRANSACTION
OPS$ORACLE,SYS_IMPORT_TABLE_01,OPS$ORACLE.SYS_IMPORT_TABLE_01
OWBSYS,OWBRTPS,OWBSYS.OWBRTPS
PERKS_RPT,CUST_ADDL_INFO,PERKS_RPT.CUST_ADDL_INFO
PERKS_RPT,PROMO_OFFERS,PERKS_RPT.PROMO_OFFERS
PERKS_RPT,SUBSCRIPTION,PERKS_RPT.SUBSCRIPTION
PERKS_RPT,SUBSCRIPTION_ADDL_INFO,PERKS_RPT.SUBSCRIPTION_ADDL_INFO
POST_BILL,ACCT_ADM_FEE_ADDL_COL_BILLED,POST_BILL.ACCT_ADM_FEE_ADDL_COL_BILLED
POST_BILL,ACCT_BILLED_AIR_SVC,POST_BILL.ACCT_BILLED_AIR_SVC
POST_BILL,ACCT_BILLED_CHRG,POST_BILL.ACCT_BILLED_CHRG
POST_BILL,ACCT_BILLED_CHRG_COMP,POST_BILL.ACCT_BILLED_CHRG_COMP
POST_BILL,ACCT_BILLED_CHRG_TAX,POST_BILL.ACCT_BILLED_CHRG_TAX
POST_BILL,ACCT_BILLED_SUMMARY,POST_BILL.ACCT_BILLED_SUMMARY
POST_BILL,ACCT_BOBO_BL_SUM,POST_BILL.ACCT_BOBO_BL_SUM
POST_BILL,ACCT_CHRG_COMP_BILLED,POST_BILL.ACCT_CHRG_COMP_BILLED
POST_BILL,ACCT_CONTENT_ADJ_BILLED,POST_BILL.ACCT_CONTENT_ADJ_BILLED
POST_BILL,ACCT_CONTENT_CHRG_BILLED,POST_BILL.ACCT_CONTENT_CHRG_BILLED
POST_BILL,ACCT_EQLZR_CHRG_COMP_BILLED,POST_BILL.ACCT_EQLZR_CHRG_COMP_BILLED
POST_BILL,ACCT_SPONSR_DATA_USG_SUM_BILL,POST_BILL.ACCT_SPONSR_DATA_USG_SUM_BILL
POST_BILL,BILLED_CONTENT_TAX,POST_BILL.BILLED_CONTENT_TAX
POST_BILL,BILLED_INSTALL_LOAN_TX,POST_BILL.BILLED_INSTALL_LOAN_TX
POST_BILL,BILLED_LN_DATA_USG_DTL,POST_BILL.BILLED_LN_DATA_USG_DTL
POST_BILL,BILLED_MTN_DATA_USG_DTL,POST_BILL.BILLED_MTN_DATA_USG_DTL
POST_BILL,BILLED_USG_DTL_RT_GRP,POST_BILL.BILLED_USG_DTL_RT_GRP
POST_BILL,BILLED_VOICE_CIBER,POST_BILL.BILLED_VOICE_CIBER
POST_BILL,BILLED_VOICE_CIBER_TOLL,POST_BILL.BILLED_VOICE_CIBER_TOLL
POST_BILL,BILLED_VOICE_TOLL,POST_BILL.BILLED_VOICE_TOLL
POST_BILL,BILLED_VOICE_USAGE,POST_BILL.BILLED_VOICE_USAGE
POST_BILL,DOMAINGROUP,POST_BILL.DOMAINGROUP
POST_BILL,EQUIP_BILLED_CHRG,POST_BILL.EQUIP_BILLED_CHRG
POST_BILL,LINE_ADJ_MSG_BILLED,POST_BILL.LINE_ADJ_MSG_BILLED
POST_BILL,LINE_BILLED_CHG_DT_RT_FP_CNTRY,POST_BILL.LINE_BILLED_CHG_DT_RT_FP_CNTRY
POST_BILL,LINE_BILLED_CHRG,POST_BILL.LINE_BILLED_CHRG
POST_BILL,LINE_BILLED_CHRG_ADDL_COL,POST_BILL.LINE_BILLED_CHRG_ADDL_COL
POST_BILL,LINE_BILLED_CHRG_COMP,POST_BILL.LINE_BILLED_CHRG_COMP
POST_BILL,LINE_BILLED_DATA_USG_PROD_SBID,POST_BILL.LINE_BILLED_DATA_USG_PROD_SBID
POST_BILL,LINE_BILLED_DATA_USG_PROD_SUM,POST_BILL.LINE_BILLED_DATA_USG_PROD_SUM
POST_BILL,LINE_BILLED_DT_USG_OVRPROD_SUM,POST_BILL.LINE_BILLED_DT_USG_OVRPROD_SUM
POST_BILL,LINE_BILLED_FS_USG_SUMMARY,POST_BILL.LINE_BILLED_FS_USG_SUMMARY
POST_BILL,LINE_BILLED_SUMMARY,POST_BILL.LINE_BILLED_SUMMARY
POST_BILL,LINE_BILLED_SURCHG_TAX_SUMMARY,POST_BILL.LINE_BILLED_SURCHG_TAX_SUMMARY
POST_BILL,LINE_BILLED_TAX_SUMMARY,POST_BILL.LINE_BILLED_TAX_SUMMARY
POST_BILL,LINE_BILLED_TOLL_SUMMARY,POST_BILL.LINE_BILLED_TOLL_SUMMARY
POST_BILL,LINE_BILLED_USG_ALW_SUMMARY,POST_BILL.LINE_BILLED_USG_ALW_SUMMARY
POST_BILL,LINE_BILLED_USG_BYTES_SUMMARY,POST_BILL.LINE_BILLED_USG_BYTES_SUMMARY
POST_BILL,LINE_BILLED_USG_SUMMARY,POST_BILL.LINE_BILLED_USG_SUMMARY
POST_BILL,LINE_BILLED_USG_SURCHG_SUMMARY,POST_BILL.LINE_BILLED_USG_SURCHG_SUMMARY
POST_BILL,LINE_CHRG_USAGE_BILL_TAX,POST_BILL.LINE_CHRG_USAGE_BILL_TAX
POST_BILL,LINE_COMP_CHRG_BILLED,POST_BILL.LINE_COMP_CHRG_BILLED
POST_BILL,LINE_CONTENT_ADJ_BILLED,POST_BILL.LINE_CONTENT_ADJ_BILLED
POST_BILL,LINE_CONTENT_BILLED,POST_BILL.LINE_CONTENT_BILLED
POST_BILL,LINE_DATA_ADJ_BILLED,POST_BILL.LINE_DATA_ADJ_BILLED
POST_BILL,LINE_IC_SURCHRG_VOICE_BILLED,POST_BILL.LINE_IC_SURCHRG_VOICE_BILLED
POST_BILL,LINE_OFFR_DATA_USG_SUM,POST_BILL.LINE_OFFR_DATA_USG_SUM
POST_BILL,LINE_RECUR_SUBSCR_BILLED,POST_BILL.LINE_RECUR_SUBSCR_BILLED
POST_BILL,LINE_USAGE_BILL_TAX,POST_BILL.LINE_USAGE_BILL_TAX
POST_BILL,LINE_USG_ALLOW_SUM_BILLED,POST_BILL.LINE_USG_ALLOW_SUM_BILLED
POST_BILL,LINE_VOICE_ADJ_BILLED,POST_BILL.LINE_VOICE_ADJ_BILLED
PROCCTRL,BATCH_JOB_EXECUTION,PROCCTRL.BATCH_JOB_EXECUTION
PROCCTRL,BATCH_JOB_EXECUTION_CONTEXT,PROCCTRL.BATCH_JOB_EXECUTION_CONTEXT
PROCCTRL,BATCH_JOB_EXECUTION_PARAMS,PROCCTRL.BATCH_JOB_EXECUTION_PARAMS
PROCCTRL,BATCH_JOB_INSTANCE,PROCCTRL.BATCH_JOB_INSTANCE
PROCCTRL,BATCH_JOB_PARAMS,PROCCTRL.BATCH_JOB_PARAMS
PROCCTRL,BATCH_STEP_EXECUTION,PROCCTRL.BATCH_STEP_EXECUTION
PROCCTRL,BATCH_STEP_EXECUTION_CONTEXT,PROCCTRL.BATCH_STEP_EXECUTION_CONTEXT
PROCCTRL,DUPLICATE_CHECK,PROCCTRL.DUPLICATE_CHECK
PROCCTRL,QRTZ_BLOB_TRIGGERS,PROCCTRL.QRTZ_BLOB_TRIGGERS
PROCCTRL,QRTZ_CALENDARS,PROCCTRL.QRTZ_CALENDARS
PROCCTRL,QRTZ_CRON_TRIGGERS,PROCCTRL.QRTZ_CRON_TRIGGERS
PROCCTRL,QRTZ_CRON_TRIGGERS_BACK,PROCCTRL.QRTZ_CRON_TRIGGERS_BACK
PROCCTRL,QRTZ_FIRED_TRIGGERS,PROCCTRL.QRTZ_FIRED_TRIGGERS
PROCCTRL,QRTZ_JOB_DETAILS,PROCCTRL.QRTZ_JOB_DETAILS
PROCCTRL,QRTZ_JOB_DETAILS_BACK,PROCCTRL.QRTZ_JOB_DETAILS_BACK
PROCCTRL,QRTZ_LOCKS,PROCCTRL.QRTZ_LOCKS
PROCCTRL,QRTZ_PAUSED_TRIGGER_GRPS,PROCCTRL.QRTZ_PAUSED_TRIGGER_GRPS
PROCCTRL,QRTZ_SCHEDULER_STATE,PROCCTRL.QRTZ_SCHEDULER_STATE
PROCCTRL,QRTZ_SIMPLE_TRIGGERS,PROCCTRL.QRTZ_SIMPLE_TRIGGERS
PROCCTRL,QRTZ_SIMPROP_TRIGGERS,PROCCTRL.QRTZ_SIMPROP_TRIGGERS
PROCCTRL,QRTZ_TRIGGERS,PROCCTRL.QRTZ_TRIGGERS
PROCCTRL,QRTZ_TRIGGERS_BACK,PROCCTRL.QRTZ_TRIGGERS_BACK
PROCCTRL,RPTQZ_BLOB_TRIGGERS,PROCCTRL.RPTQZ_BLOB_TRIGGERS
PROCCTRL,RPTQZ_CALENDARS,PROCCTRL.RPTQZ_CALENDARS
PROCCTRL,RPTQZ_CRON_TRIGGERS,PROCCTRL.RPTQZ_CRON_TRIGGERS
PROCCTRL,RPTQZ_FIRED_TRIGGERS,PROCCTRL.RPTQZ_FIRED_TRIGGERS
PROCCTRL,RPTQZ_JOB_DETAILS,PROCCTRL.RPTQZ_JOB_DETAILS
PROCCTRL,RPTQZ_JOB_LISTENERS,PROCCTRL.RPTQZ_JOB_LISTENERS
PROCCTRL,RPTQZ_LOCKS,PROCCTRL.RPTQZ_LOCKS
PROCCTRL,RPTQZ_PAUSED_TRIGGER_GRPS,PROCCTRL.RPTQZ_PAUSED_TRIGGER_GRPS
PROCCTRL,RPTQZ_SCHEDULER_STATE,PROCCTRL.RPTQZ_SCHEDULER_STATE
PROCCTRL,RPTQZ_SIMPLE_TRIGGERS,PROCCTRL.RPTQZ_SIMPLE_TRIGGERS
PROCCTRL,RPTQZ_TRIGGERS,PROCCTRL.RPTQZ_TRIGGERS
PROCCTRL,RPTQZ_TRIGGER_LISTENERS,PROCCTRL.RPTQZ_TRIGGER_LISTENERS
PROCCTRL,ZZZ_BATCH_JOB_EXECUTION,PROCCTRL.ZZZ_BATCH_JOB_EXECUTION
PROCCTRL,ZZZ_BATCH_JOB_EXECUTION_CTX,PROCCTRL.ZZZ_BATCH_JOB_EXECUTION_CTX
PROCCTRL,ZZZ_BATCH_JOB_EXECUTION_PARAMS,PROCCTRL.ZZZ_BATCH_JOB_EXECUTION_PARAMS
PROCCTRL,ZZZ_BATCH_JOB_INSTANCE,PROCCTRL.ZZZ_BATCH_JOB_INSTANCE
PROCCTRL,ZZZ_BATCH_JOB_PARAMS,PROCCTRL.ZZZ_BATCH_JOB_PARAMS
PROCCTRL,ZZZ_BATCH_STEP_EXECUTION,PROCCTRL.ZZZ_BATCH_STEP_EXECUTION
PROCCTRL,ZZZ_BATCH_STEP_EXECUTION_CTX,PROCCTRL.ZZZ_BATCH_STEP_EXECUTION_CTX
RDS2JITR,REF_RDS_PMDN_INV,RDS2JITR.REF_RDS_PMDN_INV
RECONV,SMRT_CMPR_MERG,RECONV.SMRT_CMPR_MERG
RECONV,SMRT_CMPR_SCHEDULE,RECONV.SMRT_CMPR_SCHEDULE
REED,BATCH_JOB_EXECUTION,REED.BATCH_JOB_EXECUTION
REED,BATCH_JOB_EXECUTION_CONTEXT,REED.BATCH_JOB_EXECUTION_CONTEXT
REED,BATCH_JOB_EXECUTION_PARAMS,REED.BATCH_JOB_EXECUTION_PARAMS
REED,BATCH_JOB_INSTANCE,REED.BATCH_JOB_INSTANCE
REED,BATCH_STEP_EXECUTION,REED.BATCH_STEP_EXECUTION
REED,BATCH_STEP_EXECUTION_CONTEXT,REED.BATCH_STEP_EXECUTION_CONTEXT
REED,GTT_ARCDEL_ERROR_AUDIT,REED.GTT_ARCDEL_ERROR_AUDIT
REED,RECYCLE_USAGE_REQUEST,REED.RECYCLE_USAGE_REQUEST
REED,REED_ADJ_ADAPTER,REED.REED_ADJ_ADAPTER
REED,REED_ADJ_ADAPTER_BKP,REED.REED_ADJ_ADAPTER_BKP
REED,REED_ADJ_ADAPTER_DTL,REED.REED_ADJ_ADAPTER_DTL
REED,REED_ARC_DATA_USG_ARRAY,REED.REED_ARC_DATA_USG_ARRAY
REED,REED_ARC_DATA_USG_ARRAY_UMM,REED.REED_ARC_DATA_USG_ARRAY_UMM
REED,REED_ARC_DUP_ERROR_OC_TAP,REED.REED_ARC_DUP_ERROR_OC_TAP
REED,REED_ARC_ERROR_BCE,REED.REED_ARC_ERROR_BCE
REED,REED_ARC_ERROR_DATA,REED.REED_ARC_ERROR_DATA
REED,REED_ARC_ERROR_DATA_UMM,REED.REED_ARC_ERROR_DATA_UMM
REED,REED_COPY_LOGS,REED.REED_COPY_LOGS
REED,REED_CUST_CLEANUP_ERROR,REED.REED_CUST_CLEANUP_ERROR
REED,REED_DATA_USG_ARRAY,REED.REED_DATA_USG_ARRAY
REED,REED_DATA_USG_ARRAY_BKUP,REED.REED_DATA_USG_ARRAY_BKUP
REED,REED_DATA_USG_ARRAY_UMM,REED.REED_DATA_USG_ARRAY_UMM
REED,REED_DBMS_LOGS,REED.REED_DBMS_LOGS
REED,REED_DUP_DATA_USG_ARRAY,REED.REED_DUP_DATA_USG_ARRAY
REED,REED_DUP_DATA_USG_ARRAY_UMM,REED.REED_DUP_DATA_USG_ARRAY_UMM
REED,REED_DUP_ERROR_BCE,REED.REED_DUP_ERROR_BCE
REED,REED_DUP_ERROR_DATA,REED.REED_DUP_ERROR_DATA
REED,REED_DUP_ERROR_DATA_UMM,REED.REED_DUP_ERROR_DATA_UMM
REED,REED_EOC_REJECT_ACCOUNT_STATUS,REED.REED_EOC_REJECT_ACCOUNT_STATUS
REED,REED_EOC_REJECT_ACCT_STATUS,REED.REED_EOC_REJECT_ACCT_STATUS
REED,REED_EOC_REJECT_DATA,REED.REED_EOC_REJECT_DATA
REED,REED_EOC_REJECT_DATA_OLD,REED.REED_EOC_REJECT_DATA_OLD
REED,REED_EOC_REJECT_DATA_OLD_1210,REED.REED_EOC_REJECT_DATA_OLD_1210
REED,REED_EOC_REJECT_MSG,REED.REED_EOC_REJECT_MSG
REED,REED_EOC_REJECT_VOICE,REED.REED_EOC_REJECT_VOICE
REED,REED_ERROR_BCE,REED.REED_ERROR_BCE
REED,REED_ERROR_CIBER_NUP,REED.REED_ERROR_CIBER_NUP
REED,REED_ERROR_DATA,REED.REED_ERROR_DATA
REED,REED_ERROR_DATA_UMM,REED.REED_ERROR_DATA_UMM
REED,REED_ERROR_OC_TAP,REED.REED_ERROR_OC_TAP
REED,REED_GENERAL_ERRORS,REED.REED_GENERAL_ERRORS
REED,REED_JTR_MSG,REED.REED_JTR_MSG
REED,REED_JTR_MSG_ARC,REED.REED_JTR_MSG_ARC
REED,REED_JTR_MSG_BKP_13062024,REED.REED_JTR_MSG_BKP_13062024
REED,REED_JTR_MSG_DUP,REED.REED_JTR_MSG_DUP
REED,REED_JTR_MSG_LOG,REED.REED_JTR_MSG_LOG
REED,REED_JTR_VCE,REED.REED_JTR_VCE
REED,REED_JTR_VCE_ARC,REED.REED_JTR_VCE_ARC
REED,REED_JTR_VCE_DUP,REED.REED_JTR_VCE_DUP
REED,REED_LDR_UNPROCESSED_ERRORS,REED.REED_LDR_UNPROCESSED_ERRORS
REED,REED_LOADER,REED.REED_LOADER
REED,REED_RBM_ALERT,REED.REED_RBM_ALERT
REED,REED_RECON,REED.REED_RECON
REED,REED_RERATE,REED.REED_RERATE
REED,REED_SEEDER_LOADER,REED.REED_SEEDER_LOADER
REED,REED_SEEDER_LOADER2,REED.REED_SEEDER_LOADER2
REED,REED_UNSUPPORTED_PRC,REED.REED_UNSUPPORTED_PRC
REED,REED_VCE_ARC_ERROR_DATA,REED.REED_VCE_ARC_ERROR_DATA
REED,REED_VCE_DUP_ERROR_DATA,REED.REED_VCE_DUP_ERROR_DATA
REED,REED_VCE_ERROR_DATA,REED.REED_VCE_ERROR_DATA
REED,REED_VC_ERROR_BKP,REED.REED_VC_ERROR_BKP
REED,REED_VC_ERROR_OLD,REED.REED_VC_ERROR_OLD
REED,TMP_REED_DATA_USG_ARRAY,REED.TMP_REED_DATA_USG_ARRAY
REED,TMP_REED_DUP_DATA_USG_ARRAY,REED.TMP_REED_DUP_DATA_USG_ARRAY
REED,TMP_REED_DUP_ERROR_DATA,REED.TMP_REED_DUP_ERROR_DATA
REED,TMP_REED_EOC_CET,REED.TMP_REED_EOC_CET
REED,TMP_REED_EOC_CIF,REED.TMP_REED_EOC_CIF
REED,TMP_REED_EOC_REJECT_DATA,REED.TMP_REED_EOC_REJECT_DATA
REED,TMP_REED_ERROR_DATA,REED.TMP_REED_ERROR_DATA
REED,TMP_REED_GENERAL_ERRORS,REED.TMP_REED_GENERAL_ERRORS
REED,TMP_REED_LOADER,REED.TMP_REED_LOADER
REED,TMP_REED_RBM_ALERT,REED.TMP_REED_RBM_ALERT
REED,TMP_REED_SEEDER_LOADER,REED.TMP_REED_SEEDER_LOADER
REED,XXX_DELETE,REED.XXX_DELETE
REED,XXX_REED_LOADER,REED.XXX_REED_LOADER
REED,XXX_REED_VC_ERROR,REED.XXX_REED_VC_ERROR
SCOTT,BONUS,SCOTT.BONUS
SCOTT,DEPT,SCOTT.DEPT
SCOTT,EMP,SCOTT.EMP
SCOTT,SALGRADE,SCOTT.SALGRADE
SYSMAN,AQ$_MGMT_LOADER_QTABLE_G,SYSMAN.AQ$_MGMT_LOADER_QTABLE_G
SYSMAN,AQ$_MGMT_LOADER_QTABLE_H,SYSMAN.AQ$_MGMT_LOADER_QTABLE_H
SYSMAN,AQ$_MGMT_LOADER_QTABLE_I,SYSMAN.AQ$_MGMT_LOADER_QTABLE_I
SYSMAN,AQ$_MGMT_LOADER_QTABLE_L,SYSMAN.AQ$_MGMT_LOADER_QTABLE_L
SYSMAN,AQ$_MGMT_LOADER_QTABLE_S,SYSMAN.AQ$_MGMT_LOADER_QTABLE_S
SYSMAN,AQ$_MGMT_LOADER_QTABLE_T,SYSMAN.AQ$_MGMT_LOADER_QTABLE_T
SYSMAN,AQ$_MGMT_NOTIFY_QTABLE_G,SYSMAN.AQ$_MGMT_NOTIFY_QTABLE_G
SYSMAN,AQ$_MGMT_NOTIFY_QTABLE_H,SYSMAN.AQ$_MGMT_NOTIFY_QTABLE_H
SYSMAN,AQ$_MGMT_NOTIFY_QTABLE_I,SYSMAN.AQ$_MGMT_NOTIFY_QTABLE_I
SYSMAN,AQ$_MGMT_NOTIFY_QTABLE_L,SYSMAN.AQ$_MGMT_NOTIFY_QTABLE_L
SYSMAN,AQ$_MGMT_NOTIFY_QTABLE_S,SYSMAN.AQ$_MGMT_NOTIFY_QTABLE_S
SYSMAN,AQ$_MGMT_NOTIFY_QTABLE_T,SYSMAN.AQ$_MGMT_NOTIFY_QTABLE_T
SYSMAN,DB_USER_PREFERENCES,SYSMAN.DB_USER_PREFERENCES
SYSMAN,EMDW_TRACE_CONFIG,SYSMAN.EMDW_TRACE_CONFIG
SYSMAN,EMDW_TRACE_DATA,SYSMAN.EMDW_TRACE_DATA
SYSMAN,EM_COMPARISON_SUMMARY,SYSMAN.EM_COMPARISON_SUMMARY
SYSMAN,EM_IPW_INFO,SYSMAN.EM_IPW_INFO
SYSMAN,EM_PAGE_CONDITION_METADATA,SYSMAN.EM_PAGE_CONDITION_METADATA
SYSMAN,EM_PAGE_CUSTOMIZATIONS,SYSMAN.EM_PAGE_CUSTOMIZATIONS
SYSMAN,EM_PAGE_CUSTOM_CONDITIONS,SYSMAN.EM_PAGE_CUSTOM_CONDITIONS
SYSMAN,EM_PAGE_CUST_METADATA,SYSMAN.EM_PAGE_CUST_METADATA
SYSMAN,ESM_COLLECTION,SYSMAN.ESM_COLLECTION
SYSMAN,EUME2E_ASSOCS_LOOKUP,SYSMAN.EUME2E_ASSOCS_LOOKUP
SYSMAN,MGMT_ADMIN_LICENSES,SYSMAN.MGMT_ADMIN_LICENSES
SYSMAN,MGMT_ADMIN_METRIC_THRESHOLDS,SYSMAN.MGMT_ADMIN_METRIC_THRESHOLDS
SYSMAN,MGMT_AGENT_SEC_INFO,SYSMAN.MGMT_AGENT_SEC_INFO
SYSMAN,MGMT_ALL_TARGET_PROPS,SYSMAN.MGMT_ALL_TARGET_PROPS
SYSMAN,MGMT_ANNOTATION,SYSMAN.MGMT_ANNOTATION
SYSMAN,MGMT_ARU_CREDENTIALS,SYSMAN.MGMT_ARU_CREDENTIALS
SYSMAN,MGMT_ARU_FAMILY_PRODUCT_MAP,SYSMAN.MGMT_ARU_FAMILY_PRODUCT_MAP
SYSMAN,MGMT_ARU_LANGUAGES,SYSMAN.MGMT_ARU_LANGUAGES
SYSMAN,MGMT_ARU_OUI_COMPONENTS,SYSMAN.MGMT_ARU_OUI_COMPONENTS
SYSMAN,MGMT_ARU_PLATFORMS,SYSMAN.MGMT_ARU_PLATFORMS
SYSMAN,MGMT_ARU_PRODUCTS,SYSMAN.MGMT_ARU_PRODUCTS
SYSMAN,MGMT_ARU_PRODUCT_RELEASE_MAP,SYSMAN.MGMT_ARU_PRODUCT_RELEASE_MAP
SYSMAN,MGMT_ARU_RELEASES,SYSMAN.MGMT_ARU_RELEASES
SYSMAN,MGMT_AUDIT_CUSTOM_ATTRIBS,SYSMAN.MGMT_AUDIT_CUSTOM_ATTRIBS
SYSMAN,MGMT_AUDIT_DESTINATION,SYSMAN.MGMT_AUDIT_DESTINATION
SYSMAN,MGMT_AUDIT_LOGS,SYSMAN.MGMT_AUDIT_LOGS
SYSMAN,MGMT_AUDIT_MASTER,SYSMAN.MGMT_AUDIT_MASTER
SYSMAN,MGMT_AVAILABILITY,SYSMAN.MGMT_AVAILABILITY
SYSMAN,MGMT_AVAILABILITY_MARKER,SYSMAN.MGMT_AVAILABILITY_MARKER
SYSMAN,MGMT_AVAILABILITY_RBK,SYSMAN.MGMT_AVAILABILITY_RBK
SYSMAN,MGMT_AVAILABLE_SEARCHES,SYSMAN.MGMT_AVAILABLE_SEARCHES
SYSMAN,MGMT_BACKUP_CONFIGURATION,SYSMAN.MGMT_BACKUP_CONFIGURATION
SYSMAN,MGMT_BAM_DATA_HUBS,SYSMAN.MGMT_BAM_DATA_HUBS
SYSMAN,MGMT_BAM_DATA_ISESSIONS,SYSMAN.MGMT_BAM_DATA_ISESSIONS
SYSMAN,MGMT_BAM_DATA_OSESSIONS,SYSMAN.MGMT_BAM_DATA_OSESSIONS
SYSMAN,MGMT_BAM_ISESSION_DATASOURCE,SYSMAN.MGMT_BAM_ISESSION_DATASOURCE
SYSMAN,MGMT_BAM_ISESSION_DIAG,SYSMAN.MGMT_BAM_ISESSION_DIAG
SYSMAN,MGMT_BAM_ISESSION_KPIS,SYSMAN.MGMT_BAM_ISESSION_KPIS
SYSMAN,MGMT_BAM_OSESSION_ALERTS,SYSMAN.MGMT_BAM_OSESSION_ALERTS
SYSMAN,MGMT_BAM_OSESSION_DIAG,SYSMAN.MGMT_BAM_OSESSION_DIAG
SYSMAN,MGMT_BAM_OSESSION_METRICS,SYSMAN.MGMT_BAM_OSESSION_METRICS
SYSMAN,MGMT_BAM_OSESSION_STATUS,SYSMAN.MGMT_BAM_OSESSION_STATUS
SYSMAN,MGMT_BCN_AVAIL_DEF,SYSMAN.MGMT_BCN_AVAIL_DEF
SYSMAN,MGMT_BCN_AVAIL_JOB,SYSMAN.MGMT_BCN_AVAIL_JOB
SYSMAN,MGMT_BCN_AVAIL_LOG,SYSMAN.MGMT_BCN_AVAIL_LOG
SYSMAN,MGMT_BCN_BCNSTEP_PROPS,SYSMAN.MGMT_BCN_BCNSTEP_PROPS
SYSMAN,MGMT_BCN_BCNTXN_PROPS,SYSMAN.MGMT_BCN_BCNTXN_PROPS
SYSMAN,MGMT_BCN_STEPGROUP_DEFN,SYSMAN.MGMT_BCN_STEPGROUP_DEFN
SYSMAN,MGMT_BCN_STEPGROUP_STEPS,SYSMAN.MGMT_BCN_STEPGROUP_STEPS
SYSMAN,MGMT_BCN_STEP_DEFN,SYSMAN.MGMT_BCN_STEP_DEFN
SYSMAN,MGMT_BCN_STEP_PROPS,SYSMAN.MGMT_BCN_STEP_PROPS
SYSMAN,MGMT_BCN_TARGET,SYSMAN.MGMT_BCN_TARGET
SYSMAN,MGMT_BCN_TXN_AUDIT,SYSMAN.MGMT_BCN_TXN_AUDIT
SYSMAN,MGMT_BCN_TXN_DEFN,SYSMAN.MGMT_BCN_TXN_DEFN
SYSMAN,MGMT_BCN_TXN_PROPS,SYSMAN.MGMT_BCN_TXN_PROPS
SYSMAN,MGMT_BLACKOUTS,SYSMAN.MGMT_BLACKOUTS
SYSMAN,MGMT_BLACKOUT_FLAT_TARGETS,SYSMAN.MGMT_BLACKOUT_FLAT_TARGETS
SYSMAN,MGMT_BLACKOUT_HISTORY,SYSMAN.MGMT_BLACKOUT_HISTORY
SYSMAN,MGMT_BLACKOUT_PROXY_TARGETS,SYSMAN.MGMT_BLACKOUT_PROXY_TARGETS
SYSMAN,MGMT_BLACKOUT_REASON,SYSMAN.MGMT_BLACKOUT_REASON
SYSMAN,MGMT_BLACKOUT_SCHEDULE,SYSMAN.MGMT_BLACKOUT_SCHEDULE
SYSMAN,MGMT_BLACKOUT_STATE,SYSMAN.MGMT_BLACKOUT_STATE
SYSMAN,MGMT_BLACKOUT_TARGET_DETAILS,SYSMAN.MGMT_BLACKOUT_TARGET_DETAILS
SYSMAN,MGMT_BLACKOUT_WINDOWS,SYSMAN.MGMT_BLACKOUT_WINDOWS
SYSMAN,MGMT_BSLN_BASELINES,SYSMAN.MGMT_BSLN_BASELINES
SYSMAN,MGMT_BSLN_DATASOURCES,SYSMAN.MGMT_BSLN_DATASOURCES
SYSMAN,MGMT_BSLN_INTERVALS,SYSMAN.MGMT_BSLN_INTERVALS
SYSMAN,MGMT_BSLN_METRICS,SYSMAN.MGMT_BSLN_METRICS
SYSMAN,MGMT_BSLN_RAWDATA,SYSMAN.MGMT_BSLN_RAWDATA
SYSMAN,MGMT_BSLN_STATISTICS,SYSMAN.MGMT_BSLN_STATISTICS
SYSMAN,MGMT_BSLN_THRESHOLD_PARMS,SYSMAN.MGMT_BSLN_THRESHOLD_PARMS
SYSMAN,MGMT_BUG_ADVISORY,SYSMAN.MGMT_BUG_ADVISORY
SYSMAN,MGMT_BUG_ADVISORY_BUG,SYSMAN.MGMT_BUG_ADVISORY_BUG
SYSMAN,MGMT_BUG_ADV_HOME_PATCH,SYSMAN.MGMT_BUG_ADV_HOME_PATCH
SYSMAN,MGMT_BUG_AVAILABLE_PATCH,SYSMAN.MGMT_BUG_AVAILABLE_PATCH
SYSMAN,MGMT_BUG_FIX_APPLICABLE_COMP,SYSMAN.MGMT_BUG_FIX_APPLICABLE_COMP
SYSMAN,MGMT_BUG_FIX_APPLIC_COMP_LIST,SYSMAN.MGMT_BUG_FIX_APPLIC_COMP_LIST
SYSMAN,MGMT_BUG_PATCH_CERTIFICATE,SYSMAN.MGMT_BUG_PATCH_CERTIFICATE
SYSMAN,MGMT_BUG_PATCH_FIXES_BUG,SYSMAN.MGMT_BUG_PATCH_FIXES_BUG
SYSMAN,MGMT_BUG_PATCH_PLATFORM,SYSMAN.MGMT_BUG_PATCH_PLATFORM
SYSMAN,MGMT_CALLBACKS,SYSMAN.MGMT_CALLBACKS
SYSMAN,MGMT_CATEGORIES,SYSMAN.MGMT_CATEGORIES
SYSMAN,MGMT_CATEGORY_CLASSES,SYSMAN.MGMT_CATEGORY_CLASSES
SYSMAN,MGMT_CATEGORY_MAP,SYSMAN.MGMT_CATEGORY_MAP
SYSMAN,MGMT_CHANGE_AGENT_URL,SYSMAN.MGMT_CHANGE_AGENT_URL
SYSMAN,MGMT_CM_BASELINES,SYSMAN.MGMT_CM_BASELINES
SYSMAN,MGMT_CM_BASELINE_CONS_GROUPS,SYSMAN.MGMT_CM_BASELINE_CONS_GROUPS
SYSMAN,MGMT_CM_BASELINE_DEPENDENCIES,SYSMAN.MGMT_CM_BASELINE_DEPENDENCIES
SYSMAN,MGMT_CM_BASELINE_DEPENDENTS,SYSMAN.MGMT_CM_BASELINE_DEPENDENTS
SYSMAN,MGMT_CM_BASELINE_INIT_PARAMS,SYSMAN.MGMT_CM_BASELINE_INIT_PARAMS
SYSMAN,MGMT_CM_BASELINE_OBJECTS,SYSMAN.MGMT_CM_BASELINE_OBJECTS
SYSMAN,MGMT_CM_BASELINE_OBJGRANTS,SYSMAN.MGMT_CM_BASELINE_OBJGRANTS
SYSMAN,MGMT_CM_BASELINE_PROXYGRANTS,SYSMAN.MGMT_CM_BASELINE_PROXYGRANTS
SYSMAN,MGMT_CM_BASELINE_QUOTAGRANTS,SYSMAN.MGMT_CM_BASELINE_QUOTAGRANTS
SYSMAN,MGMT_CM_BASELINE_ROLEGRANTS,SYSMAN.MGMT_CM_BASELINE_ROLEGRANTS
SYSMAN,MGMT_CM_BASELINE_SYSGRANTS,SYSMAN.MGMT_CM_BASELINE_SYSGRANTS
SYSMAN,MGMT_CM_BASELINE_VERSIONS,SYSMAN.MGMT_CM_BASELINE_VERSIONS
SYSMAN,MGMT_CM_COMPARISONS,SYSMAN.MGMT_CM_COMPARISONS
SYSMAN,MGMT_CM_COMPARISON_INIT_PRMS,SYSMAN.MGMT_CM_COMPARISON_INIT_PRMS
SYSMAN,MGMT_CM_COMPARISON_OBJECTS,SYSMAN.MGMT_CM_COMPARISON_OBJECTS
SYSMAN,MGMT_CM_COMPARISON_VERSIONS,SYSMAN.MGMT_CM_COMPARISON_VERSIONS
SYSMAN,MGMT_CM_SCHEMA_MAPS,SYSMAN.MGMT_CM_SCHEMA_MAPS
SYSMAN,MGMT_CM_SCOPESPECS,SYSMAN.MGMT_CM_SCOPESPECS
SYSMAN,MGMT_CM_SCOPESPEC_NAMES,SYSMAN.MGMT_CM_SCOPESPEC_NAMES
SYSMAN,MGMT_CM_SYNCHRONIZATIONS,SYSMAN.MGMT_CM_SYNCHRONIZATIONS
SYSMAN,MGMT_CM_SYNCH_IMPACT_REPORTS,SYSMAN.MGMT_CM_SYNCH_IMPACT_REPORTS
SYSMAN,MGMT_CM_SYNCH_OBJECTS,SYSMAN.MGMT_CM_SYNCH_OBJECTS
SYSMAN,MGMT_CM_SYNCH_SCRIPTS,SYSMAN.MGMT_CM_SYNCH_SCRIPTS
SYSMAN,MGMT_CM_SYNCH_VERSIONS,SYSMAN.MGMT_CM_SYNCH_VERSIONS
SYSMAN,MGMT_COLLECTIONS,SYSMAN.MGMT_COLLECTIONS
SYSMAN,MGMT_COLLECTION_CREDENTIALS,SYSMAN.MGMT_COLLECTION_CREDENTIALS
SYSMAN,MGMT_COLLECTION_METRIC_TASKS,SYSMAN.MGMT_COLLECTION_METRIC_TASKS
SYSMAN,MGMT_COLLECTION_TASKS,SYSMAN.MGMT_COLLECTION_TASKS
SYSMAN,MGMT_COLLECTION_TASK_CONTEXT,SYSMAN.MGMT_COLLECTION_TASK_CONTEXT
SYSMAN,MGMT_COLLECTION_TEMPLATE_CREDS,SYSMAN.MGMT_COLLECTION_TEMPLATE_CREDS
SYSMAN,MGMT_COLLECTION_WORKERS,SYSMAN.MGMT_COLLECTION_WORKERS
SYSMAN,MGMT_COLL_ITEMS,SYSMAN.MGMT_COLL_ITEMS
SYSMAN,MGMT_COLL_ITEM_METRICS,SYSMAN.MGMT_COLL_ITEM_METRICS
SYSMAN,MGMT_COLL_ITEM_PROPERTIES,SYSMAN.MGMT_COLL_ITEM_PROPERTIES
SYSMAN,MGMT_COMP_RESULT_TO_JOB_MAP,SYSMAN.MGMT_COMP_RESULT_TO_JOB_MAP
SYSMAN,MGMT_COMP_SNAPSHOT_TO_STEP_MAP,SYSMAN.MGMT_COMP_SNAPSHOT_TO_STEP_MAP
SYSMAN,MGMT_CONFIG_ACTIVITIES,SYSMAN.MGMT_CONFIG_ACTIVITIES
SYSMAN,MGMT_CONTAINER_CREDENTIALS,SYSMAN.MGMT_CONTAINER_CREDENTIALS
SYSMAN,MGMT_CORRECTIVE_ACTION,SYSMAN.MGMT_CORRECTIVE_ACTION
SYSMAN,MGMT_CPF_METRIC_SOURCE,SYSMAN.MGMT_CPF_METRIC_SOURCE
SYSMAN,MGMT_CREATED_USERS,SYSMAN.MGMT_CREATED_USERS
SYSMAN,MGMT_CREDENTIALS,SYSMAN.MGMT_CREDENTIALS
SYSMAN,MGMT_CREDENTIALS2,SYSMAN.MGMT_CREDENTIALS2
SYSMAN,MGMT_CREDENTIAL_SETS,SYSMAN.MGMT_CREDENTIAL_SETS
SYSMAN,MGMT_CREDENTIAL_SET_COLUMNS,SYSMAN.MGMT_CREDENTIAL_SET_COLUMNS
SYSMAN,MGMT_CREDENTIAL_SET_COL_VALS,SYSMAN.MGMT_CREDENTIAL_SET_COL_VALS
SYSMAN,MGMT_CREDENTIAL_TYPES,SYSMAN.MGMT_CREDENTIAL_TYPES
SYSMAN,MGMT_CREDENTIAL_TYPE_COLUMNS,SYSMAN.MGMT_CREDENTIAL_TYPE_COLUMNS
SYSMAN,MGMT_CREDENTIAL_TYPE_COL_VALS,SYSMAN.MGMT_CREDENTIAL_TYPE_COL_VALS
SYSMAN,MGMT_CREDENTIAL_TYPE_REF,SYSMAN.MGMT_CREDENTIAL_TYPE_REF
SYSMAN,MGMT_CSTMZ_CHARTS,SYSMAN.MGMT_CSTMZ_CHARTS
SYSMAN,MGMT_CSTMZ_CHART_SELTARGETS,SYSMAN.MGMT_CSTMZ_CHART_SELTARGETS
SYSMAN,MGMT_CSTMZ_CUSTOM_COLUMNS,SYSMAN.MGMT_CSTMZ_CUSTOM_COLUMNS
SYSMAN,MGMT_CSTMZ_DEFAULT_CHART,SYSMAN.MGMT_CSTMZ_DEFAULT_CHART
SYSMAN,MGMT_CSTMZ_SUMMARY_CHART_DEF,SYSMAN.MGMT_CSTMZ_SUMMARY_CHART_DEF
SYSMAN,MGMT_CS_CONFIG_STANDARD,SYSMAN.MGMT_CS_CONFIG_STANDARD
SYSMAN,MGMT_CS_EVAL_SUMM_RQS,SYSMAN.MGMT_CS_EVAL_SUMM_RQS
SYSMAN,MGMT_CS_EVAL_SUMM_RULE,SYSMAN.MGMT_CS_EVAL_SUMM_RULE
SYSMAN,MGMT_CS_EVAL_SUMM_RULEFOLDER,SYSMAN.MGMT_CS_EVAL_SUMM_RULEFOLDER
SYSMAN,MGMT_CS_HIERARCHY,SYSMAN.MGMT_CS_HIERARCHY
SYSMAN,MGMT_CS_INCLUSION,SYSMAN.MGMT_CS_INCLUSION
SYSMAN,MGMT_CS_INCLUSION_PARAMETER,SYSMAN.MGMT_CS_INCLUSION_PARAMETER
SYSMAN,MGMT_CS_KEYWORD,SYSMAN.MGMT_CS_KEYWORD
SYSMAN,MGMT_CS_PARAMETER,SYSMAN.MGMT_CS_PARAMETER
SYSMAN,MGMT_CS_PARAMETER_CHOICES,SYSMAN.MGMT_CS_PARAMETER_CHOICES
SYSMAN,MGMT_CS_REUSABLE_QUERY,SYSMAN.MGMT_CS_REUSABLE_QUERY
SYSMAN,MGMT_CS_RQS_HIERARCHY,SYSMAN.MGMT_CS_RQS_HIERARCHY
SYSMAN,MGMT_CS_RQS_INCLUSION,SYSMAN.MGMT_CS_RQS_INCLUSION
SYSMAN,MGMT_CS_RULE,SYSMAN.MGMT_CS_RULE
SYSMAN,MGMT_CS_RULEFOLDER,SYSMAN.MGMT_CS_RULEFOLDER
SYSMAN,MGMT_CS_RULE_FIX_LINK,SYSMAN.MGMT_CS_RULE_FIX_LINK
SYSMAN,MGMT_CS_RULE_SIMPLE_TEST,SYSMAN.MGMT_CS_RULE_SIMPLE_TEST
SYSMAN,MGMT_CS_RULE_VIOL_CTX,SYSMAN.MGMT_CS_RULE_VIOL_CTX
SYSMAN,MGMT_CS_SCHEDULED_EVAL,SYSMAN.MGMT_CS_SCHEDULED_EVAL
SYSMAN,MGMT_CURRENT_AVAILABILITY,SYSMAN.MGMT_CURRENT_AVAILABILITY
SYSMAN,MGMT_CURRENT_METRICS,SYSMAN.MGMT_CURRENT_METRICS
SYSMAN,MGMT_CURRENT_METRIC_ERRORS,SYSMAN.MGMT_CURRENT_METRIC_ERRORS
SYSMAN,MGMT_CURRENT_VIOLATION,SYSMAN.MGMT_CURRENT_VIOLATION
SYSMAN,MGMT_DBNET_TNS_ADMINS,SYSMAN.MGMT_DBNET_TNS_ADMINS
SYSMAN,MGMT_DB_CONTROLFILES_ECM,SYSMAN.MGMT_DB_CONTROLFILES_ECM
SYSMAN,MGMT_DB_DATAFILES_ECM,SYSMAN.MGMT_DB_DATAFILES_ECM
SYSMAN,MGMT_DB_DBNINSTANCEINFO_ECM,SYSMAN.MGMT_DB_DBNINSTANCEINFO_ECM
SYSMAN,MGMT_DB_FEATUREUSAGE,SYSMAN.MGMT_DB_FEATUREUSAGE
SYSMAN,MGMT_DB_HDM_METRIC_HELPER,SYSMAN.MGMT_DB_HDM_METRIC_HELPER
SYSMAN,MGMT_DB_INIT_PARAMS_ECM,SYSMAN.MGMT_DB_INIT_PARAMS_ECM
SYSMAN,MGMT_DB_INVOBJS_ECM,SYSMAN.MGMT_DB_INVOBJS_ECM
SYSMAN,MGMT_DB_LATEST_HDM_FINDINGS,SYSMAN.MGMT_DB_LATEST_HDM_FINDINGS
SYSMAN,MGMT_DB_LICENSE_ECM,SYSMAN.MGMT_DB_LICENSE_ECM
SYSMAN,MGMT_DB_OPTIONS_ECM,SYSMAN.MGMT_DB_OPTIONS_ECM
SYSMAN,MGMT_DB_RECSEGMENTSETTINGS_ECM,SYSMAN.MGMT_DB_RECSEGMENTSETTINGS_ECM
SYSMAN,MGMT_DB_RECTSSETTINGS_ECM,SYSMAN.MGMT_DB_RECTSSETTINGS_ECM
SYSMAN,MGMT_DB_RECUSERSETTINGS_ECM,SYSMAN.MGMT_DB_RECUSERSETTINGS_ECM
SYSMAN,MGMT_DB_REDOLOGS_ECM,SYSMAN.MGMT_DB_REDOLOGS_ECM
SYSMAN,MGMT_DB_ROLLBACK_SEGS_ECM,SYSMAN.MGMT_DB_ROLLBACK_SEGS_ECM
SYSMAN,MGMT_DB_SGA_ECM,SYSMAN.MGMT_DB_SGA_ECM
SYSMAN,MGMT_DB_TABLESPACES_ECM,SYSMAN.MGMT_DB_TABLESPACES_ECM
SYSMAN,MGMT_DELTA_COMPARISON_DELTAS,SYSMAN.MGMT_DELTA_COMPARISON_DELTAS
SYSMAN,MGMT_DELTA_COMP_DELTA_DETAILS,SYSMAN.MGMT_DELTA_COMP_DELTA_DETAILS
SYSMAN,MGMT_DELTA_COMP_KEY_COLS,SYSMAN.MGMT_DELTA_COMP_KEY_COLS
SYSMAN,MGMT_DELTA_COMP_PROPERTIES,SYSMAN.MGMT_DELTA_COMP_PROPERTIES
SYSMAN,MGMT_DELTA_COMP_SUMMARIES,SYSMAN.MGMT_DELTA_COMP_SUMMARIES
SYSMAN,MGMT_DELTA_ENTRY,SYSMAN.MGMT_DELTA_ENTRY
SYSMAN,MGMT_DELTA_ENTRY_VALUES,SYSMAN.MGMT_DELTA_ENTRY_VALUES
SYSMAN,MGMT_DELTA_IDS,SYSMAN.MGMT_DELTA_IDS
SYSMAN,MGMT_DELTA_ID_VALUES,SYSMAN.MGMT_DELTA_ID_VALUES
SYSMAN,MGMT_DELTA_SAVED_COMPARISON,SYSMAN.MGMT_DELTA_SAVED_COMPARISON
SYSMAN,MGMT_DELTA_SNAP,SYSMAN.MGMT_DELTA_SNAP
SYSMAN,MGMT_DELTA_SUMMARY_ERRORS,SYSMAN.MGMT_DELTA_SUMMARY_ERRORS
SYSMAN,MGMT_DEPLOYMENT_SECTIONS,SYSMAN.MGMT_DEPLOYMENT_SECTIONS
SYSMAN,MGMT_DIROBJ_USERS_HOTLIST,SYSMAN.MGMT_DIROBJ_USERS_HOTLIST
SYSMAN,MGMT_DM_ALITEMS,SYSMAN.MGMT_DM_ALITEMS
SYSMAN,MGMT_DM_COLUMN_RULES,SYSMAN.MGMT_DM_COLUMN_RULES
SYSMAN,MGMT_DM_INFCONS_COLUMNS,SYSMAN.MGMT_DM_INFCONS_COLUMNS
SYSMAN,MGMT_DM_JOB_EXECUTIONS,SYSMAN.MGMT_DM_JOB_EXECUTIONS
SYSMAN,MGMT_DM_RULEENTRY,SYSMAN.MGMT_DM_RULEENTRY
SYSMAN,MGMT_DM_RULETEMPLATES,SYSMAN.MGMT_DM_RULETEMPLATES
SYSMAN,MGMT_DM_SCOPESPECS,SYSMAN.MGMT_DM_SCOPESPECS
SYSMAN,MGMT_DM_SS_COLUMNS,SYSMAN.MGMT_DM_SS_COLUMNS
SYSMAN,MGMT_DUPLICATE_TARGETS,SYSMAN.MGMT_DUPLICATE_TARGETS
SYSMAN,MGMT_E2E_DETAILS,SYSMAN.MGMT_E2E_DETAILS
SYSMAN,MGMT_E2E_DETAILS_1DAY,SYSMAN.MGMT_E2E_DETAILS_1DAY
SYSMAN,MGMT_E2E_DETAILS_1HOUR,SYSMAN.MGMT_E2E_DETAILS_1HOUR
SYSMAN,MGMT_E2E_JDBC,SYSMAN.MGMT_E2E_JDBC
SYSMAN,MGMT_E2E_JDBC_1DAY,SYSMAN.MGMT_E2E_JDBC_1DAY
SYSMAN,MGMT_E2E_JDBC_1HOUR,SYSMAN.MGMT_E2E_JDBC_1HOUR
SYSMAN,MGMT_E2E_SQL,SYSMAN.MGMT_E2E_SQL
SYSMAN,MGMT_E2E_SQL_1DAY,SYSMAN.MGMT_E2E_SQL_1DAY
SYSMAN,MGMT_E2E_SQL_1HOUR,SYSMAN.MGMT_E2E_SQL_1HOUR
SYSMAN,MGMT_E2E_SQL_CONN,SYSMAN.MGMT_E2E_SQL_CONN
SYSMAN,MGMT_E2E_SQL_STMT,SYSMAN.MGMT_E2E_SQL_STMT
SYSMAN,MGMT_E2E_SUMMARY,SYSMAN.MGMT_E2E_SUMMARY
SYSMAN,MGMT_E2E_SUMMARY_1DAY,SYSMAN.MGMT_E2E_SUMMARY_1DAY
SYSMAN,MGMT_E2E_SUMMARY_1HOUR,SYSMAN.MGMT_E2E_SUMMARY_1HOUR
SYSMAN,MGMT_ECM_ARU_MAP,SYSMAN.MGMT_ECM_ARU_MAP
SYSMAN,MGMT_ECM_CLUSTER_NODE_INFO,SYSMAN.MGMT_ECM_CLUSTER_NODE_INFO
SYSMAN,MGMT_ECM_CSA,SYSMAN.MGMT_ECM_CSA
SYSMAN,MGMT_ECM_CSA_APPID_TARGET_MAP,SYSMAN.MGMT_ECM_CSA_APPID_TARGET_MAP
SYSMAN,MGMT_ECM_CSA_COOKIES,SYSMAN.MGMT_ECM_CSA_COOKIES
SYSMAN,MGMT_ECM_CSA_CUSTOM,SYSMAN.MGMT_ECM_CSA_CUSTOM
SYSMAN,MGMT_ECM_CSA_FAILED,SYSMAN.MGMT_ECM_CSA_FAILED
SYSMAN,MGMT_ECM_CSA_GENERAL_INFO,SYSMAN.MGMT_ECM_CSA_GENERAL_INFO
SYSMAN,MGMT_ECM_CSA_OUT_OF_BOX,SYSMAN.MGMT_ECM_CSA_OUT_OF_BOX
SYSMAN,MGMT_ECM_CSA_RULES,SYSMAN.MGMT_ECM_CSA_RULES
SYSMAN,MGMT_ECM_CSA_SNAPSHOT_INFO,SYSMAN.MGMT_ECM_CSA_SNAPSHOT_INFO
SYSMAN,MGMT_ECM_GEN_SNAPSHOT,SYSMAN.MGMT_ECM_GEN_SNAPSHOT
SYSMAN,MGMT_ECM_HOSTPATCH_COMPL_HIST,SYSMAN.MGMT_ECM_HOSTPATCH_COMPL_HIST
SYSMAN,MGMT_ECM_HOSTPATCH_GROUPS,SYSMAN.MGMT_ECM_HOSTPATCH_GROUPS
SYSMAN,MGMT_ECM_HOSTPATCH_GROUP_REPOS,SYSMAN.MGMT_ECM_HOSTPATCH_GROUP_REPOS
SYSMAN,MGMT_ECM_HOSTPATCH_HOSTS,SYSMAN.MGMT_ECM_HOSTPATCH_HOSTS
SYSMAN,MGMT_ECM_HOSTPATCH_HOST_COMPL,SYSMAN.MGMT_ECM_HOSTPATCH_HOST_COMPL
SYSMAN,MGMT_ECM_HOSTPATCH_REPOS,SYSMAN.MGMT_ECM_HOSTPATCH_REPOS
SYSMAN,MGMT_ECM_HOSTPATCH_REPOS_PKGS,SYSMAN.MGMT_ECM_HOSTPATCH_REPOS_PKGS
SYSMAN,MGMT_ECM_HOST_CONFIGS_TO_DEL,SYSMAN.MGMT_ECM_HOST_CONFIGS_TO_DEL
SYSMAN,MGMT_ECM_HW,SYSMAN.MGMT_ECM_HW
SYSMAN,MGMT_ECM_HW_CPU,SYSMAN.MGMT_ECM_HW_CPU
SYSMAN,MGMT_ECM_HW_IOCARD,SYSMAN.MGMT_ECM_HW_IOCARD
SYSMAN,MGMT_ECM_HW_NIC,SYSMAN.MGMT_ECM_HW_NIC
SYSMAN,MGMT_ECM_LOADED_FILES,SYSMAN.MGMT_ECM_LOADED_FILES
SYSMAN,MGMT_ECM_MD_ALL_TBL_COLUMNS,SYSMAN.MGMT_ECM_MD_ALL_TBL_COLUMNS
SYSMAN,MGMT_ECM_MD_HIST_TBLS,SYSMAN.MGMT_ECM_MD_HIST_TBLS
SYSMAN,MGMT_ECM_OS,SYSMAN.MGMT_ECM_OS
SYSMAN,MGMT_ECM_OS_COMPONENT,SYSMAN.MGMT_ECM_OS_COMPONENT
SYSMAN,MGMT_ECM_OS_FILESYSTEM,SYSMAN.MGMT_ECM_OS_FILESYSTEM
SYSMAN,MGMT_ECM_OS_PROPERTY,SYSMAN.MGMT_ECM_OS_PROPERTY
SYSMAN,MGMT_ECM_OS_REGISTERED_SW,SYSMAN.MGMT_ECM_OS_REGISTERED_SW
SYSMAN,MGMT_ECM_OS_REGISTERED_SW_COMP,SYSMAN.MGMT_ECM_OS_REGISTERED_SW_COMP
SYSMAN,MGMT_ECM_PATCH_CACHE,SYSMAN.MGMT_ECM_PATCH_CACHE
SYSMAN,MGMT_ECM_RESOURCES,SYSMAN.MGMT_ECM_RESOURCES
SYSMAN,MGMT_ECM_SAVEDHOSTCONFIG,SYSMAN.MGMT_ECM_SAVEDHOSTCONFIG
SYSMAN,MGMT_ECM_SNAPSHOT,SYSMAN.MGMT_ECM_SNAPSHOT
SYSMAN,MGMT_ECM_SNAPSHOT_MD_COLUMNS,SYSMAN.MGMT_ECM_SNAPSHOT_MD_COLUMNS
SYSMAN,MGMT_ECM_SNAPSHOT_MD_TABLES,SYSMAN.MGMT_ECM_SNAPSHOT_MD_TABLES
SYSMAN,MGMT_ECM_SNAPSHOT_METADATA,SYSMAN.MGMT_ECM_SNAPSHOT_METADATA
SYSMAN,MGMT_ECM_SNAP_COMPONENT_INFO,SYSMAN.MGMT_ECM_SNAP_COMPONENT_INFO
SYSMAN,MGMT_ECM_ULN_CHANNELS,SYSMAN.MGMT_ECM_ULN_CHANNELS
SYSMAN,MGMT_ECM_ULN_CHANNEL_PKGS,SYSMAN.MGMT_ECM_ULN_CHANNEL_PKGS
SYSMAN,MGMT_ECM_ULN_CH_ADV,SYSMAN.MGMT_ECM_ULN_CH_ADV
SYSMAN,MGMT_ECM_ULN_SS_CHANNELS,SYSMAN.MGMT_ECM_ULN_SS_CHANNELS
SYSMAN,MGMT_ECM_ULN_STAGE_SERVERS,SYSMAN.MGMT_ECM_ULN_STAGE_SERVERS
SYSMAN,MGMT_EMD_PING,SYSMAN.MGMT_EMD_PING
SYSMAN,MGMT_EMD_PING_CHECK,SYSMAN.MGMT_EMD_PING_CHECK
SYSMAN,MGMT_EMX_CELL_CD_CONFIG,SYSMAN.MGMT_EMX_CELL_CD_CONFIG
SYSMAN,MGMT_EMX_CELL_C_CONFIG,SYSMAN.MGMT_EMX_CELL_C_CONFIG
SYSMAN,MGMT_EMX_CELL_GD_CONFIG,SYSMAN.MGMT_EMX_CELL_GD_CONFIG
SYSMAN,MGMT_EMX_CELL_IORM_CONFIG,SYSMAN.MGMT_EMX_CELL_IORM_CONFIG
SYSMAN,MGMT_EMX_CELL_L_CONFIG,SYSMAN.MGMT_EMX_CELL_L_CONFIG
SYSMAN,MGMT_EMX_CELL_PD_CONFIG,SYSMAN.MGMT_EMX_CELL_PD_CONFIG
SYSMAN,MGMT_ENTERPRISE_CREDENTIALS,SYSMAN.MGMT_ENTERPRISE_CREDENTIALS
SYSMAN,MGMT_ERROR_MASTER,SYSMAN.MGMT_ERROR_MASTER
SYSMAN,MGMT_ESA_REPORT,SYSMAN.MGMT_ESA_REPORT
SYSMAN,MGMT_FAILED_CONFIG_ACTIVITIES,SYSMAN.MGMT_FAILED_CONFIG_ACTIVITIES
SYSMAN,MGMT_FAILOVER_CALLBACKS,SYSMAN.MGMT_FAILOVER_CALLBACKS
SYSMAN,MGMT_FAILOVER_TABLE,SYSMAN.MGMT_FAILOVER_TABLE
SYSMAN,MGMT_FBP_PATCHING_GUIDS,SYSMAN.MGMT_FBP_PATCHING_GUIDS
SYSMAN,MGMT_FEATURES_MAPPING,SYSMAN.MGMT_FEATURES_MAPPING
SYSMAN,MGMT_FEATURE_PATCHES,SYSMAN.MGMT_FEATURE_PATCHES
SYSMAN,MGMT_FLAT_ROLE_GRANTS,SYSMAN.MGMT_FLAT_ROLE_GRANTS
SYSMAN,MGMT_FLAT_TARGET_ASSOC,SYSMAN.MGMT_FLAT_TARGET_ASSOC
SYSMAN,MGMT_GENSVC_AVAIL_BEACONS,SYSMAN.MGMT_GENSVC_AVAIL_BEACONS
SYSMAN,MGMT_GENSVC_AVAIL_CONFIG,SYSMAN.MGMT_GENSVC_AVAIL_CONFIG
SYSMAN,MGMT_GENSVC_AVAIL_EVENTS,SYSMAN.MGMT_GENSVC_AVAIL_EVENTS
SYSMAN,MGMT_GENSVC_AVAIL_JOB,SYSMAN.MGMT_GENSVC_AVAIL_JOB
SYSMAN,MGMT_GENSVC_AVAIL_TESTS,SYSMAN.MGMT_GENSVC_AVAIL_TESTS
SYSMAN,MGMT_GENSVC_JOBS_DETAILS,SYSMAN.MGMT_GENSVC_JOBS_DETAILS
SYSMAN,MGMT_GENSVC_TEST_AVAIL,SYSMAN.MGMT_GENSVC_TEST_AVAIL
SYSMAN,MGMT_GENSVC_TEST_AVAIL_MARKER,SYSMAN.MGMT_GENSVC_TEST_AVAIL_MARKER
SYSMAN,MGMT_GENSVC_TEST_CUR_AVAIL,SYSMAN.MGMT_GENSVC_TEST_CUR_AVAIL
SYSMAN,MGMT_GENSVC_TMPL_VARS,SYSMAN.MGMT_GENSVC_TMPL_VARS
SYSMAN,MGMT_GENSVC_UPDBCN_JOB,SYSMAN.MGMT_GENSVC_UPDBCN_JOB
SYSMAN,MGMT_GENSVC_UPDBCN_JOB_TESTS,SYSMAN.MGMT_GENSVC_UPDBCN_JOB_TESTS
SYSMAN,MGMT_GROUP_CHART,SYSMAN.MGMT_GROUP_CHART
SYSMAN,MGMT_GROUP_CHART_SELTARGETS,SYSMAN.MGMT_GROUP_CHART_SELTARGETS
SYSMAN,MGMT_GROUP_CUSTOM_COLUMNS,SYSMAN.MGMT_GROUP_CUSTOM_COLUMNS
SYSMAN,MGMT_GROUP_DEFAULT_CHART,SYSMAN.MGMT_GROUP_DEFAULT_CHART
SYSMAN,MGMT_GROUP_SUMMARY_CHART_DEF,SYSMAN.MGMT_GROUP_SUMMARY_CHART_DEF
SYSMAN,MGMT_HA_BACKUP,SYSMAN.MGMT_HA_BACKUP
SYSMAN,MGMT_HA_CLS_INTR_CONN,SYSMAN.MGMT_HA_CLS_INTR_CONN
SYSMAN,MGMT_HA_DG_TARGET_SUMMARY,SYSMAN.MGMT_HA_DG_TARGET_SUMMARY
SYSMAN,MGMT_HA_FILES_ECM,SYSMAN.MGMT_HA_FILES_ECM
SYSMAN,MGMT_HA_INFO_ECM,SYSMAN.MGMT_HA_INFO_ECM
SYSMAN,MGMT_HA_INIT_PARAMS_ECM,SYSMAN.MGMT_HA_INIT_PARAMS_ECM
SYSMAN,MGMT_HA_MTTR,SYSMAN.MGMT_HA_MTTR
SYSMAN,MGMT_HA_RAC_INTR_CONN,SYSMAN.MGMT_HA_RAC_INTR_CONN
SYSMAN,MGMT_HA_RMAN_CONFIG_ECM,SYSMAN.MGMT_HA_RMAN_CONFIG_ECM
SYSMAN,MGMT_HC_CPU_DETAILS,SYSMAN.MGMT_HC_CPU_DETAILS
SYSMAN,MGMT_HC_FS_MOUNT_DETAILS,SYSMAN.MGMT_HC_FS_MOUNT_DETAILS
SYSMAN,MGMT_HC_HARDWARE_MASTER,SYSMAN.MGMT_HC_HARDWARE_MASTER
SYSMAN,MGMT_HC_IOCARD_DETAILS,SYSMAN.MGMT_HC_IOCARD_DETAILS
SYSMAN,MGMT_HC_NIC_DETAILS,SYSMAN.MGMT_HC_NIC_DETAILS
SYSMAN,MGMT_HC_OS_COMPONENTS,SYSMAN.MGMT_HC_OS_COMPONENTS
SYSMAN,MGMT_HC_OS_PROPERTIES,SYSMAN.MGMT_HC_OS_PROPERTIES
SYSMAN,MGMT_HC_OS_SUMMARY,SYSMAN.MGMT_HC_OS_SUMMARY
SYSMAN,MGMT_HC_SYSTEM_SUMMARY,SYSMAN.MGMT_HC_SYSTEM_SUMMARY
SYSMAN,MGMT_HC_VENDOR_SW_COMPONENTS,SYSMAN.MGMT_HC_VENDOR_SW_COMPONENTS
SYSMAN,MGMT_HC_VENDOR_SW_SUMMARY,SYSMAN.MGMT_HC_VENDOR_SW_SUMMARY
SYSMAN,MGMT_HOST_CREDENTIALS,SYSMAN.MGMT_HOST_CREDENTIALS
SYSMAN,MGMT_HTTP_SESSION_CALLBACKS,SYSMAN.MGMT_HTTP_SESSION_CALLBACKS
SYSMAN,MGMT_HTTP_SESSION_OBJECTS,SYSMAN.MGMT_HTTP_SESSION_OBJECTS
SYSMAN,MGMT_INDEX_SIZES,SYSMAN.MGMT_INDEX_SIZES
SYSMAN,MGMT_INV_COMPONENT,SYSMAN.MGMT_INV_COMPONENT
SYSMAN,MGMT_INV_COMPONENT_PATCH,SYSMAN.MGMT_INV_COMPONENT_PATCH
SYSMAN,MGMT_INV_CONTAINER,SYSMAN.MGMT_INV_CONTAINER
SYSMAN,MGMT_INV_CONTAINER_PROPERTY,SYSMAN.MGMT_INV_CONTAINER_PROPERTY
SYSMAN,MGMT_INV_DEPENDENCY_RULE,SYSMAN.MGMT_INV_DEPENDENCY_RULE
SYSMAN,MGMT_INV_FILE,SYSMAN.MGMT_INV_FILE
SYSMAN,MGMT_INV_PATCH,SYSMAN.MGMT_INV_PATCH
SYSMAN,MGMT_INV_PATCHED_FILE,SYSMAN.MGMT_INV_PATCHED_FILE
SYSMAN,MGMT_INV_PATCHED_FILE_COMP,SYSMAN.MGMT_INV_PATCHED_FILE_COMP
SYSMAN,MGMT_INV_PATCHSET,SYSMAN.MGMT_INV_PATCHSET
SYSMAN,MGMT_INV_PATCH_FIXED_BUG,SYSMAN.MGMT_INV_PATCH_FIXED_BUG
SYSMAN,MGMT_INV_SUMMARY,SYSMAN.MGMT_INV_SUMMARY
SYSMAN,MGMT_INV_VERSIONED_PATCH,SYSMAN.MGMT_INV_VERSIONED_PATCH
SYSMAN,MGMT_IP_ELEM_DEFAULT_PARAMS,SYSMAN.MGMT_IP_ELEM_DEFAULT_PARAMS
SYSMAN,MGMT_IP_ELEM_PARAM_CLASSES,SYSMAN.MGMT_IP_ELEM_PARAM_CLASSES
SYSMAN,MGMT_IP_ELEM_TARGET_TYPES,SYSMAN.MGMT_IP_ELEM_TARGET_TYPES
SYSMAN,MGMT_IP_EMAIL_REPORT,SYSMAN.MGMT_IP_EMAIL_REPORT
SYSMAN,MGMT_IP_PURGE_POLICY,SYSMAN.MGMT_IP_PURGE_POLICY
SYSMAN,MGMT_IP_REPORT_DEF,SYSMAN.MGMT_IP_REPORT_DEF
SYSMAN,MGMT_IP_REPORT_DEF_ELEMENTS,SYSMAN.MGMT_IP_REPORT_DEF_ELEMENTS
SYSMAN,MGMT_IP_REPORT_DEF_JIT_TYPES,SYSMAN.MGMT_IP_REPORT_DEF_JIT_TYPES
SYSMAN,MGMT_IP_REPORT_ELEM_DEF,SYSMAN.MGMT_IP_REPORT_ELEM_DEF
SYSMAN,MGMT_IP_REPORT_ELEM_IMAGE,SYSMAN.MGMT_IP_REPORT_ELEM_IMAGE
SYSMAN,MGMT_IP_REPORT_ELEM_PARAMS,SYSMAN.MGMT_IP_REPORT_ELEM_PARAMS
SYSMAN,MGMT_IP_REPORT_ELEM_TARGETS,SYSMAN.MGMT_IP_REPORT_ELEM_TARGETS
SYSMAN,MGMT_IP_SQL_STATEMENTS,SYSMAN.MGMT_IP_SQL_STATEMENTS
SYSMAN,MGMT_IP_STORED_REPORT,SYSMAN.MGMT_IP_STORED_REPORT
SYSMAN,MGMT_JOB,SYSMAN.MGMT_JOB
SYSMAN,MGMT_JOB_ASSOC_PARAMS,SYSMAN.MGMT_JOB_ASSOC_PARAMS
SYSMAN,MGMT_JOB_BLACKOUT_ASSOC,SYSMAN.MGMT_JOB_BLACKOUT_ASSOC
SYSMAN,MGMT_JOB_CALLBACKS,SYSMAN.MGMT_JOB_CALLBACKS
SYSMAN,MGMT_JOB_COMMAND,SYSMAN.MGMT_JOB_COMMAND
SYSMAN,MGMT_JOB_COMMAND_BLOCK_PROCS,SYSMAN.MGMT_JOB_COMMAND_BLOCK_PROCS
SYSMAN,MGMT_JOB_CREDENTIALS,SYSMAN.MGMT_JOB_CREDENTIALS
SYSMAN,MGMT_JOB_CRED_PARAMS,SYSMAN.MGMT_JOB_CRED_PARAMS
SYSMAN,MGMT_JOB_DISPLAY_ERROR_CODES,SYSMAN.MGMT_JOB_DISPLAY_ERROR_CODES
SYSMAN,MGMT_JOB_EMD_STATUS_QUEUE,SYSMAN.MGMT_JOB_EMD_STATUS_QUEUE
SYSMAN,MGMT_JOB_EVENT,SYSMAN.MGMT_JOB_EVENT
SYSMAN,MGMT_JOB_EXECPLAN,SYSMAN.MGMT_JOB_EXECPLAN
SYSMAN,MGMT_JOB_EXECUTION,SYSMAN.MGMT_JOB_EXECUTION
SYSMAN,MGMT_JOB_EXEC_CRED_INFO,SYSMAN.MGMT_JOB_EXEC_CRED_INFO
SYSMAN,MGMT_JOB_EXEC_EVENT_PARAMS,SYSMAN.MGMT_JOB_EXEC_EVENT_PARAMS
SYSMAN,MGMT_JOB_EXEC_LOCKS,SYSMAN.MGMT_JOB_EXEC_LOCKS
SYSMAN,MGMT_JOB_EXEC_SUMMARY,SYSMAN.MGMT_JOB_EXEC_SUMMARY
SYSMAN,MGMT_JOB_EXT_TARGETS,SYSMAN.MGMT_JOB_EXT_TARGETS
SYSMAN,MGMT_JOB_FLAT_TARGETS,SYSMAN.MGMT_JOB_FLAT_TARGETS
SYSMAN,MGMT_JOB_HISTORY,SYSMAN.MGMT_JOB_HISTORY
SYSMAN,MGMT_JOB_LARGE_PARAMS,SYSMAN.MGMT_JOB_LARGE_PARAMS
SYSMAN,MGMT_JOB_LOCK_INFO,SYSMAN.MGMT_JOB_LOCK_INFO
SYSMAN,MGMT_JOB_LOCK_TARGETS,SYSMAN.MGMT_JOB_LOCK_TARGETS
SYSMAN,MGMT_JOB_NOTIFY_STATES,SYSMAN.MGMT_JOB_NOTIFY_STATES
SYSMAN,MGMT_JOB_OUTPUT,SYSMAN.MGMT_JOB_OUTPUT
SYSMAN,MGMT_JOB_PARAMETER,SYSMAN.MGMT_JOB_PARAMETER
SYSMAN,MGMT_JOB_PARAM_SOURCE,SYSMAN.MGMT_JOB_PARAM_SOURCE
SYSMAN,MGMT_JOB_PROP_PARAMS,SYSMAN.MGMT_JOB_PROP_PARAMS
SYSMAN,MGMT_JOB_PURGE_CRITERIA,SYSMAN.MGMT_JOB_PURGE_CRITERIA
SYSMAN,MGMT_JOB_PURGE_POLICIES,SYSMAN.MGMT_JOB_PURGE_POLICIES
SYSMAN,MGMT_JOB_PURGE_TARGETS,SYSMAN.MGMT_JOB_PURGE_TARGETS
SYSMAN,MGMT_JOB_PURGE_VALUES,SYSMAN.MGMT_JOB_PURGE_VALUES
SYSMAN,MGMT_JOB_QUEUES,SYSMAN.MGMT_JOB_QUEUES
SYSMAN,MGMT_JOB_SCHEDULE,SYSMAN.MGMT_JOB_SCHEDULE
SYSMAN,MGMT_JOB_SEC_INFO,SYSMAN.MGMT_JOB_SEC_INFO
SYSMAN,MGMT_JOB_SINGLE_TARGET_TYPES,SYSMAN.MGMT_JOB_SINGLE_TARGET_TYPES
SYSMAN,MGMT_JOB_SQL_PARAMS,SYSMAN.MGMT_JOB_SQL_PARAMS
SYSMAN,MGMT_JOB_STATE_CHANGES,SYSMAN.MGMT_JOB_STATE_CHANGES
SYSMAN,MGMT_JOB_STEP_COMMAND_LOG,SYSMAN.MGMT_JOB_STEP_COMMAND_LOG
SYSMAN,MGMT_JOB_STEP_PARAMS,SYSMAN.MGMT_JOB_STEP_PARAMS
SYSMAN,MGMT_JOB_STEP_TARGETS,SYSMAN.MGMT_JOB_STEP_TARGETS
SYSMAN,MGMT_JOB_SUBST_PARAMS,SYSMAN.MGMT_JOB_SUBST_PARAMS
SYSMAN,MGMT_JOB_TARGET,SYSMAN.MGMT_JOB_TARGET
SYSMAN,MGMT_JOB_TYPE_DISPLAY_INFO,SYSMAN.MGMT_JOB_TYPE_DISPLAY_INFO
SYSMAN,MGMT_JOB_TYPE_DISPLAY_PARAM,SYSMAN.MGMT_JOB_TYPE_DISPLAY_PARAM
SYSMAN,MGMT_JOB_TYPE_INFO,SYSMAN.MGMT_JOB_TYPE_INFO
SYSMAN,MGMT_JOB_TYPE_MAX_VERSIONS,SYSMAN.MGMT_JOB_TYPE_MAX_VERSIONS
SYSMAN,MGMT_JOB_TYPE_PARAM_DROPDOWNS,SYSMAN.MGMT_JOB_TYPE_PARAM_DROPDOWNS
SYSMAN,MGMT_JOB_TYPE_PARAM_DSPLY_INFO,SYSMAN.MGMT_JOB_TYPE_PARAM_DSPLY_INFO
SYSMAN,MGMT_JOB_TYPE_PARAM_URI_INFO,SYSMAN.MGMT_JOB_TYPE_PARAM_URI_INFO
SYSMAN,MGMT_JOB_TYPE_URI_INFO,SYSMAN.MGMT_JOB_TYPE_URI_INFO
SYSMAN,MGMT_JOB_USER_PARAMS,SYSMAN.MGMT_JOB_USER_PARAMS
SYSMAN,MGMT_JOB_VALUE_PARAMS,SYSMAN.MGMT_JOB_VALUE_PARAMS
SYSMAN,MGMT_LAST_SYNC_LOAD_DETAILS,SYSMAN.MGMT_LAST_SYNC_LOAD_DETAILS
SYSMAN,MGMT_LAST_VIOLATION,SYSMAN.MGMT_LAST_VIOLATION
SYSMAN,MGMT_LICENSABLE_TARGET_TYPES,SYSMAN.MGMT_LICENSABLE_TARGET_TYPES
SYSMAN,MGMT_LICENSED_TARGETS,SYSMAN.MGMT_LICENSED_TARGETS
SYSMAN,MGMT_LICENSES,SYSMAN.MGMT_LICENSES
SYSMAN,MGMT_LICENSE_CONFIRMATION,SYSMAN.MGMT_LICENSE_CONFIRMATION
SYSMAN,MGMT_LICENSE_DEFINITIONS,SYSMAN.MGMT_LICENSE_DEFINITIONS
SYSMAN,MGMT_LOADER_DESIGNATORS,SYSMAN.MGMT_LOADER_DESIGNATORS
SYSMAN,MGMT_LOADER_QTABLE,SYSMAN.MGMT_LOADER_QTABLE
SYSMAN,MGMT_LOGIN_ASSISTANTS,SYSMAN.MGMT_LOGIN_ASSISTANTS
SYSMAN,MGMT_LONG_TEXT,SYSMAN.MGMT_LONG_TEXT
SYSMAN,MGMT_MANAGEMENT_PLUGINS,SYSMAN.MGMT_MANAGEMENT_PLUGINS
SYSMAN,MGMT_MASTER_AGENT,SYSMAN.MGMT_MASTER_AGENT
SYSMAN,MGMT_MASTER_CHANGED_CALLBACK,SYSMAN.MGMT_MASTER_CHANGED_CALLBACK
SYSMAN,MGMT_MESSAGES,SYSMAN.MGMT_MESSAGES
SYSMAN,MGMT_METADATA_SETS,SYSMAN.MGMT_METADATA_SETS
SYSMAN,MGMT_METRICS,SYSMAN.MGMT_METRICS
SYSMAN,MGMT_METRICS_1DAY,SYSMAN.MGMT_METRICS_1DAY
SYSMAN,MGMT_METRICS_1HOUR,SYSMAN.MGMT_METRICS_1HOUR
SYSMAN,MGMT_METRICS_COMPOSITE_KEYS,SYSMAN.MGMT_METRICS_COMPOSITE_KEYS
SYSMAN,MGMT_METRICS_EXT,SYSMAN.MGMT_METRICS_EXT
SYSMAN,MGMT_METRICS_RAW,SYSMAN.MGMT_METRICS_RAW
SYSMAN,MGMT_METRIC_COLLECTIONS_REP,SYSMAN.MGMT_METRIC_COLLECTIONS_REP
SYSMAN,MGMT_METRIC_DEPENDENCY,SYSMAN.MGMT_METRIC_DEPENDENCY
SYSMAN,MGMT_METRIC_DEPENDENCY_DEF,SYSMAN.MGMT_METRIC_DEPENDENCY_DEF
SYSMAN,MGMT_METRIC_DEPENDENCY_DETAILS,SYSMAN.MGMT_METRIC_DEPENDENCY_DETAILS
SYSMAN,MGMT_METRIC_ERRORS,SYSMAN.MGMT_METRIC_ERRORS
SYSMAN,MGMT_METRIC_VERSIONS,SYSMAN.MGMT_METRIC_VERSIONS
SYSMAN,MGMT_MNTR_SET_COPIES,SYSMAN.MGMT_MNTR_SET_COPIES
SYSMAN,MGMT_MP_CONTRIBUTORS,SYSMAN.MGMT_MP_CONTRIBUTORS
SYSMAN,MGMT_MP_CONTRIBUTOR_FILE,SYSMAN.MGMT_MP_CONTRIBUTOR_FILE
SYSMAN,MGMT_MP_DEPLOYMENTS,SYSMAN.MGMT_MP_DEPLOYMENTS
SYSMAN,MGMT_MP_DEPLOYMENT_ERRORS,SYSMAN.MGMT_MP_DEPLOYMENT_ERRORS
SYSMAN,MGMT_MP_FILES,SYSMAN.MGMT_MP_FILES
SYSMAN,MGMT_MP_FILE_PROPS,SYSMAN.MGMT_MP_FILE_PROPS
SYSMAN,MGMT_MP_GROUPS,SYSMAN.MGMT_MP_GROUPS
SYSMAN,MGMT_MP_GROUP_MEMBERS,SYSMAN.MGMT_MP_GROUP_MEMBERS
SYSMAN,MGMT_MP_HOMEPAGE_REPORTS,SYSMAN.MGMT_MP_HOMEPAGE_REPORTS
SYSMAN,MGMT_MP_MECHANISMS,SYSMAN.MGMT_MP_MECHANISMS
SYSMAN,MGMT_MP_NLS_SUBSTITUTIONS,SYSMAN.MGMT_MP_NLS_SUBSTITUTIONS
SYSMAN,MGMT_MP_PROPS,SYSMAN.MGMT_MP_PROPS
SYSMAN,MGMT_NESTED_JOB_CRED_INFO,SYSMAN.MGMT_NESTED_JOB_CRED_INFO
SYSMAN,MGMT_NESTED_JOB_TARGETS,SYSMAN.MGMT_NESTED_JOB_TARGETS
SYSMAN,MGMT_NET_EVENTS,SYSMAN.MGMT_NET_EVENTS
SYSMAN,MGMT_NOTIFICATION_LOG,SYSMAN.MGMT_NOTIFICATION_LOG
SYSMAN,MGMT_NOTIFY_DEVICES,SYSMAN.MGMT_NOTIFY_DEVICES
SYSMAN,MGMT_NOTIFY_DEVICE_PARAMS,SYSMAN.MGMT_NOTIFY_DEVICE_PARAMS
SYSMAN,MGMT_NOTIFY_DEV_SCHEDULES,SYSMAN.MGMT_NOTIFY_DEV_SCHEDULES
SYSMAN,MGMT_NOTIFY_EMAIL_GATEWAY,SYSMAN.MGMT_NOTIFY_EMAIL_GATEWAY
SYSMAN,MGMT_NOTIFY_FORMAT_HANDLERS,SYSMAN.MGMT_NOTIFY_FORMAT_HANDLERS
SYSMAN,MGMT_NOTIFY_INPUT_QTABLE,SYSMAN.MGMT_NOTIFY_INPUT_QTABLE
SYSMAN,MGMT_NOTIFY_JOB_RULE_CONFIGS,SYSMAN.MGMT_NOTIFY_JOB_RULE_CONFIGS
SYSMAN,MGMT_NOTIFY_NOTIFYEES,SYSMAN.MGMT_NOTIFY_NOTIFYEES
SYSMAN,MGMT_NOTIFY_PROFILES,SYSMAN.MGMT_NOTIFY_PROFILES
SYSMAN,MGMT_NOTIFY_QTABLE,SYSMAN.MGMT_NOTIFY_QTABLE
SYSMAN,MGMT_NOTIFY_QUEUES,SYSMAN.MGMT_NOTIFY_QUEUES
SYSMAN,MGMT_NOTIFY_REQUEUE,SYSMAN.MGMT_NOTIFY_REQUEUE
SYSMAN,MGMT_NOTIFY_RULES,SYSMAN.MGMT_NOTIFY_RULES
SYSMAN,MGMT_NOTIFY_RULE_CONFIGS,SYSMAN.MGMT_NOTIFY_RULE_CONFIGS
SYSMAN,MGMT_NOTIFY_SCHEDULES,SYSMAN.MGMT_NOTIFY_SCHEDULES
SYSMAN,MGMT_OB_ADMIN_CLIENT_DB,SYSMAN.MGMT_OB_ADMIN_CLIENT_DB
SYSMAN,MGMT_OMS_PARAMETERS,SYSMAN.MGMT_OMS_PARAMETERS
SYSMAN,MGMT_OPERATIONS_MASTER,SYSMAN.MGMT_OPERATIONS_MASTER
SYSMAN,MGMT_OSM_DISK_GROUP_ECM,SYSMAN.MGMT_OSM_DISK_GROUP_ECM
SYSMAN,MGMT_OUI_ARU_MAP,SYSMAN.MGMT_OUI_ARU_MAP
SYSMAN,MGMT_PAF_APPLICATIONS,SYSMAN.MGMT_PAF_APPLICATIONS
SYSMAN,MGMT_PAF_COMP_JOBTYPE_MAPPINGS,SYSMAN.MGMT_PAF_COMP_JOBTYPE_MAPPINGS
SYSMAN,MGMT_PAF_ENCRYPTED_STRINGS,SYSMAN.MGMT_PAF_ENCRYPTED_STRINGS
SYSMAN,MGMT_PAF_INSTANCES,SYSMAN.MGMT_PAF_INSTANCES
SYSMAN,MGMT_PAF_JOBTYPES,SYSMAN.MGMT_PAF_JOBTYPES
SYSMAN,MGMT_PAF_JOBTYPE_PARAMS,SYSMAN.MGMT_PAF_JOBTYPE_PARAMS
SYSMAN,MGMT_PAF_MSG_QTABLE_1,SYSMAN.MGMT_PAF_MSG_QTABLE_1
SYSMAN,MGMT_PAF_MSG_QTABLE_2,SYSMAN.MGMT_PAF_MSG_QTABLE_2
SYSMAN,MGMT_PAF_NOTIFICATION_LOG,SYSMAN.MGMT_PAF_NOTIFICATION_LOG
SYSMAN,MGMT_PAF_OMS_STATUS,SYSMAN.MGMT_PAF_OMS_STATUS
SYSMAN,MGMT_PAF_PARAM_GROUPS,SYSMAN.MGMT_PAF_PARAM_GROUPS
SYSMAN,MGMT_PAF_PAR_FILES,SYSMAN.MGMT_PAF_PAR_FILES
SYSMAN,MGMT_PAF_PROCEDURES,SYSMAN.MGMT_PAF_PROCEDURES
SYSMAN,MGMT_PAF_STATES,SYSMAN.MGMT_PAF_STATES
SYSMAN,MGMT_PAF_TEXTUAL_DATA,SYSMAN.MGMT_PAF_TEXTUAL_DATA
SYSMAN,MGMT_PARAMETERS,SYSMAN.MGMT_PARAMETERS
SYSMAN,MGMT_PDP_COLUMN_METADATA,SYSMAN.MGMT_PDP_COLUMN_METADATA
SYSMAN,MGMT_PDP_HOST_SETTING,SYSMAN.MGMT_PDP_HOST_SETTING
SYSMAN,MGMT_PDP_METADATA,SYSMAN.MGMT_PDP_METADATA
SYSMAN,MGMT_PDP_PARAM_METADATA,SYSMAN.MGMT_PDP_PARAM_METADATA
SYSMAN,MGMT_PDP_SETTINGS,SYSMAN.MGMT_PDP_SETTINGS
SYSMAN,MGMT_PDP_SETTING_METADATA,SYSMAN.MGMT_PDP_SETTING_METADATA
SYSMAN,MGMT_PDP_SETTING_VALUES,SYSMAN.MGMT_PDP_SETTING_VALUES
SYSMAN,MGMT_PERFORMANCE_NAMES,SYSMAN.MGMT_PERFORMANCE_NAMES
SYSMAN,MGMT_PLANPROBLEM_FACTORS,SYSMAN.MGMT_PLANPROBLEM_FACTORS
SYSMAN,MGMT_POLICIES,SYSMAN.MGMT_POLICIES
SYSMAN,MGMT_POLICY_ASSOC,SYSMAN.MGMT_POLICY_ASSOC
SYSMAN,MGMT_POLICY_ASSOC_CFG,SYSMAN.MGMT_POLICY_ASSOC_CFG
SYSMAN,MGMT_POLICY_ASSOC_CFG_PARAMS,SYSMAN.MGMT_POLICY_ASSOC_CFG_PARAMS
SYSMAN,MGMT_POLICY_ASSOC_EVAL_DETAILS,SYSMAN.MGMT_POLICY_ASSOC_EVAL_DETAILS
SYSMAN,MGMT_POLICY_ASSOC_EVAL_SUMM,SYSMAN.MGMT_POLICY_ASSOC_EVAL_SUMM
SYSMAN,MGMT_POLICY_BIND_VARS,SYSMAN.MGMT_POLICY_BIND_VARS
SYSMAN,MGMT_POLICY_PARAMETERS,SYSMAN.MGMT_POLICY_PARAMETERS
SYSMAN,MGMT_POLICY_TYPE_VERSIONS,SYSMAN.MGMT_POLICY_TYPE_VERSIONS
SYSMAN,MGMT_POLICY_VIOL_CTXT_DEF,SYSMAN.MGMT_POLICY_VIOL_CTXT_DEF
SYSMAN,MGMT_PRIVS,SYSMAN.MGMT_PRIVS
SYSMAN,MGMT_PRIV_GRANTS,SYSMAN.MGMT_PRIV_GRANTS
SYSMAN,MGMT_PRIV_INCLUDES,SYSMAN.MGMT_PRIV_INCLUDES
SYSMAN,MGMT_PROV_ASN_DEPENDENCIES,SYSMAN.MGMT_PROV_ASN_DEPENDENCIES
SYSMAN,MGMT_PROV_ASN_TARGETS,SYSMAN.MGMT_PROV_ASN_TARGETS
SYSMAN,MGMT_PROV_ASSIGNMENT,SYSMAN.MGMT_PROV_ASSIGNMENT
SYSMAN,MGMT_PROV_BOOTSERVER,SYSMAN.MGMT_PROV_BOOTSERVER
SYSMAN,MGMT_PROV_CLUSTER,SYSMAN.MGMT_PROV_CLUSTER
SYSMAN,MGMT_PROV_CLUSTER_NODES,SYSMAN.MGMT_PROV_CLUSTER_NODES
SYSMAN,MGMT_PROV_COLLECTION,SYSMAN.MGMT_PROV_COLLECTION
SYSMAN,MGMT_PROV_DEFAULT_IMAGE,SYSMAN.MGMT_PROV_DEFAULT_IMAGE
SYSMAN,MGMT_PROV_HARDWARE,SYSMAN.MGMT_PROV_HARDWARE
SYSMAN,MGMT_PROV_HISTORY,SYSMAN.MGMT_PROV_HISTORY
SYSMAN,MGMT_PROV_IP_RANGE,SYSMAN.MGMT_PROV_IP_RANGE
SYSMAN,MGMT_PROV_IP_RESERVED,SYSMAN.MGMT_PROV_IP_RESERVED
SYSMAN,MGMT_PROV_NET_CONFIG,SYSMAN.MGMT_PROV_NET_CONFIG
SYSMAN,MGMT_PROV_OPERATION,SYSMAN.MGMT_PROV_OPERATION
SYSMAN,MGMT_PROV_RPM_REP,SYSMAN.MGMT_PROV_RPM_REP
SYSMAN,MGMT_PROV_STAGED_COMPS,SYSMAN.MGMT_PROV_STAGED_COMPS
SYSMAN,MGMT_PROV_STAGING_DIRS,SYSMAN.MGMT_PROV_STAGING_DIRS
SYSMAN,MGMT_PROV_SUITE_INSTANCE,SYSMAN.MGMT_PROV_SUITE_INSTANCE
SYSMAN,MGMT_PROV_SUITE_INST_MEMBERS,SYSMAN.MGMT_PROV_SUITE_INST_MEMBERS
SYSMAN,MGMT_PROV_TGT_STATUS,SYSMAN.MGMT_PROV_TGT_STATUS
SYSMAN,MGMT_PURGE_POLICY,SYSMAN.MGMT_PURGE_POLICY
SYSMAN,MGMT_PURGE_POLICY_GROUP,SYSMAN.MGMT_PURGE_POLICY_GROUP
SYSMAN,MGMT_PURGE_POLICY_TARGET_STATE,SYSMAN.MGMT_PURGE_POLICY_TARGET_STATE
SYSMAN,MGMT_RAC_SERVICES,SYSMAN.MGMT_RAC_SERVICES
SYSMAN,MGMT_RCA_EVENT,SYSMAN.MGMT_RCA_EVENT
SYSMAN,MGMT_RCA_EVENT_ASSOC,SYSMAN.MGMT_RCA_EVENT_ASSOC
SYSMAN,MGMT_RCA_METRIC_PROPS,SYSMAN.MGMT_RCA_METRIC_PROPS
SYSMAN,MGMT_RCA_METRIC_TEST,SYSMAN.MGMT_RCA_METRIC_TEST
SYSMAN,MGMT_RCA_RECOVERY,SYSMAN.MGMT_RCA_RECOVERY
SYSMAN,MGMT_RCA_RUN,SYSMAN.MGMT_RCA_RUN
SYSMAN,MGMT_RCA_SUMMARY,SYSMAN.MGMT_RCA_SUMMARY
SYSMAN,MGMT_RCA_TARGET_PROPS,SYSMAN.MGMT_RCA_TARGET_PROPS
SYSMAN,MGMT_RCA_TEST_RESULT,SYSMAN.MGMT_RCA_TEST_RESULT
SYSMAN,MGMT_RCA_TRACE,SYSMAN.MGMT_RCA_TRACE
SYSMAN,MGMT_RCVCAT_CONFIG,SYSMAN.MGMT_RCVCAT_CONFIG
SYSMAN,MGMT_RCVCAT_REPOS,SYSMAN.MGMT_RCVCAT_REPOS
SYSMAN,MGMT_REBUILD_INDEXES,SYSMAN.MGMT_REBUILD_INDEXES
SYSMAN,MGMT_REPOS_TIME_COEFFICIENT,SYSMAN.MGMT_REPOS_TIME_COEFFICIENT
SYSMAN,MGMT_ROLES,SYSMAN.MGMT_ROLES
SYSMAN,MGMT_ROLE_GRANTS,SYSMAN.MGMT_ROLE_GRANTS
SYSMAN,MGMT_ROWSET_HANDLERS,SYSMAN.MGMT_ROWSET_HANDLERS
SYSMAN,MGMT_RT_BOOTSTRAP_TIMES,SYSMAN.MGMT_RT_BOOTSTRAP_TIMES
SYSMAN,MGMT_RT_COOKIE_DATA,SYSMAN.MGMT_RT_COOKIE_DATA
SYSMAN,MGMT_RT_DOMAIN_1DAY,SYSMAN.MGMT_RT_DOMAIN_1DAY
SYSMAN,MGMT_RT_DOMAIN_1HOUR,SYSMAN.MGMT_RT_DOMAIN_1HOUR
SYSMAN,MGMT_RT_DOMAIN_BOOTSTRAP,SYSMAN.MGMT_RT_DOMAIN_BOOTSTRAP
SYSMAN,MGMT_RT_DOMAIN_DIST_1DAY,SYSMAN.MGMT_RT_DOMAIN_DIST_1DAY
SYSMAN,MGMT_RT_DOMAIN_DIST_1HOUR,SYSMAN.MGMT_RT_DOMAIN_DIST_1HOUR
SYSMAN,MGMT_RT_DOMAIN_DIST_BOOTSTRAP,SYSMAN.MGMT_RT_DOMAIN_DIST_BOOTSTRAP
SYSMAN,MGMT_RT_INCOMPLETE_LOADS,SYSMAN.MGMT_RT_INCOMPLETE_LOADS
SYSMAN,MGMT_RT_INCOMPLETE_LOADS_1DAY,SYSMAN.MGMT_RT_INCOMPLETE_LOADS_1DAY
SYSMAN,MGMT_RT_INCOMPLETE_LOADS_1HOUR,SYSMAN.MGMT_RT_INCOMPLETE_LOADS_1HOUR
SYSMAN,MGMT_RT_IP_1DAY,SYSMAN.MGMT_RT_IP_1DAY
SYSMAN,MGMT_RT_IP_1HOUR,SYSMAN.MGMT_RT_IP_1HOUR
SYSMAN,MGMT_RT_IP_BOOTSTRAP,SYSMAN.MGMT_RT_IP_BOOTSTRAP
SYSMAN,MGMT_RT_IP_DIST_1DAY,SYSMAN.MGMT_RT_IP_DIST_1DAY
SYSMAN,MGMT_RT_IP_DIST_1HOUR,SYSMAN.MGMT_RT_IP_DIST_1HOUR
SYSMAN,MGMT_RT_IP_DIST_BOOTSTRAP,SYSMAN.MGMT_RT_IP_DIST_BOOTSTRAP
SYSMAN,MGMT_RT_METRICS_RAW,SYSMAN.MGMT_RT_METRICS_RAW
SYSMAN,MGMT_RT_PR_MAPPING,SYSMAN.MGMT_RT_PR_MAPPING
SYSMAN,MGMT_RT_PR_MAPPING_1DAY,SYSMAN.MGMT_RT_PR_MAPPING_1DAY
SYSMAN,MGMT_RT_PR_MAPPING_1HOUR,SYSMAN.MGMT_RT_PR_MAPPING_1HOUR
SYSMAN,MGMT_RT_REGIONS,SYSMAN.MGMT_RT_REGIONS
SYSMAN,MGMT_RT_REGION_ENTRIES,SYSMAN.MGMT_RT_REGION_ENTRIES
SYSMAN,MGMT_RT_REGION_MAPPING,SYSMAN.MGMT_RT_REGION_MAPPING
SYSMAN,MGMT_RT_TARGET_PROPERTIES,SYSMAN.MGMT_RT_TARGET_PROPERTIES
SYSMAN,MGMT_RT_URLS,SYSMAN.MGMT_RT_URLS
SYSMAN,MGMT_RT_URL_1DAY,SYSMAN.MGMT_RT_URL_1DAY
SYSMAN,MGMT_RT_URL_1HOUR,SYSMAN.MGMT_RT_URL_1HOUR
SYSMAN,MGMT_RT_URL_BOOTSTRAP,SYSMAN.MGMT_RT_URL_BOOTSTRAP
SYSMAN,MGMT_RT_URL_DIST_1DAY,SYSMAN.MGMT_RT_URL_DIST_1DAY
SYSMAN,MGMT_RT_URL_DIST_1HOUR,SYSMAN.MGMT_RT_URL_DIST_1HOUR
SYSMAN,MGMT_RT_URL_DIST_BOOTSTRAP,SYSMAN.MGMT_RT_URL_DIST_BOOTSTRAP
SYSMAN,MGMT_SEC_INFO,SYSMAN.MGMT_SEC_INFO
SYSMAN,MGMT_SEVERITY_RBK,SYSMAN.MGMT_SEVERITY_RBK
SYSMAN,MGMT_SL_METRICS,SYSMAN.MGMT_SL_METRICS
SYSMAN,MGMT_SL_METRICS_HISTORY,SYSMAN.MGMT_SL_METRICS_HISTORY
SYSMAN,MGMT_SL_RULES,SYSMAN.MGMT_SL_RULES
SYSMAN,MGMT_SL_RULES_HISTORY,SYSMAN.MGMT_SL_RULES_HISTORY
SYSMAN,MGMT_SNAPSHOT_METRIC_MAP,SYSMAN.MGMT_SNAPSHOT_METRIC_MAP
SYSMAN,MGMT_SPACE_METRICS,SYSMAN.MGMT_SPACE_METRICS
SYSMAN,MGMT_SQLPROBLEM_FACTORS,SYSMAN.MGMT_SQLPROBLEM_FACTORS
SYSMAN,MGMT_SQL_BIND_VARS,SYSMAN.MGMT_SQL_BIND_VARS
SYSMAN,MGMT_SQL_EVALUATION,SYSMAN.MGMT_SQL_EVALUATION
SYSMAN,MGMT_SQL_METRIC_HELPER,SYSMAN.MGMT_SQL_METRIC_HELPER
SYSMAN,MGMT_SQL_PLAN,SYSMAN.MGMT_SQL_PLAN
SYSMAN,MGMT_SQL_REUSE,SYSMAN.MGMT_SQL_REUSE
SYSMAN,MGMT_SQL_SUMMARY,SYSMAN.MGMT_SQL_SUMMARY
SYSMAN,MGMT_STORAGE_REPORT_ALIAS,SYSMAN.MGMT_STORAGE_REPORT_ALIAS
SYSMAN,MGMT_STORAGE_REPORT_DATA,SYSMAN.MGMT_STORAGE_REPORT_DATA
SYSMAN,MGMT_STORAGE_REPORT_ISSUES,SYSMAN.MGMT_STORAGE_REPORT_ISSUES
SYSMAN,MGMT_STORAGE_REPORT_KEYS,SYSMAN.MGMT_STORAGE_REPORT_KEYS
SYSMAN,MGMT_STORAGE_REPORT_UI_TARGETS,SYSMAN.MGMT_STORAGE_REPORT_UI_TARGETS
SYSMAN,MGMT_STORAGE_TMP_NFS_DATA,SYSMAN.MGMT_STORAGE_TMP_NFS_DATA
SYSMAN,MGMT_STRING_METRIC_HISTORY,SYSMAN.MGMT_STRING_METRIC_HISTORY
SYSMAN,MGMT_SWLIB_DATA_DIRECTORIES,SYSMAN.MGMT_SWLIB_DATA_DIRECTORIES
SYSMAN,MGMT_SWLIB_DIRECTORIES,SYSMAN.MGMT_SWLIB_DIRECTORIES
SYSMAN,MGMT_SWLIB_ENTITIES,SYSMAN.MGMT_SWLIB_ENTITIES
SYSMAN,MGMT_SWLIB_ENTITY_DATA,SYSMAN.MGMT_SWLIB_ENTITY_DATA
SYSMAN,MGMT_SWLIB_ENTITY_DOCUMENTS,SYSMAN.MGMT_SWLIB_ENTITY_DOCUMENTS
SYSMAN,MGMT_SWLIB_ENTITY_PARAMETERS,SYSMAN.MGMT_SWLIB_ENTITY_PARAMETERS
SYSMAN,MGMT_SWLIB_ENTITY_PLATFORMS,SYSMAN.MGMT_SWLIB_ENTITY_PLATFORMS
SYSMAN,MGMT_SWLIB_ENTITY_REFERENCES,SYSMAN.MGMT_SWLIB_ENTITY_REFERENCES
SYSMAN,MGMT_SWLIB_ENTITY_REVISIONS,SYSMAN.MGMT_SWLIB_ENTITY_REVISIONS
SYSMAN,MGMT_SWLIB_MATURITY_STATUS,SYSMAN.MGMT_SWLIB_MATURITY_STATUS
SYSMAN,MGMT_SWLIB_REVISION_PARAMETERS,SYSMAN.MGMT_SWLIB_REVISION_PARAMETERS
SYSMAN,MGMT_SYSTEM_CHANGES,SYSMAN.MGMT_SYSTEM_CHANGES
SYSMAN,MGMT_SYSTEM_ERROR_LOG,SYSMAN.MGMT_SYSTEM_ERROR_LOG
SYSMAN,MGMT_SYSTEM_PERFORMANCE_LOG,SYSMAN.MGMT_SYSTEM_PERFORMANCE_LOG
SYSMAN,MGMT_TABLE_SIZES,SYSMAN.MGMT_TABLE_SIZES
SYSMAN,MGMT_TARGETS,SYSMAN.MGMT_TARGETS
SYSMAN,MGMT_TARGETS_DELETE,SYSMAN.MGMT_TARGETS_DELETE
SYSMAN,MGMT_TARGET_ADD_CALLBACKS,SYSMAN.MGMT_TARGET_ADD_CALLBACKS
SYSMAN,MGMT_TARGET_AGENT_ASSOC,SYSMAN.MGMT_TARGET_AGENT_ASSOC
SYSMAN,MGMT_TARGET_ASSOC,SYSMAN.MGMT_TARGET_ASSOC
SYSMAN,MGMT_TARGET_ASSOCS,SYSMAN.MGMT_TARGET_ASSOCS
SYSMAN,MGMT_TARGET_ASSOC_DEFS,SYSMAN.MGMT_TARGET_ASSOC_DEFS
SYSMAN,MGMT_TARGET_ASSOC_ERROR,SYSMAN.MGMT_TARGET_ASSOC_ERROR
SYSMAN,MGMT_TARGET_ASSOC_INSTANCE,SYSMAN.MGMT_TARGET_ASSOC_INSTANCE
SYSMAN,MGMT_TARGET_ASSOC_PROP,SYSMAN.MGMT_TARGET_ASSOC_PROP
SYSMAN,MGMT_TARGET_ASSOC_PROP_DEFS,SYSMAN.MGMT_TARGET_ASSOC_PROP_DEFS
SYSMAN,MGMT_TARGET_ASSOC_STATUS,SYSMAN.MGMT_TARGET_ASSOC_STATUS
SYSMAN,MGMT_TARGET_BASELINES,SYSMAN.MGMT_TARGET_BASELINES
SYSMAN,MGMT_TARGET_BASELINES_DATA,SYSMAN.MGMT_TARGET_BASELINES_DATA
SYSMAN,MGMT_TARGET_CREDENTIALS,SYSMAN.MGMT_TARGET_CREDENTIALS
SYSMAN,MGMT_TARGET_DELETE_CALLBACKS,SYSMAN.MGMT_TARGET_DELETE_CALLBACKS
SYSMAN,MGMT_TARGET_DELETE_EXCEPTIONS,SYSMAN.MGMT_TARGET_DELETE_EXCEPTIONS
SYSMAN,MGMT_TARGET_PENDING_ASSOCS,SYSMAN.MGMT_TARGET_PENDING_ASSOCS
SYSMAN,MGMT_TARGET_PROPERTIES,SYSMAN.MGMT_TARGET_PROPERTIES
SYSMAN,MGMT_TARGET_PROP_DEFS,SYSMAN.MGMT_TARGET_PROP_DEFS
SYSMAN,MGMT_TARGET_ROLLUP_TIMES,SYSMAN.MGMT_TARGET_ROLLUP_TIMES
SYSMAN,MGMT_TARGET_TEMP_LIST,SYSMAN.MGMT_TARGET_TEMP_LIST
SYSMAN,MGMT_TARGET_TYPES,SYSMAN.MGMT_TARGET_TYPES
SYSMAN,MGMT_TARGET_TYPE_COMPONENT_MAP,SYSMAN.MGMT_TARGET_TYPE_COMPONENT_MAP
SYSMAN,MGMT_TARGET_TYPE_VERSIONS,SYSMAN.MGMT_TARGET_TYPE_VERSIONS
SYSMAN,MGMT_TASK_QTABLE,SYSMAN.MGMT_TASK_QTABLE
SYSMAN,MGMT_TASK_WORKER_COUNTS,SYSMAN.MGMT_TASK_WORKER_COUNTS
SYSMAN,MGMT_TEMPLATES,SYSMAN.MGMT_TEMPLATES
SYSMAN,MGMT_TEMPLATE_COPIES,SYSMAN.MGMT_TEMPLATE_COPIES
SYSMAN,MGMT_TEST,SYSMAN.MGMT_TEST
SYSMAN,MGMT_TEST_DEFAULT_PROMOTION,SYSMAN.MGMT_TEST_DEFAULT_PROMOTION
SYSMAN,MGMT_TEST_DEFAULT_THRESHOLDS,SYSMAN.MGMT_TEST_DEFAULT_THRESHOLDS
SYSMAN,MGMT_TEST_MCOLUMNS,SYSMAN.MGMT_TEST_MCOLUMNS
SYSMAN,MGMT_TEST_METRICS,SYSMAN.MGMT_TEST_METRICS
SYSMAN,MGMT_TEST_METRIC_PROPS,SYSMAN.MGMT_TEST_METRIC_PROPS
SYSMAN,MGMT_TEST_PROP,SYSMAN.MGMT_TEST_PROP
SYSMAN,MGMT_TEST_PROP_CHOICES,SYSMAN.MGMT_TEST_PROP_CHOICES
SYSMAN,MGMT_TEST_PROP_LEVEL,SYSMAN.MGMT_TEST_PROP_LEVEL
SYSMAN,MGMT_TEST_PROP_QUALIFIERS,SYSMAN.MGMT_TEST_PROP_QUALIFIERS
SYSMAN,MGMT_TEST_PROP_UIGROUP,SYSMAN.MGMT_TEST_PROP_UIGROUP
SYSMAN,MGMT_TEST_QUALIFIERS,SYSMAN.MGMT_TEST_QUALIFIERS
SYSMAN,MGMT_TEST_TARGET_MAP,SYSMAN.MGMT_TEST_TARGET_MAP
SYSMAN,MGMT_TEXTINDEX,SYSMAN.MGMT_TEXTINDEX
SYSMAN,MGMT_TEXTINDEX_LOGS_INFO,SYSMAN.MGMT_TEXTINDEX_LOGS_INFO
SYSMAN,MGMT_TEXT_INDEX_STATS,SYSMAN.MGMT_TEXT_INDEX_STATS
SYSMAN,MGMT_TOPO_PAGE_BG_IMAGE,SYSMAN.MGMT_TOPO_PAGE_BG_IMAGE
SYSMAN,MGMT_TOPO_PAGE_OBJ_POS,SYSMAN.MGMT_TOPO_PAGE_OBJ_POS
SYSMAN,MGMT_TOPO_PAGE_PREF,SYSMAN.MGMT_TOPO_PAGE_PREF
SYSMAN,MGMT_TYPE_PROPERTIES,SYSMAN.MGMT_TYPE_PROPERTIES
SYSMAN,MGMT_UPDATE_COLL_CREDS_DATA,SYSMAN.MGMT_UPDATE_COLL_CREDS_DATA
SYSMAN,MGMT_UPDATE_CREDENTIALS_DATA,SYSMAN.MGMT_UPDATE_CREDENTIALS_DATA
SYSMAN,MGMT_UPDATE_OPERATIONS,SYSMAN.MGMT_UPDATE_OPERATIONS
SYSMAN,MGMT_UPDATE_OPERATIONS_DATA,SYSMAN.MGMT_UPDATE_OPERATIONS_DATA
SYSMAN,MGMT_UPDATE_OPERATIONS_DETAILS,SYSMAN.MGMT_UPDATE_OPERATIONS_DETAILS
SYSMAN,MGMT_UPDATE_PDP_DATA,SYSMAN.MGMT_UPDATE_PDP_DATA
SYSMAN,MGMT_UPDATE_PDP_DATA_COPY,SYSMAN.MGMT_UPDATE_PDP_DATA_COPY
SYSMAN,MGMT_UPDATE_PDP_DATA_MAP,SYSMAN.MGMT_UPDATE_PDP_DATA_MAP
SYSMAN,MGMT_UPDATE_PROPERTIES_DATA,SYSMAN.MGMT_UPDATE_PROPERTIES_DATA
SYSMAN,MGMT_UPDATE_TEMPLATE_DATA_MAP,SYSMAN.MGMT_UPDATE_TEMPLATE_DATA_MAP
SYSMAN,MGMT_UPDATE_THRESHOLDS_DATA,SYSMAN.MGMT_UPDATE_THRESHOLDS_DATA
SYSMAN,MGMT_URL_CACHE,SYSMAN.MGMT_URL_CACHE
SYSMAN,MGMT_URL_PROXY,SYSMAN.MGMT_URL_PROXY
SYSMAN,MGMT_USER_CALLBACKS,SYSMAN.MGMT_USER_CALLBACKS
SYSMAN,MGMT_USER_CAS,SYSMAN.MGMT_USER_CAS
SYSMAN,MGMT_USER_CONTEXT,SYSMAN.MGMT_USER_CONTEXT
SYSMAN,MGMT_USER_FOLDERS,SYSMAN.MGMT_USER_FOLDERS
SYSMAN,MGMT_USER_JOBS,SYSMAN.MGMT_USER_JOBS
SYSMAN,MGMT_USER_PREFERENCES,SYSMAN.MGMT_USER_PREFERENCES
SYSMAN,MGMT_USER_REPORT_DEFS,SYSMAN.MGMT_USER_REPORT_DEFS
SYSMAN,MGMT_USER_SESSION,SYSMAN.MGMT_USER_SESSION
SYSMAN,MGMT_USER_SUBTAB_COL_PREFS,SYSMAN.MGMT_USER_SUBTAB_COL_PREFS
SYSMAN,MGMT_USER_TARGETS,SYSMAN.MGMT_USER_TARGETS
SYSMAN,MGMT_USER_TEMPLATES,SYSMAN.MGMT_USER_TEMPLATES
SYSMAN,MGMT_VERSIONS,SYSMAN.MGMT_VERSIONS
SYSMAN,MGMT_VIEW_USER_CREDENTIALS,SYSMAN.MGMT_VIEW_USER_CREDENTIALS
SYSMAN,MGMT_VIOLATIONS,SYSMAN.MGMT_VIOLATIONS
SYSMAN,MGMT_VIOLATION_CONTEXT,SYSMAN.MGMT_VIOLATION_CONTEXT
SYSMAN,MGMT_V_CLUSTER_MEMBER_LIST,SYSMAN.MGMT_V_CLUSTER_MEMBER_LIST
SYSMAN,MGMT_V_CLUSTER_RAC_POL_DETAIL,SYSMAN.MGMT_V_CLUSTER_RAC_POL_DETAIL
SYSMAN,MGMT_V_RAC_ASSOC_MEMBER_LIST,SYSMAN.MGMT_V_RAC_ASSOC_MEMBER_LIST
SYSMAN,MGMT_V_RAC_MEMBER_LIST,SYSMAN.MGMT_V_RAC_MEMBER_LIST
SYSMAN,SYS_IOT_OVER_113901,SYSMAN.SYS_IOT_OVER_113901
SYSMAN,SYS_IOT_OVER_113932,SYSMAN.SYS_IOT_OVER_113932
SYSMAN,SYS_IOT_OVER_113937,SYSMAN.SYS_IOT_OVER_113937
SYSMAN,SYS_IOT_OVER_113940,SYSMAN.SYS_IOT_OVER_113940
SYSMAN,SYS_IOT_OVER_113951,SYSMAN.SYS_IOT_OVER_113951
SYSMAN,SYS_IOT_OVER_113985,SYSMAN.SYS_IOT_OVER_113985
SYSMAN,SYS_IOT_OVER_113988,SYSMAN.SYS_IOT_OVER_113988
SYSMAN,SYS_IOT_OVER_113995,SYSMAN.SYS_IOT_OVER_113995
SYSMAN,SYS_IOT_OVER_113998,SYSMAN.SYS_IOT_OVER_113998
SYSMAN,SYS_IOT_OVER_114030,SYSMAN.SYS_IOT_OVER_114030
SYSMAN,SYS_IOT_OVER_114035,SYSMAN.SYS_IOT_OVER_114035
SYSMAN,SYS_IOT_OVER_114044,SYSMAN.SYS_IOT_OVER_114044
SYSMAN,SYS_IOT_OVER_114047,SYSMAN.SYS_IOT_OVER_114047
SYSMAN,SYS_IOT_OVER_114050,SYSMAN.SYS_IOT_OVER_114050
SYSMAN,SYS_IOT_OVER_114053,SYSMAN.SYS_IOT_OVER_114053
SYSMAN,SYS_IOT_OVER_114056,SYSMAN.SYS_IOT_OVER_114056
SYSMAN,SYS_IOT_OVER_114063,SYSMAN.SYS_IOT_OVER_114063
TEST,TS_AUTH,TEST.TS_AUTH
TEST,TS_BOOKMARK,TEST.TS_BOOKMARK
TEST,TS_CONFAUD,TEST.TS_CONFAUD
TEST,TS_DDLAUD,TEST.TS_DDLAUD
TEST_AUTOMATION,PA_TEMP_ACCOUNT_LIST,TEST_AUTOMATION.PA_TEMP_ACCOUNT_LIST
THODUSR,MTDT_OUTCOLLECT_ROUTING_BKP,THODUSR.MTDT_OUTCOLLECT_ROUTING_BKP
THODUSR,REF_VIS_SVC_PART_RATE_OFFR_BKP,THODUSR.REF_VIS_SVC_PART_RATE_OFFR_BKP
THODUSR,REF_VIS_VZ_ROAM_PART_INFO_BKP,THODUSR.REF_VIS_VZ_ROAM_PART_INFO_BKP
UBEOC,EOC_ACCOUNT_STATUS_DATA,UBEOC.EOC_ACCOUNT_STATUS_DATA
UBEOC,EOC_ACCOUNT_STATUS_MSG,UBEOC.EOC_ACCOUNT_STATUS_MSG
UBEOC,EOC_ACCOUNT_STATUS_VCE,UBEOC.EOC_ACCOUNT_STATUS_VCE
UBEOC,EOC_AGG_REM_ALW_POOL,UBEOC.EOC_AGG_REM_ALW_POOL
UBEOC,EOC_EDP_ESG_APPLIED_CPDUS,UBEOC.EOC_EDP_ESG_APPLIED_CPDUS
UBEOC,EOC_EDP_ESG_REM_ALW_POOL,UBEOC.EOC_EDP_ESG_REM_ALW_POOL
UBEOC,EOC_EDP_REJECTED_CPDUS,UBEOC.EOC_EDP_REJECTED_CPDUS
UBEOC,EOC_EDP_SHR_ACTIVITY_INFO,UBEOC.EOC_EDP_SHR_ACTIVITY_INFO
UBEOC,EOC_EDP_SHR_ACTIVITY_INFO_BKP,UBEOC.EOC_EDP_SHR_ACTIVITY_INFO_BKP
UBEOC,EOC_EVP_ESG_REM_ALW_POOL,UBEOC.EOC_EVP_ESG_REM_ALW_POOL
UBEOC,EOC_EVP_REJECTED_CPDUS,UBEOC.EOC_EVP_REJECTED_CPDUS
UBEOC,EOC_LSG_LSCA_DATA,UBEOC.EOC_LSG_LSCA_DATA
UBEOC,EOC_LSG_LSCA_MSG,UBEOC.EOC_LSG_LSCA_MSG
UBEOC,EOC_MDN_USAGE_INFO,UBEOC.EOC_MDN_USAGE_INFO
UBEOC,EOC_MDN_USAGE_INFO_BKP,UBEOC.EOC_MDN_USAGE_INFO_BKP
UBEOC,EOC_MDN_USAGE_INFO_MSG,UBEOC.EOC_MDN_USAGE_INFO_MSG
UBEOC,EOC_MDN_USAGE_INFO_VCE,UBEOC.EOC_MDN_USAGE_INFO_VCE
UBEOC,EOC_PUP_JOB_TRACKING,UBEOC.EOC_PUP_JOB_TRACKING
UBEOC,EOC_REJECTED_BILLMSG,UBEOC.EOC_REJECTED_BILLMSG
UBEOC,EOC_VEHS_STAT,UBEOC.EOC_VEHS_STAT
UBEOC,IFE_FILE_LOG,UBEOC.IFE_FILE_LOG
UBEOC,PUP_ACCOUNT_STATUS_DATA,UBEOC.PUP_ACCOUNT_STATUS_DATA
UBEOC,PUP_ACCOUNT_STATUS_MSG,UBEOC.PUP_ACCOUNT_STATUS_MSG
UBEOC,PUP_ACCOUNT_STATUS_VCE,UBEOC.PUP_ACCOUNT_STATUS_VCE
UBEOC,PUP_ACCOUNT_SUMMARY,UBEOC.PUP_ACCOUNT_SUMMARY
UBEOC,PUP_CYCLE_MANUAL_CONTROL,UBEOC.PUP_CYCLE_MANUAL_CONTROL
UBEOC,PUP_CYCLE_STATUS,UBEOC.PUP_CYCLE_STATUS
UBEOC,PUP_CYCLE_SUMMARY,UBEOC.PUP_CYCLE_SUMMARY
UBEOC,PUP_ERROR_LOG,UBEOC.PUP_ERROR_LOG
UBEOC,PUP_FILE_SUMMARY,UBEOC.PUP_FILE_SUMMARY
UBEOC,PUP_GATE_THRESHOLDS,UBEOC.PUP_GATE_THRESHOLDS
UBEOC,PUP_MDN_USAGE_INFO_DATA,UBEOC.PUP_MDN_USAGE_INFO_DATA
UBEOC,PUP_MDN_USAGE_INFO_MSG,UBEOC.PUP_MDN_USAGE_INFO_MSG
UBEOC,PUP_MDN_USAGE_INFO_VCE,UBEOC.PUP_MDN_USAGE_INFO_VCE
UBEOC,PUP_USG_FILE_STATUS_DATA,UBEOC.PUP_USG_FILE_STATUS_DATA
UBEOC,PUP_USG_FILE_STATUS_MSG,UBEOC.PUP_USG_FILE_STATUS_MSG
UBEOC,PUP_USG_FILE_STATUS_VCE,UBEOC.PUP_USG_FILE_STATUS_VCE
UBEOC,RC_PROFILE_ACCOUNT_AUDIT,UBEOC.RC_PROFILE_ACCOUNT_AUDIT
UBEOC,RC_PROFILE_AUDIT,UBEOC.RC_PROFILE_AUDIT
UBEOC,RC_PROFILE_FAIL_AUDIT,UBEOC.RC_PROFILE_FAIL_AUDIT
UBEOC,RM_ACCOUNT_TRACKING,UBEOC.RM_ACCOUNT_TRACKING
UBEOC,RM_CONTROL,UBEOC.RM_CONTROL
UBEOC,RM_ERR_CORRECTION,UBEOC.RM_ERR_CORRECTION
UBEOC,RM_EVENTS,UBEOC.RM_EVENTS
UBEOC,RM_REQUEST_TRACKING,UBEOC.RM_REQUEST_TRACKING
UBEOC,V2_AGENT_QA_LOG,UBEOC.V2_AGENT_QA_LOG
UBEOC,V2_AUTO_HEAL_LOG,UBEOC.V2_AUTO_HEAL_LOG
UBEOC,VIS_REJECTION_ECP_DETAILS,UBEOC.VIS_REJECTION_ECP_DETAILS
UBEOC,WORKFLOW_DAG_CONFIG,UBEOC.WORKFLOW_DAG_CONFIG
UBEOC,WORKFLOW_TASK_CONFIG,UBEOC.WORKFLOW_TASK_CONFIG
UBMAINT,B2B_ARC_EXTRACT_CONTROL,UBMAINT.B2B_ARC_EXTRACT_CONTROL
UBMAINT,B2B_ARC_LOOKUP_CONTROL,UBMAINT.B2B_ARC_LOOKUP_CONTROL
UBMAINT,LRA_IMS_CLONE_CNT,UBMAINT.LRA_IMS_CLONE_CNT
UBMAINT,REF_UB_PROCESS_CONFIG,UBMAINT.REF_UB_PROCESS_CONFIG
UBMAINT,REF_UB_PROCESS_CONFIG_OUTPUT,UBMAINT.REF_UB_PROCESS_CONFIG_OUTPUT
UBRA,HUP_PROCESS_CONTROL,UBRA.HUP_PROCESS_CONTROL
UBRA,HUP_THRESHOLD_DTL,UBRA.HUP_THRESHOLD_DTL
UBRA,HUP_THRESHOLD_SHRGRP_DTL,UBRA.HUP_THRESHOLD_SHRGRP_DTL
UBRA,HUP_THRESH_CUR_OVERRIDE,UBRA.HUP_THRESH_CUR_OVERRIDE
UBRA,HUP_THRESH_PERM_OVERRIDE,UBRA.HUP_THRESH_PERM_OVERRIDE
UBRA,JITR_ILB_PROCESS,UBRA.JITR_ILB_PROCESS
UBRA,JITR_LDR_ERRORS,UBRA.JITR_LDR_ERRORS
UBRA,JITR_LDR_ILBAUDIT,UBRA.JITR_LDR_ILBAUDIT
UBRA,JITR_LDR_SUCCESS,UBRA.JITR_LDR_SUCCESS
UBRA,JITR_LDR_UNPROCESSED_ERRORS,UBRA.JITR_LDR_UNPROCESSED_ERRORS
UBRA,REF_EOC_CYCLE_DATE,UBRA.REF_EOC_CYCLE_DATE
UBRA,REF_HUP_THRESHOLD,UBRA.REF_HUP_THRESHOLD
UBRA,XXX_HUP_THRESHOLD_DTL,UBRA.XXX_HUP_THRESHOLD_DTL
UBSR,ARCHIVAL,UBSR.ARCHIVAL
UBSR,B2B_ROUTING_XYZ,UBSR.B2B_ROUTING_XYZ
UBSR,BACKUP_MTDT_JITR_MIGRATION,UBSR.BACKUP_MTDT_JITR_MIGRATION
UBSR,CAROL,UBSR.CAROL
UBSR,CBR_PERSON_REPOS,UBSR.CBR_PERSON_REPOS
UBSR,CLEANUP_CUST,UBSR.CLEANUP_CUST
UBSR,CUST_CLEANUP_ERROR,UBSR.CUST_CLEANUP_ERROR
UBSR,CUST_MDN_CBR,UBSR.CUST_MDN_CBR
UBSR,CY0112,UBSR.CY0112
UBSR,CY04759,UBSR.CY04759
UBSR,DEMO_TABLE,UBSR.DEMO_TABLE
UBSR,DUW_ERROR,UBSR.DUW_ERROR
UBSR,DUW_RBM_REQUEST,UBSR.DUW_RBM_REQUEST
UBSR,DUW_RBM_RESPONSE,UBSR.DUW_RBM_RESPONSE
UBSR,DUW_REQUEST_CHANGE,UBSR.DUW_REQUEST_CHANGE
UBSR,DUW_REQUEST_PARAM,UBSR.DUW_REQUEST_PARAM
UBSR,DUW_USER_REQUEST,UBSR.DUW_USER_REQUEST
UBSR,EOC_CYCLE_SUMMARY,UBSR.EOC_CYCLE_SUMMARY
UBSR,EOC_CYCLE_TRACKING,UBSR.EOC_CYCLE_TRACKING
UBSR,EOC_LSG_APPLIED_CPDUS,UBSR.EOC_LSG_APPLIED_CPDUS
UBSR,EOC_LSG_APPLIED_CPDUS_MSG,UBSR.EOC_LSG_APPLIED_CPDUS_MSG
UBSR,EOC_LSG_REM_ALW_POOL,UBSR.EOC_LSG_REM_ALW_POOL
UBSR,EOC_LSG_REM_ALW_POOL_MSG,UBSR.EOC_LSG_REM_ALW_POOL_MSG
UBSR,EPC_BILLING_PROD_HIER,UBSR.EPC_BILLING_PROD_HIER
UBSR,EPC_BILLING_TRANS_MAP,UBSR.EPC_BILLING_TRANS_MAP
UBSR,FLASHBACK_PARAMETERS,UBSR.FLASHBACK_PARAMETERS
UBSR,GTT_CUST_IOT_INTL,UBSR.GTT_CUST_IOT_INTL
UBSR,GTT_RBM_DELETE_UNWIND_REQ,UBSR.GTT_RBM_DELETE_UNWIND_REQ
UBSR,HUP_PRE_BILL_ALERT_HISTORY,UBSR.HUP_PRE_BILL_ALERT_HISTORY
UBSR,HUP_RBM_ALERT_HISTORY,UBSR.HUP_RBM_ALERT_HISTORY
UBSR,HUP_THRESHOLD_MET,UBSR.HUP_THRESHOLD_MET
UBSR,JIS_HTTP_CONNECT_INFO,UBSR.JIS_HTTP_CONNECT_INFO
UBSR,LN_SVC_REL_STAT,UBSR.LN_SVC_REL_STAT
UBSR,MDNDEC09,UBSR.MDNDEC09
UBSR,MINI_ODR_PLIST_AUDIT_MAPPING,UBSR.MINI_ODR_PLIST_AUDIT_MAPPING
UBSR,MR_LOGS,UBSR.MR_LOGS
UBSR,MTDT_JITR_MIGRATION,UBSR.MTDT_JITR_MIGRATION
UBSR,MTDT_JITR_MIGRATION_HISTORY,UBSR.MTDT_JITR_MIGRATION_HISTORY
UBSR,MTDT_JITR_MIGRATION_K2,UBSR.MTDT_JITR_MIGRATION_K2
UBSR,MTDT_JITR_MIGRATION_OLD,UBSR.MTDT_JITR_MIGRATION_OLD
UBSR,MTDT_JITR_ROUTING,UBSR.MTDT_JITR_ROUTING
UBSR,MTDT_JITR_ROUTING_K2,UBSR.MTDT_JITR_ROUTING_K2
UBSR,MTDT_JITR_ROUTING_OLD,UBSR.MTDT_JITR_ROUTING_OLD
UBSR,MTDT_JITR_ROUTING_OVERRIDE,UBSR.MTDT_JITR_ROUTING_OVERRIDE
UBSR,MTDT_OUTCOLLECT_ROUTING,UBSR.MTDT_OUTCOLLECT_ROUTING
UBSR,MV_SUB_CUST_IOT_INTL,UBSR.MV_SUB_CUST_IOT_INTL
UBSR,OBR_PROCESSING_LIST,UBSR.OBR_PROCESSING_LIST
UBSR,PIERRE_TEMP,UBSR.PIERRE_TEMP
UBSR,PIERRE_TEMP_B2BSYNC,UBSR.PIERRE_TEMP_B2BSYNC
UBSR,PIERRE_TEMP_VISION,UBSR.PIERRE_TEMP_VISION
UBSR,PLAB_USAGE,UBSR.PLAB_USAGE
UBSR,PLAB_USAGE_BCKUP,UBSR.PLAB_USAGE_BCKUP
UBSR,PPLANDEC09,UBSR.PPLANDEC09
UBSR,PROMODEC09,UBSR.PROMODEC09
UBSR,RBMDEC09,UBSR.RBMDEC09
UBSR,RBM_CB_ACCT_DT_ALW_REM,UBSR.RBM_CB_ACCT_DT_ALW_REM
UBSR,RBM_CUST_MTN_ALLOW_REM,UBSR.RBM_CUST_MTN_ALLOW_REM
UBSR,RBM_CUST_MTN_CAP_OVG,UBSR.RBM_CUST_MTN_CAP_OVG
UBSR,RBM_DELETE_UNWIND_REQ,UBSR.RBM_DELETE_UNWIND_REQ
UBSR,RBM_DELETE_UNWIND_REQUEST,UBSR.RBM_DELETE_UNWIND_REQUEST
UBSR,RBM_DELETE_UNWIND_REQUEST_1210,UBSR.RBM_DELETE_UNWIND_REQUEST_1210
UBSR,RBM_DELETE_UNWIND_STATUS,UBSR.RBM_DELETE_UNWIND_STATUS
UBSR,RCN_MTDT_JITR_MIGRATION,UBSR.RCN_MTDT_JITR_MIGRATION
UBSR,RCN_MTDT_JITR_ROUTING,UBSR.RCN_MTDT_JITR_ROUTING
UBSR,RCN_SUB_ACCT_SPLAN,UBSR.RCN_SUB_ACCT_SPLAN
UBSR,RCN_SUB_ACCT_SPLAN_INACTIVE,UBSR.RCN_SUB_ACCT_SPLAN_INACTIVE
UBSR,RCN_SUB_ACCT_SVC_PROD,UBSR.RCN_SUB_ACCT_SVC_PROD
UBSR,RCN_SUB_ACCT_TYP,UBSR.RCN_SUB_ACCT_TYP
UBSR,RCN_SUB_BL_ACCT_LN_STAT,UBSR.RCN_SUB_BL_ACCT_LN_STAT
UBSR,RCN_SUB_CUSTOMER,UBSR.RCN_SUB_CUSTOMER
UBSR,RCN_SUB_CUST_ACCT,UBSR.RCN_SUB_CUST_ACCT
UBSR,RCN_SUB_CUST_ACCT_MC,UBSR.RCN_SUB_CUST_ACCT_MC
UBSR,RCN_SUB_CUST_ACCT_MC_LIST,UBSR.RCN_SUB_CUST_ACCT_MC_LIST
UBSR,RCN_SUB_CUST_ACCT_MDN,UBSR.RCN_SUB_CUST_ACCT_MDN
UBSR,RCN_SUB_CUST_BL_CYCLE,UBSR.RCN_SUB_CUST_BL_CYCLE
UBSR,RCN_SUB_CUST_DVC_EQP_TRANS,UBSR.RCN_SUB_CUST_DVC_EQP_TRANS
UBSR,RCN_SUB_CUST_ECPD_PROFILE,UBSR.RCN_SUB_CUST_ECPD_PROFILE
UBSR,RCN_SUB_LN_OF_SVC_CUST_BA,UBSR.RCN_SUB_LN_OF_SVC_CUST_BA
UBSR,RCN_SUB_LN_SVC_PROD,UBSR.RCN_SUB_LN_SVC_PROD
UBSR,RCN_SUB_LN_SVC_PROD_USG_SEG_BA,UBSR.RCN_SUB_LN_SVC_PROD_USG_SEG_BA
UBSR,RCN_SUB_PREV_CUST_MDN,UBSR.RCN_SUB_PREV_CUST_MDN
UBSR,RCN_SUB_SF_MDN,UBSR.RCN_SUB_SF_MDN
UBSR,RCN_SUB_SPO_PARTICIPATE_LN,UBSR.RCN_SUB_SPO_PARTICIPATE_LN
UBSR,RECON_BPR_IBI_REED_STATS,UBSR.RECON_BPR_IBI_REED_STATS
UBSR,RECON_BPR_IBI_STATS,UBSR.RECON_BPR_IBI_STATS
UBSR,RECON_FULL_PROCESSING_LIST,UBSR.RECON_FULL_PROCESSING_LIST
UBSR,RECON_MINI_PROCESSING_LIST,UBSR.RECON_MINI_PROCESSING_LIST
UBSR,RECON_NONCUST_PROCESSING_LIST,UBSR.RECON_NONCUST_PROCESSING_LIST
UBSR,RECON_ODR_PROCESSING_LIST,UBSR.RECON_ODR_PROCESSING_LIST
UBSR,RECON_PRBL_PROCESSING_LIST,UBSR.RECON_PRBL_PROCESSING_LIST
UBSR,RECON_SUMMARY,UBSR.RECON_SUMMARY
UBSR,SPODEC09,UBSR.SPODEC09
UBSR,STAT_EOC_CIF_CET,UBSR.STAT_EOC_CIF_CET
UBSR,STG_CUSTOMER_CLEAN,UBSR.STG_CUSTOMER_CLEAN
UBSR,STG_CUST_MTN_DVC_ALW_BONUS,UBSR.STG_CUST_MTN_DVC_ALW_BONUS
UBSR,STG_MTDT_JITR_MIGRATION,UBSR.STG_MTDT_JITR_MIGRATION
UBSR,STG_MTDT_JITR_ROUTING,UBSR.STG_MTDT_JITR_ROUTING
UBSR,STG_RBM_CB_ACCT_DT_ALW_REM,UBSR.STG_RBM_CB_ACCT_DT_ALW_REM
UBSR,STG_RBM_CUST_MTN_ALLOW_REM,UBSR.STG_RBM_CUST_MTN_ALLOW_REM
UBSR,STG_RBM_MTN_DATA_ALLOW_REM,UBSR.STG_RBM_MTN_DATA_ALLOW_REM
UBSR,STG_SUB_ACCT_SPLAN,UBSR.STG_SUB_ACCT_SPLAN
UBSR,STG_SUB_ACCT_SPLAN_INACTIVE,UBSR.STG_SUB_ACCT_SPLAN_INACTIVE
UBSR,STG_SUB_ACCT_SVC_PROD,UBSR.STG_SUB_ACCT_SVC_PROD
UBSR,STG_SUB_ACCT_TYP,UBSR.STG_SUB_ACCT_TYP
UBSR,STG_SUB_CUSTOMER,UBSR.STG_SUB_CUSTOMER
UBSR,STG_SUB_CUST_ACCT,UBSR.STG_SUB_CUST_ACCT
UBSR,STG_SUB_CUST_ACCT_MDN,UBSR.STG_SUB_CUST_ACCT_MDN
UBSR,STG_SUB_CUST_BL_CYCLE,UBSR.STG_SUB_CUST_BL_CYCLE
UBSR,STG_SUB_CUST_DVC_EQP_TRANS,UBSR.STG_SUB_CUST_DVC_EQP_TRANS
UBSR,STG_SUB_CUST_DVC_PROV_INFO,UBSR.STG_SUB_CUST_DVC_PROV_INFO
UBSR,STG_SUB_DVC_SIM_EQP_ASSN,UBSR.STG_SUB_DVC_SIM_EQP_ASSN
UBSR,STG_SUB_DVC_SIM_EQP_ASSN_O,UBSR.STG_SUB_DVC_SIM_EQP_ASSN_O
UBSR,STG_SUB_DVC_SIM_INFO,UBSR.STG_SUB_DVC_SIM_INFO
UBSR,STG_SUB_LN_PRIM_ID_MDN,UBSR.STG_SUB_LN_PRIM_ID_MDN
UBSR,STG_SUB_PREV_CUST_MDN,UBSR.STG_SUB_PREV_CUST_MDN
UBSR,STG_SUB_SF_MDN,UBSR.STG_SUB_SF_MDN
UBSR,STG_SUB_SPO_PARTICIPATE_LN,UBSR.STG_SUB_SPO_PARTICIPATE_LN
UBSR,STG_SUB_SU_ALLOCATION,UBSR.STG_SUB_SU_ALLOCATION
UBSR,SUB_ACCT_SPLAN,UBSR.SUB_ACCT_SPLAN
UBSR,SUB_ACCT_SPLAN_BKP_051124,UBSR.SUB_ACCT_SPLAN_BKP_051124
UBSR,SUB_ACCT_SPLAN_DELROWS,UBSR.SUB_ACCT_SPLAN_DELROWS
UBSR,SUB_ACCT_SPLAN_INACTIVE,UBSR.SUB_ACCT_SPLAN_INACTIVE
UBSR,SUB_ACCT_SPLAN_INACTIVE_DELROW,UBSR.SUB_ACCT_SPLAN_INACTIVE_DELROW
UBSR,SUB_ACCT_SPLAN_INACTIVE_K2,UBSR.SUB_ACCT_SPLAN_INACTIVE_K2
UBSR,SUB_ACCT_SPLAN_INACTIVE_OLD,UBSR.SUB_ACCT_SPLAN_INACTIVE_OLD
UBSR,SUB_ACCT_SPLAN_K2,UBSR.SUB_ACCT_SPLAN_K2
UBSR,SUB_ACCT_SPLAN_OLD,UBSR.SUB_ACCT_SPLAN_OLD
UBSR,SUB_ACCT_SVC_PROD,UBSR.SUB_ACCT_SVC_PROD
UBSR,SUB_ACCT_SVC_PROD_DELROWS,UBSR.SUB_ACCT_SVC_PROD_DELROWS
UBSR,SUB_ACCT_SVC_PROD_K2,UBSR.SUB_ACCT_SVC_PROD_K2
UBSR,SUB_ACCT_TYP,UBSR.SUB_ACCT_TYP
UBSR,SUB_ACCT_TYP_DELROWS,UBSR.SUB_ACCT_TYP_DELROWS
UBSR,SUB_ACCT_TYP_K2,UBSR.SUB_ACCT_TYP_K2
UBSR,SUB_ACCT_TYP_NEW,UBSR.SUB_ACCT_TYP_NEW
UBSR,SUB_BL_ACCT_LN_STAT,UBSR.SUB_BL_ACCT_LN_STAT
UBSR,SUB_BL_ACCT_LN_STAT_K2,UBSR.SUB_BL_ACCT_LN_STAT_K2
UBSR,SUB_CLEARSPOT,UBSR.SUB_CLEARSPOT
UBSR,SUB_CLEARSPOT_ERRORS,UBSR.SUB_CLEARSPOT_ERRORS
UBSR,SUB_CUSTOMER,UBSR.SUB_CUSTOMER
UBSR,SUB_CUSTOMER_K2,UBSR.SUB_CUSTOMER_K2
UBSR,SUB_CUST_ACCT,UBSR.SUB_CUST_ACCT
UBSR,SUB_CUST_ACCT_K2,UBSR.SUB_CUST_ACCT_K2
UBSR,SUB_CUST_ACCT_LN_NONGEO_SBID,UBSR.SUB_CUST_ACCT_LN_NONGEO_SBID
UBSR,SUB_CUST_ACCT_LN_PPLAN,UBSR.SUB_CUST_ACCT_LN_PPLAN
UBSR,SUB_CUST_ACCT_LN_PROMO,UBSR.SUB_CUST_ACCT_LN_PROMO
UBSR,SUB_CUST_ACCT_LN_SPO,UBSR.SUB_CUST_ACCT_LN_SPO
UBSR,SUB_CUST_ACCT_LN_TX_GEO_CD,UBSR.SUB_CUST_ACCT_LN_TX_GEO_CD
UBSR,SUB_CUST_ACCT_LOS_PROMO,UBSR.SUB_CUST_ACCT_LOS_PROMO
UBSR,SUB_CUST_ACCT_LOS_SFO,UBSR.SUB_CUST_ACCT_LOS_SFO
UBSR,SUB_CUST_ACCT_LOS_SPO,UBSR.SUB_CUST_ACCT_LOS_SPO
UBSR,SUB_CUST_ACCT_LOS_TX_GEO_CD,UBSR.SUB_CUST_ACCT_LOS_TX_GEO_CD
UBSR,SUB_CUST_ACCT_MC,UBSR.SUB_CUST_ACCT_MC
UBSR,SUB_CUST_ACCT_MC_K2,UBSR.SUB_CUST_ACCT_MC_K2
UBSR,SUB_CUST_ACCT_MC_LIST,UBSR.SUB_CUST_ACCT_MC_LIST
UBSR,SUB_CUST_ACCT_MC_LIST_K2,UBSR.SUB_CUST_ACCT_MC_LIST_K2
UBSR,SUB_CUST_ACCT_MDN,UBSR.SUB_CUST_ACCT_MDN
UBSR,SUB_CUST_ACCT_MDN_BKP,UBSR.SUB_CUST_ACCT_MDN_BKP
UBSR,SUB_CUST_ACCT_MDN_DELROWS,UBSR.SUB_CUST_ACCT_MDN_DELROWS
UBSR,SUB_CUST_ACCT_MDN_DELROWS_K2,UBSR.SUB_CUST_ACCT_MDN_DELROWS_K2
UBSR,SUB_CUST_ACCT_MDN_K2,UBSR.SUB_CUST_ACCT_MDN_K2
UBSR,SUB_CUST_BL_CYCLE,UBSR.SUB_CUST_BL_CYCLE
UBSR,SUB_CUST_BL_CYCLE_DELROWS,UBSR.SUB_CUST_BL_CYCLE_DELROWS
UBSR,SUB_CUST_BL_CYCLE_K2,UBSR.SUB_CUST_BL_CYCLE_K2
UBSR,SUB_CUST_BL_CYCLE_OLD,UBSR.SUB_CUST_BL_CYCLE_OLD
UBSR,SUB_CUST_DVC_EQP_TRANS,UBSR.SUB_CUST_DVC_EQP_TRANS
UBSR,SUB_CUST_DVC_EQP_TRANS_BKP,UBSR.SUB_CUST_DVC_EQP_TRANS_BKP
UBSR,SUB_CUST_DVC_EQP_TRANS_DELROWS,UBSR.SUB_CUST_DVC_EQP_TRANS_DELROWS
UBSR,SUB_CUST_DVC_EQP_TRANS_K2,UBSR.SUB_CUST_DVC_EQP_TRANS_K2
UBSR,SUB_CUST_DVC_EQP_TRANS_OLD,UBSR.SUB_CUST_DVC_EQP_TRANS_OLD
UBSR,SUB_CUST_DVC_PROV_INFO,UBSR.SUB_CUST_DVC_PROV_INFO
UBSR,SUB_CUST_DVC_PROV_INFO_DELROWS,UBSR.SUB_CUST_DVC_PROV_INFO_DELROWS
UBSR,SUB_CUST_ECPD_PROFILE,UBSR.SUB_CUST_ECPD_PROFILE
UBSR,SUB_CUST_ECPD_PROFILE_K2,UBSR.SUB_CUST_ECPD_PROFILE_K2
UBSR,SUB_CUST_IOT_INTL,UBSR.SUB_CUST_IOT_INTL
UBSR,SUB_CUST_LN_DVC_EQP_TRANS,UBSR.SUB_CUST_LN_DVC_EQP_TRANS
UBSR,SUB_CUST_NON_JITR,UBSR.SUB_CUST_NON_JITR
UBSR,SUB_CUST_NON_JITR_DELROWS,UBSR.SUB_CUST_NON_JITR_DELROWS
UBSR,SUB_CUST_RETURN_TO_VISION,UBSR.SUB_CUST_RETURN_TO_VISION
UBSR,SUB_DVC_SIM_EQP_ASSN,UBSR.SUB_DVC_SIM_EQP_ASSN
UBSR,SUB_DVC_SIM_EQP_ASSN_DELROWS,UBSR.SUB_DVC_SIM_EQP_ASSN_DELROWS
UBSR,SUB_DVC_SIM_EQP_ASSN_O,UBSR.SUB_DVC_SIM_EQP_ASSN_O
UBSR,SUB_DVC_SIM_EQP_ASSN_OLD,UBSR.SUB_DVC_SIM_EQP_ASSN_OLD
UBSR,SUB_DVC_SIM_INFO,UBSR.SUB_DVC_SIM_INFO
UBSR,SUB_DVC_SIM_INFO_DELROWS,UBSR.SUB_DVC_SIM_INFO_DELROWS
UBSR,SUB_IMSI_MDN_TNI_RSS,UBSR.SUB_IMSI_MDN_TNI_RSS
UBSR,SUB_LN_OF_SVC_CUST_BA,UBSR.SUB_LN_OF_SVC_CUST_BA
UBSR,SUB_LN_OF_SVC_CUST_BA_K2,UBSR.SUB_LN_OF_SVC_CUST_BA_K2
UBSR,SUB_LN_SVC_PROD,UBSR.SUB_LN_SVC_PROD
UBSR,SUB_LN_SVC_PROD_06062024,UBSR.SUB_LN_SVC_PROD_06062024
UBSR,SUB_LN_SVC_PROD_DELROWS,UBSR.SUB_LN_SVC_PROD_DELROWS
UBSR,SUB_LN_SVC_PROD_K2,UBSR.SUB_LN_SVC_PROD_K2
UBSR,SUB_LN_SVC_PROD_OLD,UBSR.SUB_LN_SVC_PROD_OLD
UBSR,SUB_LN_SVC_PROD_USG_SEG_BA,UBSR.SUB_LN_SVC_PROD_USG_SEG_BA
UBSR,SUB_LN_SVC_PROD_USG_SEG_BA_K2,UBSR.SUB_LN_SVC_PROD_USG_SEG_BA_K2
UBSR,SUB_LU_CUST_ACCT_ADDR,UBSR.SUB_LU_CUST_ACCT_ADDR
UBSR,SUB_LU_CUST_ACCT_LN_CBR,UBSR.SUB_LU_CUST_ACCT_LN_CBR
UBSR,SUB_LU_CUST_ACCT_LN_SPO_ATTR,UBSR.SUB_LU_CUST_ACCT_LN_SPO_ATTR
UBSR,SUB_LU_CUST_ACCT_LOS_CBR,UBSR.SUB_LU_CUST_ACCT_LOS_CBR
UBSR,SUB_LU_CUST_ACCT_SPCL_MSG,UBSR.SUB_LU_CUST_ACCT_SPCL_MSG
UBSR,SUB_PENDING_CYCLE_CHANGE,UBSR.SUB_PENDING_CYCLE_CHANGE
UBSR,SUB_PREV_CUST_MDN,UBSR.SUB_PREV_CUST_MDN
UBSR,SUB_PREV_CUST_MDN_DELROWS,UBSR.SUB_PREV_CUST_MDN_DELROWS
UBSR,SUB_PREV_CUST_MDN_K2,UBSR.SUB_PREV_CUST_MDN_K2
UBSR,SUB_PREV_CUST_MDN_OLD,UBSR.SUB_PREV_CUST_MDN_OLD
UBSR,SUB_PRORATE_REQUEST,UBSR.SUB_PRORATE_REQUEST
UBSR,SUB_RCN_FIXES,UBSR.SUB_RCN_FIXES
UBSR,SUB_RCN_FIXES_K2,UBSR.SUB_RCN_FIXES_K2
UBSR,SUB_RECON_BYPASS,UBSR.SUB_RECON_BYPASS
UBSR,SUB_RECON_ILB_REQUESTS,UBSR.SUB_RECON_ILB_REQUESTS
UBSR,SUB_RERATE_REQUEST,UBSR.SUB_RERATE_REQUEST
UBSR,SUB_SF_MDN,UBSR.SUB_SF_MDN
UBSR,SUB_SF_MDN_BKP,UBSR.SUB_SF_MDN_BKP
UBSR,SUB_SF_MDN_DELROWS,UBSR.SUB_SF_MDN_DELROWS
UBSR,SUB_SF_MDN_K2,UBSR.SUB_SF_MDN_K2
UBSR,SUB_SF_MDN_NEW,UBSR.SUB_SF_MDN_NEW
UBSR,SUB_SF_MDN_OLD,UBSR.SUB_SF_MDN_OLD
UBSR,SUB_SPO_PARTICIPATE_LN,UBSR.SUB_SPO_PARTICIPATE_LN
UBSR,SUB_SPO_PARTICIPATE_LN_DELROWS,UBSR.SUB_SPO_PARTICIPATE_LN_DELROWS
UBSR,SUB_SPO_PARTICIPATE_LN_K2,UBSR.SUB_SPO_PARTICIPATE_LN_K2
UBSR,SUB_SUCCESS_HIST,UBSR.SUB_SUCCESS_HIST
UBSR,SUB_SU_ALLOCATION,UBSR.SUB_SU_ALLOCATION
UBSR,SUB_XLT_BL_RBM,UBSR.SUB_XLT_BL_RBM
UBSR,SUB_XLT_BL_RBM_BAK,UBSR.SUB_XLT_BL_RBM_BAK
UBSR,SUB_XLT_BL_RBM_DELROWS,UBSR.SUB_XLT_BL_RBM_DELROWS
UBSR,SUB_XLT_BL_RBM_DELROWS_K2,UBSR.SUB_XLT_BL_RBM_DELROWS_K2
UBSR,SUB_XLT_BL_RBM_DELROWS_OLD,UBSR.SUB_XLT_BL_RBM_DELROWS_OLD
UBSR,SUB_XLT_BL_RBM_EVENT,UBSR.SUB_XLT_BL_RBM_EVENT
UBSR,SUB_XLT_BL_RBM_EVENT_OLD,UBSR.SUB_XLT_BL_RBM_EVENT_OLD
UBSR,SUB_XLT_BL_RBM_K2,UBSR.SUB_XLT_BL_RBM_K2
UBSR,SU_MQ_EVT_DVC_PROD_ID_LDR,UBSR.SU_MQ_EVT_DVC_PROD_ID_LDR
UBSR,SVCPRODDEC09,UBSR.SVCPRODDEC09
UBSR,TEMP_RBM_CUSTID_DOMAINID,UBSR.TEMP_RBM_CUSTID_DOMAINID
UBSR,TEST_TZ_CLEANUP,UBSR.TEST_TZ_CLEANUP
UBSR,TMP_JIS_HTTP_CONNECT_INFO,UBSR.TMP_JIS_HTTP_CONNECT_INFO
UBSR,TMP_MTDT_JITR_MIGRATION,UBSR.TMP_MTDT_JITR_MIGRATION
UBSR,TMP_MTDT_JITR_ROUTING,UBSR.TMP_MTDT_JITR_ROUTING
UBSR,TMP_RBM_CB_ACCT_DT_ALW_REM,UBSR.TMP_RBM_CB_ACCT_DT_ALW_REM
UBSR,TMP_RBM_CUST_MTN_ALLOW_REM,UBSR.TMP_RBM_CUST_MTN_ALLOW_REM
UBSR,TMP_RBM_CUST_MTN_CAP_OVG,UBSR.TMP_RBM_CUST_MTN_CAP_OVG
UBSR,TMP_RBM_MTN_DATA_ALLOW_REM,UBSR.TMP_RBM_MTN_DATA_ALLOW_REM
UBSR,TMP_SUB_ACCT_SPLAN,UBSR.TMP_SUB_ACCT_SPLAN
UBSR,TMP_SUB_ACCT_SPLAN_INACTIVE,UBSR.TMP_SUB_ACCT_SPLAN_INACTIVE
UBSR,TMP_SUB_ACCT_TYP,UBSR.TMP_SUB_ACCT_TYP
UBSR,TMP_SUB_CUSTOMER,UBSR.TMP_SUB_CUSTOMER
UBSR,TMP_SUB_CUST_ACCT,UBSR.TMP_SUB_CUST_ACCT
UBSR,TMP_SUB_CUST_ACCT_MDN,UBSR.TMP_SUB_CUST_ACCT_MDN
UBSR,TMP_SUB_CUST_BL_CYCLE,UBSR.TMP_SUB_CUST_BL_CYCLE
UBSR,TMP_SUB_CUST_DVC_EQP_TRANS,UBSR.TMP_SUB_CUST_DVC_EQP_TRANS
UBSR,TMP_SUB_CUST_DVC_PROV_INFO,UBSR.TMP_SUB_CUST_DVC_PROV_INFO
UBSR,TMP_SUB_DVC_SIM_EQP_ASSN,UBSR.TMP_SUB_DVC_SIM_EQP_ASSN
UBSR,TMP_SUB_DVC_SIM_INFO,UBSR.TMP_SUB_DVC_SIM_INFO
UBSR,TMP_SUB_IMSI_MDN,UBSR.TMP_SUB_IMSI_MDN
UBSR,TMP_SUB_IMSI_MDN_TNI_RSS,UBSR.TMP_SUB_IMSI_MDN_TNI_RSS
UBSR,TMP_SUB_MDN_MIN,UBSR.TMP_SUB_MDN_MIN
UBSR,TMP_SUB_SF_MDN,UBSR.TMP_SUB_SF_MDN
UBSR,TMP_SUB_SU_ALLOCATION,UBSR.TMP_SUB_SU_ALLOCATION
UBSR,TMP_SUB_XLT_BL_RBM,UBSR.TMP_SUB_XLT_BL_RBM
UBSR,TMP_SU_MQ_EVT_DVC_PROD_ID_LDR,UBSR.TMP_SU_MQ_EVT_DVC_PROD_ID_LDR
UBSR,UBSR_MDNOCT1301,UBSR.UBSR_MDNOCT1301
UBSR,UBSR_MDNSEPT2701,UBSR.UBSR_MDNSEPT2701
UBSR,UBSR_PPLANOCT1301,UBSR.UBSR_PPLANOCT1301
UBSR,UBSR_PPLANSEPT2701,UBSR.UBSR_PPLANSEPT2701
UBSR,UBSR_PROMOOCT1301,UBSR.UBSR_PROMOOCT1301
UBSR,UBSR_PROMOSEPT2701,UBSR.UBSR_PROMOSEPT2701
UBSR,UBSR_RBMOCT1301,UBSR.UBSR_RBMOCT1301
UBSR,UBSR_RBMSEPT2701,UBSR.UBSR_RBMSEPT2701
UBSR,UBSR_SEGOCT1301,UBSR.UBSR_SEGOCT1301
UBSR,UBSR_SEGSEPT2701,UBSR.UBSR_SEGSEPT2701
UBSR,UBSR_SPOOCT1301,UBSR.UBSR_SPOOCT1301
UBSR,UBSR_SPOSEPT2701,UBSR.UBSR_SPOSEPT2701
UBSR,UBSR_SVCOCT1301,UBSR.UBSR_SVCOCT1301
UBSR,UBSR_SVCSEPT2701,UBSR.UBSR_SVCSEPT2701
UBSR,UB_ALERT_HISTORY,UBSR.UB_ALERT_HISTORY
UBSR,UB_EOC_CONTROL,UBSR.UB_EOC_CONTROL
UBSR,UB_EOC_MANUAL_CONTROL,UBSR.UB_EOC_MANUAL_CONTROL
UBSR,USGSEGDEC09,UBSR.USGSEGDEC09
UBSR,VISION2_CUSTCATEGORY,UBSR.VISION2_CUSTCATEGORY
UBSR,VISION2_CUSTPHASE,UBSR.VISION2_CUSTPHASE
UBSR,VISION_CYCLE_ITR_ACTIVITY,UBSR.VISION_CYCLE_ITR_ACTIVITY
UBSR,VISION_CYCLE_JITR_INSTANCE,UBSR.VISION_CYCLE_JITR_INSTANCE
UBSR,VISION_CYCLE_PHASE_ACTIVITY,UBSR.VISION_CYCLE_PHASE_ACTIVITY
UBSR,VZW_ALERT,UBSR.VZW_ALERT
UBSR,WK30MR_SUB_RCN_FIXES,UBSR.WK30MR_SUB_RCN_FIXES
UBSR,XXX_MTDT_JITR_ROUTING,UBSR.XXX_MTDT_JITR_ROUTING
UBSR,XXX_UB_EOC_CONTROL,UBSR.XXX_UB_EOC_CONTROL
UBSRV2,ATTRIBUTE_CONFIG,UBSRV2.ATTRIBUTE_CONFIG
UBSRV2,CUSTACCDEC09,UBSRV2.CUSTACCDEC09
UBSRV2,JITR_LDR_TRX,UBSRV2.JITR_LDR_TRX
UBSRV2,JITR_LDR_TRX_REFLOW,UBSRV2.JITR_LDR_TRX_REFLOW
UBSRV2,JITR_LDR_VB_ERRORS,UBSRV2.JITR_LDR_VB_ERRORS
UBSRV2,JITR_LDR_VB_SUCCESS,UBSRV2.JITR_LDR_VB_SUCCESS
UBSRV2,JITR_LDR_VB_UNPROCESSED_ERRORS,UBSRV2.JITR_LDR_VB_UNPROCESSED_ERRORS
UBSRV2,SUB_ADDR_REPOS,UBSRV2.SUB_ADDR_REPOS
UBSRV2,SUB_CUST_ACCT_LOS_PPLAN,UBSRV2.SUB_CUST_ACCT_LOS_PPLAN
UBSRV2,SUB_CUST_ACCT_PROMO,UBSRV2.SUB_CUST_ACCT_PROMO
UBSRV2,SUB_CUST_ACCT_SVC_PROD_ATTR,UBSRV2.SUB_CUST_ACCT_SVC_PROD_ATTR
UBSRV2,SUB_CUST_MIGR_METADATA,UBSRV2.SUB_CUST_MIGR_METADATA
UBSRV2,SUB_XLT_BL_RBM_BILLING,UBSRV2.SUB_XLT_BL_RBM_BILLING
UBSRV2,SUB_XLT_BL_RBM_DELROWS_BILLING,UBSRV2.SUB_XLT_BL_RBM_DELROWS_BILLING
UBSRV2,UBSR_CUSTACCOCT1301,UBSRV2.UBSR_CUSTACCOCT1301
UBSRV2,UBSR_CUSTACCSEPT2701,UBSRV2.UBSR_CUSTACCSEPT2701
UBSRV2,V2_BCS_UNBILLED_ADJ,UBSRV2.V2_BCS_UNBILLED_ADJ
UBSRV2,V2_BCS_UNBILLED_CHG,UBSRV2.V2_BCS_UNBILLED_CHG
UIM,AUDIT_DETAILS,UIM.AUDIT_DETAILS
UIM,AUDIT_SUMMARY,UIM.AUDIT_SUMMARY
UIM,OOB_DETAILS,UIM.OOB_DETAILS
UIM,OOB_SUMMARY,UIM.OOB_SUMMARY
UIM,UIM_REPROCESS_ACCTS,UIM.UIM_REPROCESS_ACCTS
UIM_CONFIG,STREAM_ITERATION_PRINTIND,UIM_CONFIG.STREAM_ITERATION_PRINTIND
UIM_CONFIG,UIM_RECORDS,UIM_CONFIG.UIM_RECORDS
UIM_FLOW,PROCESS_ERR_DETAIL,UIM_FLOW.PROCESS_ERR_DETAIL
UIM_FLOW,PROCESS_STATUS,UIM_FLOW.PROCESS_STATUS
UIM_FLOW,UML_AUDIT_REPORT,UIM_FLOW.UML_AUDIT_REPORT
URTUSG,JUNK,URTUSG.JUNK
URTUSG,UNRATED_USAGE_DATA,URTUSG.UNRATED_USAGE_DATA
URTUSG,UNRATED_USAGE_DATA_DUPE,URTUSG.UNRATED_USAGE_DATA_DUPE
URTUSG,URU_CUST_NEXT_BILL_CYCLE,URTUSG.URU_CUST_NEXT_BILL_CYCLE
V2BILLING_WORKFLOW,ATTACHMENTS,V2BILLING_WORKFLOW.ATTACHMENTS
V2BILLING_WORKFLOW,COMMENTS,V2BILLING_WORKFLOW.COMMENTS
V2BILLING_WORKFLOW,DEFINITIONS,V2BILLING_WORKFLOW.DEFINITIONS
V2BILLING_WORKFLOW,DEFINITIONS_ADDONS,V2BILLING_WORKFLOW.DEFINITIONS_ADDONS
V2BILLING_WORKFLOW,DEFINITIONS_ROLES,V2BILLING_WORKFLOW.DEFINITIONS_ROLES
V2BILLING_WORKFLOW,JOBS,V2BILLING_WORKFLOW.JOBS
V2BILLING_WORKFLOW,MILESTONES,V2BILLING_WORKFLOW.MILESTONES
V2BILLING_WORKFLOW,NODES,V2BILLING_WORKFLOW.NODES
V2BILLING_WORKFLOW,PROCESSES,V2BILLING_WORKFLOW.PROCESSES
V2BILLING_WORKFLOW,PROCESSES_ADDONS,V2BILLING_WORKFLOW.PROCESSES_ADDONS
V2BILLING_WORKFLOW,PROCESSES_ROLES,V2BILLING_WORKFLOW.PROCESSES_ROLES
V2BILLING_WORKFLOW,PROCESS_INSTANCES,V2BILLING_WORKFLOW.PROCESS_INSTANCES
V2BILLING_WORKFLOW,TASKS,V2BILLING_WORKFLOW.TASKS
V2BILLING_WORKFLOW,TASKS_ADMIN_GROUPS,V2BILLING_WORKFLOW.TASKS_ADMIN_GROUPS
V2BILLING_WORKFLOW,TASKS_ADMIN_USERS,V2BILLING_WORKFLOW.TASKS_ADMIN_USERS
V2BILLING_WORKFLOW,TASKS_EXCLUDED_USERS,V2BILLING_WORKFLOW.TASKS_EXCLUDED_USERS
V2BILLING_WORKFLOW,TASKS_POTENTIAL_GROUPS,V2BILLING_WORKFLOW.TASKS_POTENTIAL_GROUPS
V2BILLING_WORKFLOW,TASKS_POTENTIAL_USERS,V2BILLING_WORKFLOW.TASKS_POTENTIAL_USERS
V2BILLING_WORKFLOW,flyway_schema_history,V2BILLING_WORKFLOW.flyway_schema_history
V2LOANS,BANKRUPTCY_INSTALL_ATTR,V2LOANS.BANKRUPTCY_INSTALL_ATTR
V2LOANS,BANKRUPTCY_TREATMENT,V2LOANS.BANKRUPTCY_TREATMENT
V2LOANS,BANKRUPTCY_USG_MONTR,V2LOANS.BANKRUPTCY_USG_MONTR
V2LOANS,CUST_RISK_PROFILE,V2LOANS.CUST_RISK_PROFILE
V2LOANS,INSTALLMENT_LOAN,V2LOANS.INSTALLMENT_LOAN
V2LOANS,INSTALL_ACCELERATE_TAX,V2LOANS.INSTALL_ACCELERATE_TAX
V2LOANS,INSTALL_CUST_DOMAIN_MAP,V2LOANS.INSTALL_CUST_DOMAIN_MAP
V2LOANS,INSTALL_DVC_ORD_HIST,V2LOANS.INSTALL_DVC_ORD_HIST
V2LOANS,INSTALL_LOAN_AMORT_DTL,V2LOANS.INSTALL_LOAN_AMORT_DTL
V2LOANS,INSTALL_LOAN_BA_HIST,V2LOANS.INSTALL_LOAN_BA_HIST
V2LOANS,INSTALL_LOAN_BILL_INFO,V2LOANS.INSTALL_LOAN_BILL_INFO
V2LOANS,INSTALL_LOAN_CURR_INFO,V2LOANS.INSTALL_LOAN_CURR_INFO
V2LOANS,INSTALL_LOAN_CURR_INFO_H,V2LOANS.INSTALL_LOAN_CURR_INFO_H
V2LOANS,INSTALL_LOAN_DVC_OVR,V2LOANS.INSTALL_LOAN_DVC_OVR
V2LOANS,INSTALL_LOAN_FORCE_ACCEL,V2LOANS.INSTALL_LOAN_FORCE_ACCEL
V2LOANS,INSTALL_LOAN_MTN_HIST,V2LOANS.INSTALL_LOAN_MTN_HIST
V2LOANS,INSTALL_LOAN_QUOTE,V2LOANS.INSTALL_LOAN_QUOTE
V2LOANS,INSTALL_LOAN_SHIP_ADDR,V2LOANS.INSTALL_LOAN_SHIP_ADDR
V2LOANS,INSTALL_LOAN_SKU,V2LOANS.INSTALL_LOAN_SKU
V2LOANS,INSTALL_LOAN_STATUS,V2LOANS.INSTALL_LOAN_STATUS
V2LOANS,INSTALL_LOAN_STATUS_VENDOR,V2LOANS.INSTALL_LOAN_STATUS_VENDOR
V2LOANS,INSTALL_LOAN_STAT_RSN,V2LOANS.INSTALL_LOAN_STAT_RSN
V2LOANS,INSTALL_LOAN_TX_QUOTE,V2LOANS.INSTALL_LOAN_TX_QUOTE
V2LOANS,INSTALL_PEND_POST_CREDIT,V2LOANS.INSTALL_PEND_POST_CREDIT
V2LOANS,INSTL_LOAN_INDIRECT_STAT,V2LOANS.INSTL_LOAN_INDIRECT_STAT
V2LOANS,INSTL_LOAN_PMT_ALLOC,V2LOANS.INSTL_LOAN_PMT_ALLOC
V2LOANS,INSTL_LOAN_PMT_TRANS,V2LOANS.INSTL_LOAN_PMT_TRANS
V2LOANS,INSTL_LOAN_UNAPP_PMT_TRANS,V2LOANS.INSTL_LOAN_UNAPP_PMT_TRANS
V2LOANS,INSTL_REF_AMORT_DTL,V2LOANS.INSTL_REF_AMORT_DTL
V2LOANS,INST_LOAN_JEMS_AUD,V2LOANS.INST_LOAN_JEMS_AUD
V2LOANS,LOAN_BATCH_PROCESS_STATUS,V2LOANS.LOAN_BATCH_PROCESS_STATUS
V2LOANS,LOAN_DATAPOP_AUDIT,V2LOANS.LOAN_DATAPOP_AUDIT
V2LOANS,LOAN_JOB_AUDIT,V2LOANS.LOAN_JOB_AUDIT
V2LOANS,LOAN_JOB_AUDIT_SUMMARY,V2LOANS.LOAN_JOB_AUDIT_SUMMARY
V2LOANS,LOAN_MFT_AUDIT,V2LOANS.LOAN_MFT_AUDIT
V2LOANS,LOAN_SECURTZTN_CONTROL,V2LOANS.LOAN_SECURTZTN_CONTROL
V2LOANS,LOAN_SECURTZTN_EXCLUDE,V2LOANS.LOAN_SECURTZTN_EXCLUDE
V2LOANS,LOAN_SECURTZTN_PORTFOLIO,V2LOANS.LOAN_SECURTZTN_PORTFOLIO
V2LOANS,LOAN_TRANCHE_HIST,V2LOANS.LOAN_TRANCHE_HIST
V2LOANS,LOAN_VENDOR_MISMATCH_AUDIT,V2LOANS.LOAN_VENDOR_MISMATCH_AUDIT
V2LOANS,TRANCHE_GRP_CODE,V2LOANS.TRANCHE_GRP_CODE
V2LOANS,TRANCHE_INFO,V2LOANS.TRANCHE_INFO
V2LOANS,VZ_ACC_OTC_DETAILS,V2LOANS.VZ_ACC_OTC_DETAILS
V2LOANS,VZ_CYCLE_OTC_SUMMARY,V2LOANS.VZ_CYCLE_OTC_SUMMARY
VZW_FLOW,RUN_ID_DETAILS,VZW_FLOW.RUN_ID_DETAILS
VZW_FLOW,VZW_TRACE,VZW_FLOW.VZW_TRACE
XDB,X$NM61WIH9UHV2B63V0KT74DSGL50I,XDB.X$NM61WIH9UHV2B63V0KT74DSGL50I
XDB,X$PT61WIH9UHV2B63V0KT74DSGL50I,XDB.X$PT61WIH9UHV2B63V0KT74DSGL50I
XDB,X$QN61WIH9UHV2B63V0KT74DSGL50I,XDB.X$QN61WIH9UHV2B63V0KT74DSGL50I
