owner,table_name,full_name
ADI_RPTG,ADI_DAILY_USAGE_DATA,ADI_RPTG.ADI_DAILY_USAGE_DATA
ADI_RPTG,ADI_DATA_AGGR_SHRGRP_DTL_SMRY,ADI_RPTG.ADI_DATA_AGGR_SHRGRP_DTL_SMRY
ADI_RPTG,ADI_DATA_AGGR_SHRGRP_SUMMARY,ADI_RPTG.ADI_DATA_AGGR_SHRGRP_SUMMARY
ADI_RPTG,ADI_DATA_EDPSHARE_LINELVL_SMRY,ADI_RPTG.ADI_DATA_EDPSHARE_LINELVL_SMRY
ADI_RPTG,ADI_DATA_EDPSHARE_OVRALL_SMRY,ADI_RPTG.ADI_DATA_EDPSHARE_OVRALL_SMRY
ADI_RPTG,ADI_DATA_EPB_SUMMARY,ADI_RPTG.ADI_DATA_EPB_SUMMARY
ADI_RPTG,ADI_DATA_LINE_LEVEL_STAGE,ADI_RPTG.ADI_DATA_LINE_LEVEL_STAGE
ADI_RPTG,ADI_DATA_LINE_LEVEL_SUMMARY,ADI_RPTG.ADI_DATA_LINE_LEVEL_SUMMARY
ADI_RPTG,ADI_DATA_LINE_LEVEL_USAGE,ADI_RPTG.ADI_DATA_LINE_LEVEL_USAGE
ADI_RPTG,ADI_DATA_SHRGRP_LINE_LVL_SMRY,ADI_RPTG.ADI_DATA_SHRGRP_LINE_LVL_SMRY
ADI_RPTG,ADI_DATA_SHRGRP_OVERALL_SMRY,ADI_RPTG.ADI_DATA_SHRGRP_OVERALL_SMRY
ADI_RPTG,ADI_DATA_SPLAN_SUMMARY,ADI_RPTG.ADI_DATA_SPLAN_SUMMARY
ADI_RPTG,ADI_DATA_SPLAN_USAGE,ADI_RPTG.ADI_DATA_SPLAN_USAGE
ADI_RPTG,ADI_DATA_TDP_LINE_LEVEL_SMRY,ADI_RPTG.ADI_DATA_TDP_LINE_LEVEL_SMRY
ADI_RPTG,ADI_DATA_TDP_OVERALL_SUMMARY,ADI_RPTG.ADI_DATA_TDP_OVERALL_SUMMARY
ADI_RPTG,ADI_DATA_USAGE_PRODUCT,ADI_RPTG.ADI_DATA_USAGE_PRODUCT
ADI_RPTG,ADI_DUP_AUDIT,ADI_RPTG.ADI_DUP_AUDIT
ADI_RPTG,ADI_MSG_ACCT_ALLOWANCE_USAGE,ADI_RPTG.ADI_MSG_ACCT_ALLOWANCE_USAGE
ADI_RPTG,ADI_MSG_DAILY_USAGE_SUMMARY,ADI_RPTG.ADI_MSG_DAILY_USAGE_SUMMARY
ADI_RPTG,ADI_MSG_LINE_LEVEL_USAGE,ADI_RPTG.ADI_MSG_LINE_LEVEL_USAGE
ADI_RPTG,ADI_MSG_SHRGRP_LINE_LEVEL_SUMMARY,ADI_RPTG.ADI_MSG_SHRGRP_LINE_LEVEL_SUMMARY
ADI_RPTG,ADI_MSG_SHRGRP_OVERALL_SUMMARY,ADI_RPTG.ADI_MSG_SHRGRP_OVERALL_SUMMARY
ADI_RPTG,ADI_PRODUCT_ALL_DATA,ADI_RPTG.ADI_PRODUCT_ALL_DATA
ADI_RPTG,ADI_PRODUCT_ALL_MSG,ADI_RPTG.ADI_PRODUCT_ALL_MSG
ADI_RPTG,ADI_UNBILLSHRGRPMDN_SUMMARY,ADI_RPTG.ADI_UNBILLSHRGRPMDN_SUMMARY
ADI_RPTG,ADI_UNBILLSHRGRP_SUMMARY,ADI_RPTG.ADI_UNBILLSHRGRP_SUMMARY
ADI_RPTG,BATCH_CONTROL,ADI_RPTG.BATCH_CONTROL
ADI_RPTG,BATCH_JOB_CONTROL,ADI_RPTG.BATCH_JOB_CONTROL
ADI_RPTG,COSTEDEVENT_DV,ADI_RPTG.COSTEDEVENT_DV
ADI_RPTG,CURRENT_BATCH,ADI_RPTG.CURRENT_BATCH
ADI_RPTG,CUSTPRODDISCOUNTDETAILS_DV,ADI_RPTG.CUSTPRODDISCOUNTDETAILS_DV
ADI_RPTG,CUSTPRODRATINGDISCOUNT_DV,ADI_RPTG.CUSTPRODRATINGDISCOUNT_DV
ADI_RPTG,FABRIC_PRODUCT_DATA,ADI_RPTG.FABRIC_PRODUCT_DATA
ADI_RPTG,FABRIC_PRODUCT_MESSAGE,ADI_RPTG.FABRIC_PRODUCT_MESSAGE
ADI_RPTG,FABRIC_PRODUCT_VOICE,ADI_RPTG.FABRIC_PRODUCT_VOICE
ADI_RPTG,HATA_REPORTS_CUSTID_USG_COUNT,ADI_RPTG.HATA_REPORTS_CUSTID_USG_COUNT
ADI_RPTG,IPTS_REPORTS_CUSTID_USG_COUNT,ADI_RPTG.IPTS_REPORTS_CUSTID_USG_COUNT
ADI_RPTG,MYBIZ_DATA_AGGR_DETAIL,ADI_RPTG.MYBIZ_DATA_AGGR_DETAIL
ADI_RPTG,MYBIZ_DATA_AGGR_SUMMARY,ADI_RPTG.MYBIZ_DATA_AGGR_SUMMARY
ADI_RPTG,MYBIZ_EDP_SUMMARY,ADI_RPTG.MYBIZ_EDP_SUMMARY
ADI_RPTG,MYBIZ_EVP_SUMMARY,ADI_RPTG.MYBIZ_EVP_SUMMARY
ADI_RPTG,MYBIZ_KORE,ADI_RPTG.MYBIZ_KORE
ADI_RPTG,MYBIZ_LINE_LEVEL,ADI_RPTG.MYBIZ_LINE_LEVEL
ADI_RPTG,MYBIZ_MESSAGE_AGGR_DETAIL,ADI_RPTG.MYBIZ_MESSAGE_AGGR_DETAIL
ADI_RPTG,MYBIZ_MESSAGE_AGGR_SUMMARY,ADI_RPTG.MYBIZ_MESSAGE_AGGR_SUMMARY
ADI_RPTG,MYBIZ_UNBILLED_USAGE,ADI_RPTG.MYBIZ_UNBILLED_USAGE
ADI_RPTG,MYBIZ_VOICE_AGGR_DETAIL,ADI_RPTG.MYBIZ_VOICE_AGGR_DETAIL
ADI_RPTG,MYBIZ_VOICE_AGGR_SUMMARY,ADI_RPTG.MYBIZ_VOICE_AGGR_SUMMARY
ADI_RPTG,PRODUCTBUCKETREQUEST_DV,ADI_RPTG.PRODUCTBUCKETREQUEST_DV
ADI_RPTG,PRODUCT_VOICE,ADI_RPTG.PRODUCT_VOICE
ADI_RPTG,RETRY_PROFILE_SMALL_LARGE,ADI_RPTG.RETRY_PROFILE_SMALL_LARGE
ADI_RPTG,USAGE_SEG_REPORT_AUDIT,ADI_RPTG.USAGE_SEG_REPORT_AUDIT
ADI_RPTG,VOICE_ACCT_USAGE,ADI_RPTG.VOICE_ACCT_USAGE
ADI_RPTG,VOICE_PPLANSETMDN_SUMMARY,ADI_RPTG.VOICE_PPLANSETMDN_SUMMARY
ADI_RPTG,VOICE_PPLANSETOVERALL_SUMMARY,ADI_RPTG.VOICE_PPLANSETOVERALL_SUMMARY
ADI_RPTG,VOICE_ROLLUP_SUMMARY,ADI_RPTG.VOICE_ROLLUP_SUMMARY
BCS_CUSTOM,BCS_ERROR_CODE,BCS_CUSTOM.BCS_ERROR_CODE
BCS_CUSTOM,CONTENT_EVENT_TRANS,BCS_CUSTOM.CONTENT_EVENT_TRANS
BCS_CUSTOM,CONTENT_REC_SUMMARY,BCS_CUSTOM.CONTENT_REC_SUMMARY
BCS_CUSTOM,CONTENT_UNBILLED_ADDL_INFO,BCS_CUSTOM.CONTENT_UNBILLED_ADDL_INFO
BCS_CUSTOM,CONTENT_UNBILLED_COMPONENTS,BCS_CUSTOM.CONTENT_UNBILLED_COMPONENTS
BCS_CUSTOM,CONTENT_UNBILLED_EVENT,BCS_CUSTOM.CONTENT_UNBILLED_EVENT
BCS_CUSTOM,CONTENT_UNBILLED_EVENT_ERR,BCS_CUSTOM.CONTENT_UNBILLED_EVENT_ERR
BCS_CUSTOM,CONTENT_UNBILLED_LIC_ACTVITY,BCS_CUSTOM.CONTENT_UNBILLED_LIC_ACTVITY
BCS_CUSTOM,CONTENT_UNBILLED_SVC_DLVR_ADDR,BCS_CUSTOM.CONTENT_UNBILLED_SVC_DLVR_ADDR
BCS_CUSTOM,CONTENT_VIS_AUDIT,BCS_CUSTOM.CONTENT_VIS_AUDIT
BILLINGRBA_ADMIN,ACCTACTIVITY,BILLINGRBA_ADMIN.ACCTACTIVITY
BILLINGRBA_ADMIN,BOXSTATS,BILLINGRBA_ADMIN.BOXSTATS
BILLINGRBA_ADMIN,BOXSTATSTHRESH,BILLINGRBA_ADMIN.BOXSTATSTHRESH
BILLINGRBA_ADMIN,CSCONFIG,BILLINGRBA_ADMIN.CSCONFIG
BILLINGRBA_ADMIN,CSHIST,BILLINGRBA_ADMIN.CSHIST
BILLINGRBA_ADMIN,DAILYTASKSTATUS,BILLINGRBA_ADMIN.DAILYTASKSTATUS
BILLINGRBA_ADMIN,EMPLOYEEDATA,BILLINGRBA_ADMIN.EMPLOYEEDATA
BILLINGRBA_ADMIN,EMPLOYEESCHED,BILLINGRBA_ADMIN.EMPLOYEESCHED
BILLINGRBA_ADMIN,EVENTTYPETABLE,BILLINGRBA_ADMIN.EVENTTYPETABLE
BILLINGRBA_ADMIN,FLOW,BILLINGRBA_ADMIN.FLOW
BILLINGRBA_ADMIN,FLOWHIST,BILLINGRBA_ADMIN.FLOWHIST
BILLINGRBA_ADMIN,FLOWINSTANCE,BILLINGRBA_ADMIN.FLOWINSTANCE
BILLINGRBA_ADMIN,IAMHIST,BILLINGRBA_ADMIN.IAMHIST
BILLINGRBA_ADMIN,IAMLATENCY,BILLINGRBA_ADMIN.IAMLATENCY
BILLINGRBA_ADMIN,IAMSTATSGROUP,BILLINGRBA_ADMIN.IAMSTATSGROUP
BILLINGRBA_ADMIN,IAMWFSTATUS,BILLINGRBA_ADMIN.IAMWFSTATUS
BILLINGRBA_ADMIN,INPUTFILESTATS,BILLINGRBA_ADMIN.INPUTFILESTATS
BILLINGRBA_ADMIN,JMXHIST,BILLINGRBA_ADMIN.JMXHIST
BILLINGRBA_ADMIN,JMXINSTANCE,BILLINGRBA_ADMIN.JMXINSTANCE
BILLINGRBA_ADMIN,JMXMBEANGROUP,BILLINGRBA_ADMIN.JMXMBEANGROUP
BILLINGRBA_ADMIN,JMXMBEANS,BILLINGRBA_ADMIN.JMXMBEANS
BILLINGRBA_ADMIN,JMXMONGROUP,BILLINGRBA_ADMIN.JMXMONGROUP
BILLINGRBA_ADMIN,JMXSTATUS,BILLINGRBA_ADMIN.JMXSTATUS
BILLINGRBA_ADMIN,JMXTHRESH,BILLINGRBA_ADMIN.JMXTHRESH
BILLINGRBA_ADMIN,LOGDEFS,BILLINGRBA_ADMIN.LOGDEFS
BILLINGRBA_ADMIN,LOGFILTER,BILLINGRBA_ADMIN.LOGFILTER
BILLINGRBA_ADMIN,LOGFILTERHIST,BILLINGRBA_ADMIN.LOGFILTERHIST
BILLINGRBA_ADMIN,LOGSCRAPERPT,BILLINGRBA_ADMIN.LOGSCRAPERPT
BILLINGRBA_ADMIN,MIBITEMS,BILLINGRBA_ADMIN.MIBITEMS
BILLINGRBA_ADMIN,NOTIFICATIONGROUP,BILLINGRBA_ADMIN.NOTIFICATIONGROUP
BILLINGRBA_ADMIN,NOTIFICATIONHIST,BILLINGRBA_ADMIN.NOTIFICATIONHIST
BILLINGRBA_ADMIN,PATHSTATSTABLE,BILLINGRBA_ADMIN.PATHSTATSTABLE
BILLINGRBA_ADMIN,PERFRULE,BILLINGRBA_ADMIN.PERFRULE
BILLINGRBA_ADMIN,PERFSTATS,BILLINGRBA_ADMIN.PERFSTATS
BILLINGRBA_ADMIN,PERFSTATSRT,BILLINGRBA_ADMIN.PERFSTATSRT
BILLINGRBA_ADMIN,PKGACTIVITY,BILLINGRBA_ADMIN.PKGACTIVITY
BILLINGRBA_ADMIN,PLUG,BILLINGRBA_ADMIN.PLUG
BILLINGRBA_ADMIN,PLUGPOINT,BILLINGRBA_ADMIN.PLUGPOINT
BILLINGRBA_ADMIN,PLUGPOINTGROUP,BILLINGRBA_ADMIN.PLUGPOINTGROUP
BILLINGRBA_ADMIN,PLUGPOINTHIST,BILLINGRBA_ADMIN.PLUGPOINTHIST
BILLINGRBA_ADMIN,PROCSTATUS,BILLINGRBA_ADMIN.PROCSTATUS
BILLINGRBA_ADMIN,PURGECONFIG,BILLINGRBA_ADMIN.PURGECONFIG
BILLINGRBA_ADMIN,RBAPARAMS,BILLINGRBA_ADMIN.RBAPARAMS
BILLINGRBA_ADMIN,RBAVERSION,BILLINGRBA_ADMIN.RBAVERSION
BILLINGRBA_ADMIN,RBAVERSIONHISTORY,BILLINGRBA_ADMIN.RBAVERSIONHISTORY
BILLINGRBA_ADMIN,REALTIMEEVENTCNT,BILLINGRBA_ADMIN.REALTIMEEVENTCNT
BILLINGRBA_ADMIN,REALTIMEMON,BILLINGRBA_ADMIN.REALTIMEMON
BILLINGRBA_ADMIN,REMOTEDATABASE,BILLINGRBA_ADMIN.REMOTEDATABASE
BILLINGRBA_ADMIN,REMOTEPROCESSDEF,BILLINGRBA_ADMIN.REMOTEPROCESSDEF
BILLINGRBA_ADMIN,REPORTCFG,BILLINGRBA_ADMIN.REPORTCFG
BILLINGRBA_ADMIN,REPORTGRAPH,BILLINGRBA_ADMIN.REPORTGRAPH
BILLINGRBA_ADMIN,REPORTHISTORY,BILLINGRBA_ADMIN.REPORTHISTORY
BILLINGRBA_ADMIN,REPORTSCHED,BILLINGRBA_ADMIN.REPORTSCHED
BILLINGRBA_ADMIN,REPORTSCHEDHISTORY,BILLINGRBA_ADMIN.REPORTSCHEDHISTORY
BILLINGRBA_ADMIN,RTRICOLLECT,BILLINGRBA_ADMIN.RTRICOLLECT
BILLINGRBA_ADMIN,RTRISTATS,BILLINGRBA_ADMIN.RTRISTATS
BILLINGRBA_ADMIN,SNMPAGENTS,BILLINGRBA_ADMIN.SNMPAGENTS
BILLINGRBA_ADMIN,SNMPGROUP,BILLINGRBA_ADMIN.SNMPGROUP
BILLINGRBA_ADMIN,SNMPHIST,BILLINGRBA_ADMIN.SNMPHIST
BILLINGRBA_ADMIN,SNMPSTATUS,BILLINGRBA_ADMIN.SNMPSTATUS
BILLINGRBA_ADMIN,SNMPTRAPLOG,BILLINGRBA_ADMIN.SNMPTRAPLOG
BILLINGRBA_ADMIN,TASKSLA,BILLINGRBA_ADMIN.TASKSLA
BILLINGRBA_ADMIN,TASKSLAEXCEPTION,BILLINGRBA_ADMIN.TASKSLAEXCEPTION
BILLINGRBA_ADMIN,TASKSLAHIST,BILLINGRBA_ADMIN.TASKSLAHIST
BILLINGRBA_ADMIN,TRANSFERHIST,BILLINGRBA_ADMIN.TRANSFERHIST
BILLINGRBA_ADMIN,USERPASS,BILLINGRBA_ADMIN.USERPASS
BILLINGRBA_ADMIN,VZBILLCALCVALIDATIONRULES,BILLINGRBA_ADMIN.VZBILLCALCVALIDATIONRULES
BILLINGRBA_ADMIN,ZENSTATUS,BILLINGRBA_ADMIN.ZENSTATUS
BILL_CUSTOM,AA_GATE_VALIDATION_DTL,BILL_CUSTOM.AA_GATE_VALIDATION_DTL
BILL_CUSTOM,ADJ_MONTHLY_CYCLE_STATS,BILL_CUSTOM.ADJ_MONTHLY_CYCLE_STATS
BILL_CUSTOM,BAAF_CONTENT_U,BILL_CUSTOM.BAAF_CONTENT_U
BILL_CUSTOM,BAAF_CONTENT_U_BKP,BILL_CUSTOM.BAAF_CONTENT_U_BKP
BILL_CUSTOM,BA_ADM_FEE_U_ADDL_COL,BILL_CUSTOM.BA_ADM_FEE_U_ADDL_COL
BILL_CUSTOM,BA_CONTENT_ADDR_TX_GEO,BILL_CUSTOM.BA_CONTENT_ADDR_TX_GEO
BILL_CUSTOM,BA_CONTENT_CHRG_U,BILL_CUSTOM.BA_CONTENT_CHRG_U
BILL_CUSTOM,BA_CONTENT_CHRG_U_BKP,BILL_CUSTOM.BA_CONTENT_CHRG_U_BKP
BILL_CUSTOM,BA_CONT_CHRG_ADDL_INFO,BILL_CUSTOM.BA_CONT_CHRG_ADDL_INFO
BILL_CUSTOM,BL_ACCT_ADM_FEE_U,BILL_CUSTOM.BL_ACCT_ADM_FEE_U
BILL_CUSTOM,BL_ACCT_ADM_FEE_U_BKP,BILL_CUSTOM.BL_ACCT_ADM_FEE_U_BKP
BILL_CUSTOM,BL_ACCT_CUST_MTN,BILL_CUSTOM.BL_ACCT_CUST_MTN
BILL_CUSTOM,BL_ACCT_LN_STAT,BILL_CUSTOM.BL_ACCT_LN_STAT
BILL_CUSTOM,BL_DISC_AUDIT,BILL_CUSTOM.BL_DISC_AUDIT
BILL_CUSTOM,CMAF_ADDL_INFO,BILL_CUSTOM.CMAF_ADDL_INFO
BILL_CUSTOM,CMAF_CALL_ADJ_U,BILL_CUSTOM.CMAF_CALL_ADJ_U
BILL_CUSTOM,CMAF_CALL_ADJ_U_BKP,BILL_CUSTOM.CMAF_CALL_ADJ_U_BKP
BILL_CUSTOM,CMAF_CHGBCK_TAX_U,BILL_CUSTOM.CMAF_CHGBCK_TAX_U
BILL_CUSTOM,CMAF_COMPS_B,BILL_CUSTOM.CMAF_COMPS_B
BILL_CUSTOM,CMAF_CONTENT_U,BILL_CUSTOM.CMAF_CONTENT_U
BILL_CUSTOM,CMAF_CONTENT_U_BKP,BILL_CUSTOM.CMAF_CONTENT_U_BKP
BILL_CUSTOM,CMAF_DATA_USG_U,BILL_CUSTOM.CMAF_DATA_USG_U
BILL_CUSTOM,CMAF_DATA_USG_U_BKP,BILL_CUSTOM.CMAF_DATA_USG_U_BKP
BILL_CUSTOM,CMAF_TXTPIX_U,BILL_CUSTOM.CMAF_TXTPIX_U
BILL_CUSTOM,CMAF_TXTPIX_U_BKP,BILL_CUSTOM.CMAF_TXTPIX_U_BKP
BILL_CUSTOM,CMAF_U,BILL_CUSTOM.CMAF_U
BILL_CUSTOM,CMAF_U_ADDL_COL,BILL_CUSTOM.CMAF_U_ADDL_COL
BILL_CUSTOM,CMAF_U_ADDL_COL_BKP,BILL_CUSTOM.CMAF_U_ADDL_COL_BKP
BILL_CUSTOM,CMAF_U_BKP,BILL_CUSTOM.CMAF_U_BKP
BILL_CUSTOM,CMD_CONTENT,BILL_CUSTOM.CMD_CONTENT
BILL_CUSTOM,CMD_CONTENT_BKP,BILL_CUSTOM.CMD_CONTENT_BKP
BILL_CUSTOM,CONTENT_COMPONENTS,BILL_CUSTOM.CONTENT_COMPONENTS
BILL_CUSTOM,CONTENT_SVC_DLVR_ADDR,BILL_CUSTOM.CONTENT_SVC_DLVR_ADDR
BILL_CUSTOM,CUST_MTN_TX_GEO_CD,BILL_CUSTOM.CUST_MTN_TX_GEO_CD
BILL_CUSTOM,C_LA_CYCLE_INFO,BILL_CUSTOM.C_LA_CYCLE_INFO
BILL_CUSTOM,C_LA_CYCLE_IN_FILE_SUMMARY,BILL_CUSTOM.C_LA_CYCLE_IN_FILE_SUMMARY
BILL_CUSTOM,C_LA_CYCLE_OUT_FILE_SUMMARY,BILL_CUSTOM.C_LA_CYCLE_OUT_FILE_SUMMARY
BILL_CUSTOM,EDR_DESC,BILL_CUSTOM.EDR_DESC
BILL_CUSTOM,EQUIP_CHRG_U,BILL_CUSTOM.EQUIP_CHRG_U
BILL_CUSTOM,EQUIP_CHRG_U_BKP,BILL_CUSTOM.EQUIP_CHRG_U_BKP
BILL_CUSTOM,FEED1,BILL_CUSTOM.FEED1
BILL_CUSTOM,FEED2,BILL_CUSTOM.FEED2
BILL_CUSTOM,IBP_ENROLL_STAT,BILL_CUSTOM.IBP_ENROLL_STAT
BILL_CUSTOM,LN_OF_SVC_CUST_BA,BILL_CUSTOM.LN_OF_SVC_CUST_BA
BILL_CUSTOM,OBR_ACCT_AUDIT,BILL_CUSTOM.OBR_ACCT_AUDIT
BILL_CUSTOM,OBR_MDN_AUDIT,BILL_CUSTOM.OBR_MDN_AUDIT
BILL_CUSTOM,PROMO_CMAF_ADDL_INFO,BILL_CUSTOM.PROMO_CMAF_ADDL_INFO
BILL_CUSTOM,PROMO_CMAF_INSTALL_LOAN,BILL_CUSTOM.PROMO_CMAF_INSTALL_LOAN
BILL_CUSTOM,PROMO_LN_SVC_PROD,BILL_CUSTOM.PROMO_LN_SVC_PROD
BILL_CUSTOM,PROMO_LN_SVC_PROD_ATTR,BILL_CUSTOM.PROMO_LN_SVC_PROD_ATTR
BILL_CUSTOM,PROMO_RECUR_MTN_ADM_FEE,BILL_CUSTOM.PROMO_RECUR_MTN_ADM_FEE
BILL_CUSTOM,PROMO_SED_OFFR_DISQUAL_NOTIF,BILL_CUSTOM.PROMO_SED_OFFR_DISQUAL_NOTIF
BILL_CUSTOM,RECUR_BL_ACCT_FEE,BILL_CUSTOM.RECUR_BL_ACCT_FEE
BILL_CUSTOM,RECUR_MTN_ADM_FEE,BILL_CUSTOM.RECUR_MTN_ADM_FEE
BILL_CUSTOM,VZBPCINFO,BILL_CUSTOM.VZBPCINFO
BILL_CUSTOM,VZCREDPAYSOURCECODE,BILL_CUSTOM.VZCREDPAYSOURCECODE
BILL_CUSTOM,VZSLCPRODCLSDISC,BILL_CUSTOM.VZSLCPRODCLSDISC
CELERY_AUDIT,ACCOUNTCUSTOMERID,CELERY_AUDIT.ACCOUNTCUSTOMERID
CELERY_AUDIT,ACCOUNT_NUM_DRIVER,CELERY_AUDIT.ACCOUNT_NUM_DRIVER
CELERY_AUDIT,CUSTOMERHASPRODUCT_DRIVER,CELERY_AUDIT.CUSTOMERHASPRODUCT_DRIVER
CONV_IDB_IOT,AUDIT_LOG,CONV_IDB_IOT.AUDIT_LOG
CONV_IDB_IOT,BL_ACCT_FOR_NBD,CONV_IDB_IOT.BL_ACCT_FOR_NBD
CONV_IDB_IOT,BTD_UPDATED_PRODUCTS,CONV_IDB_IOT.BTD_UPDATED_PRODUCTS
CONV_IDB_IOT,BTD_UPDATED_PRODUCTS_V2DT8967,CONV_IDB_IOT.BTD_UPDATED_PRODUCTS_V2DT8967
CONV_IDB_IOT,CYC04_GOOD_EI_SB_LARGE_CUSTOMER,CONV_IDB_IOT.CYC04_GOOD_EI_SB_LARGE_CUSTOMER
CONV_IDB_IOT,CYC04_GOOD_EI_SB_LARGE_CUSTOMER_FINAL,CONV_IDB_IOT.CYC04_GOOD_EI_SB_LARGE_CUSTOMER_FINAL
CONV_IDB_IOT,EI_SB_ACCOUNT_STATUS,CONV_IDB_IOT.EI_SB_ACCOUNT_STATUS
CONV_IDB_IOT,EI_SB_CUSTOMER,CONV_IDB_IOT.EI_SB_CUSTOMER
CONV_IDB_IOT,EI_SB_LARGE_CUSTOMER,CONV_IDB_IOT.EI_SB_LARGE_CUSTOMER
CONV_IDB_IOT,EI_SB_LARGE_CUSTOMER_LOS,CONV_IDB_IOT.EI_SB_LARGE_CUSTOMER_LOS
CONV_IDB_IOT,EI_SB_LARGE_CUSTOMER_MTN,CONV_IDB_IOT.EI_SB_LARGE_CUSTOMER_MTN
CONV_IDB_IOT,EI_TERMINATE_ACCOUNT,CONV_IDB_IOT.EI_TERMINATE_ACCOUNT
CONV_IDB_IOT,ERROR_LOG,CONV_IDB_IOT.ERROR_LOG
CONV_IDB_IOT,ERROR_LOG_DISP_ADJ,CONV_IDB_IOT.ERROR_LOG_DISP_ADJ
CONV_IDB_IOT,IDB_ACCATTRDETAILS,CONV_IDB_IOT.IDB_ACCATTRDETAILS
CONV_IDB_IOT,IDB_ACCOUNT,CONV_IDB_IOT.IDB_ACCOUNT
CONV_IDB_IOT,IDB_ACCOUNT_STATUS,CONV_IDB_IOT.IDB_ACCOUNT_STATUS
CONV_IDB_IOT,IDB_ACC_PROD_INSTANCE,CONV_IDB_IOT.IDB_ACC_PROD_INSTANCE
CONV_IDB_IOT,IDB_ADDRESS,CONV_IDB_IOT.IDB_ADDRESS
CONV_IDB_IOT,IDB_ADJUSTMENTS,CONV_IDB_IOT.IDB_ADJUSTMENTS
CONV_IDB_IOT,IDB_ALLOCATIONTOBILL,CONV_IDB_IOT.IDB_ALLOCATIONTOBILL
CONV_IDB_IOT,IDB_BILLPRODUCTCHARGE,CONV_IDB_IOT.IDB_BILLPRODUCTCHARGE
CONV_IDB_IOT,IDB_BILLPRODUCTCHARGE_BKP,CONV_IDB_IOT.IDB_BILLPRODUCTCHARGE_BKP
CONV_IDB_IOT,IDB_BILLRECEIVABLE,CONV_IDB_IOT.IDB_BILLRECEIVABLE
CONV_IDB_IOT,IDB_BILLSUMMARY,CONV_IDB_IOT.IDB_BILLSUMMARY
CONV_IDB_IOT,IDB_BPC_TST,CONV_IDB_IOT.IDB_BPC_TST
CONV_IDB_IOT,IDB_CONTACT,CONV_IDB_IOT.IDB_CONTACT
CONV_IDB_IOT,IDB_CUSTATTRDETAILS,CONV_IDB_IOT.IDB_CUSTATTRDETAILS
CONV_IDB_IOT,IDB_CUSTOMER,CONV_IDB_IOT.IDB_CUSTOMER
CONV_IDB_IOT,IDB_CUST_MTN,CONV_IDB_IOT.IDB_CUST_MTN
CONV_IDB_IOT,IDB_DISCOUNT_OVERRIDE,CONV_IDB_IOT.IDB_DISCOUNT_OVERRIDE
CONV_IDB_IOT,IDB_DISP_ADJUSTMENTS,CONV_IDB_IOT.IDB_DISP_ADJUSTMENTS
CONV_IDB_IOT,IDB_NRC_INSTANCE,CONV_IDB_IOT.IDB_NRC_INSTANCE
CONV_IDB_IOT,IDB_PAYLOANINFO,CONV_IDB_IOT.IDB_PAYLOANINFO
CONV_IDB_IOT,IDB_PAYMENTS,CONV_IDB_IOT.IDB_PAYMENTS
CONV_IDB_IOT,IDB_PRODUCT_INSTANCE,CONV_IDB_IOT.IDB_PRODUCT_INSTANCE
CONV_IDB_IOT,IDB_SEC_DEP_ACCT_TYP,CONV_IDB_IOT.IDB_SEC_DEP_ACCT_TYP
CONV_IDB_IOT,IDB_SEC_DEP_ACCT_TYP_OLD,CONV_IDB_IOT.IDB_SEC_DEP_ACCT_TYP_OLD
CONV_IDB_IOT,IDB_SERVICE_INSTANCE,CONV_IDB_IOT.IDB_SERVICE_INSTANCE
CONV_IDB_IOT,IDB_SUBS_ATTRIBUTES,CONV_IDB_IOT.IDB_SUBS_ATTRIBUTES
CONV_IDB_IOT,IDB_VZALPHASSUBSCRIPTION,CONV_IDB_IOT.IDB_VZALPHASSUBSCRIPTION
CONV_IDB_IOT,IDB_VZBILLALPSHARECHARGE,CONV_IDB_IOT.IDB_VZBILLALPSHARECHARGE
CONV_IDB_IOT,IDB_VZBILLPRODUCTSHARECHARGE,CONV_IDB_IOT.IDB_VZBILLPRODUCTSHARECHARGE
CONV_IDB_IOT,IDB_VZPAY_WRITE_OFFS,CONV_IDB_IOT.IDB_VZPAY_WRITE_OFFS
CONV_IDB_IOT,JOB_DETAILS,CONV_IDB_IOT.JOB_DETAILS
CONV_IDB_IOT,K2VIEW_EXECUTION_LOG_MESSAGES,CONV_IDB_IOT.K2VIEW_EXECUTION_LOG_MESSAGES
CONV_IDB_IOT,MISSING_PRODUCT_TRANSLATIONS,CONV_IDB_IOT.MISSING_PRODUCT_TRANSLATIONS
CONV_IDB_IOT,NON_MIGRATED_PRODUCTS,CONV_IDB_IOT.NON_MIGRATED_PRODUCTS
CONV_IDB_IOT,PPLAN_SPLIT,CONV_IDB_IOT.PPLAN_SPLIT
CONV_IDB_IOT,PRODUCTS_WITH_NO_BTD,CONV_IDB_IOT.PRODUCTS_WITH_NO_BTD
CONV_IDB_IOT,PRODUCT_TYPES_CONVERSION,CONV_IDB_IOT.PRODUCT_TYPES_CONVERSION
CONV_IDB_IOT,QUICK_RUN,CONV_IDB_IOT.QUICK_RUN
CONV_IDB_IOT,RECON_CUSTOMER_IDB,CONV_IDB_IOT.RECON_CUSTOMER_IDB
CONV_IDB_IOT,RECON_CUSTOMER_IDB_COUNTS,CONV_IDB_IOT.RECON_CUSTOMER_IDB_COUNTS
CONV_IDB_IOT,RECON_CUSTOMER_IDB_RBM,CONV_IDB_IOT.RECON_CUSTOMER_IDB_RBM
CONV_IDB_IOT,RECON_CUSTOMER_RBM_COUNTS,CONV_IDB_IOT.RECON_CUSTOMER_RBM_COUNTS
CONV_IDB_IOT,RECON_CUSTOMER_STG,CONV_IDB_IOT.RECON_CUSTOMER_STG
CONV_IDB_IOT,RECON_CUSTOMER_STG_IDB,CONV_IDB_IOT.RECON_CUSTOMER_STG_IDB
CONV_IDB_IOT,RECON_CUSTOMER_STG_IDB_ENTITY,CONV_IDB_IOT.RECON_CUSTOMER_STG_IDB_ENTITY
CONV_IDB_IOT,RECON_IDB,CONV_IDB_IOT.RECON_IDB
CONV_IDB_IOT,RECON_IDB_COUNTS,CONV_IDB_IOT.RECON_IDB_COUNTS
CONV_IDB_IOT,RECON_IDB_RBM,CONV_IDB_IOT.RECON_IDB_RBM
CONV_IDB_IOT,RECON_IDB_RBM_ENT,CONV_IDB_IOT.RECON_IDB_RBM_ENT
CONV_IDB_IOT,RECON_IOT_FINAL,CONV_IDB_IOT.RECON_IOT_FINAL
CONV_IDB_IOT,RECON_KPI_PRIORITY,CONV_IDB_IOT.RECON_KPI_PRIORITY
CONV_IDB_IOT,RECON_MTN_IDB,CONV_IDB_IOT.RECON_MTN_IDB
CONV_IDB_IOT,RECON_MTN_IDB_COUNTS,CONV_IDB_IOT.RECON_MTN_IDB_COUNTS
CONV_IDB_IOT,RECON_MTN_IDB_RBM,CONV_IDB_IOT.RECON_MTN_IDB_RBM
CONV_IDB_IOT,RECON_MTN_RBM_COUNTS,CONV_IDB_IOT.RECON_MTN_RBM_COUNTS
CONV_IDB_IOT,RECON_MTN_STG,CONV_IDB_IOT.RECON_MTN_STG
CONV_IDB_IOT,RECON_MTN_STG_IDB,CONV_IDB_IOT.RECON_MTN_STG_IDB
CONV_IDB_IOT,RECON_MTN_STG_IDB_ENTITY,CONV_IDB_IOT.RECON_MTN_STG_IDB_ENTITY
CONV_IDB_IOT,RECON_POSTMIGRVALIDATION,CONV_IDB_IOT.RECON_POSTMIGRVALIDATION
CONV_IDB_IOT,RECON_RBM,CONV_IDB_IOT.RECON_RBM
CONV_IDB_IOT,RECON_RBM_COUNTS,CONV_IDB_IOT.RECON_RBM_COUNTS
CONV_IDB_IOT,RECON_RBM_PAYMENTS,CONV_IDB_IOT.RECON_RBM_PAYMENTS
CONV_IDB_IOT,RECON_STAGE_PAYMENTS,CONV_IDB_IOT.RECON_STAGE_PAYMENTS
CONV_IDB_IOT,RECON_STAGE_RBM_PAYMENT,CONV_IDB_IOT.RECON_STAGE_RBM_PAYMENT
CONV_IDB_IOT,RECON_STAGING,CONV_IDB_IOT.RECON_STAGING
CONV_IDB_IOT,RECON_STG_IDB,CONV_IDB_IOT.RECON_STG_IDB
CONV_IDB_IOT,RECON_STG_IDB_ENT,CONV_IDB_IOT.RECON_STG_IDB_ENT
CONV_IDB_IOT,REF_BIT_FLAG,CONV_IDB_IOT.REF_BIT_FLAG
CONV_IDB_IOT,REF_VIS_BILLING_PROD_HIER,CONV_IDB_IOT.REF_VIS_BILLING_PROD_HIER
CONV_IDB_IOT,REF_VIS_XLT_BILLING_TRANS_MAP,CONV_IDB_IOT.REF_VIS_XLT_BILLING_TRANS_MAP
CONV_IDB_IOT,SUB_XLT_BL_RBM_BILLING,CONV_IDB_IOT.SUB_XLT_BL_RBM_BILLING
CONV_IDB_IOT,TEMP_VALID_ACCOUNTS,CONV_IDB_IOT.TEMP_VALID_ACCOUNTS
CONV_IDB_IOT,TEST_TABLE,CONV_IDB_IOT.TEST_TABLE
CONV_IDB_IOT,VALIDATIONLOG,CONV_IDB_IOT.VALIDATIONLOG
CONV_IDB_IOT,VZW_CPARAMS_DT,CONV_IDB_IOT.VZW_CPARAMS_DT
CONV_IDB_IOT,YET_TO_TERMINATE_PRODUCTS,CONV_IDB_IOT.YET_TO_TERMINATE_PRODUCTS
CONV_IDB_IOT,YET_TO_TERMINATE_SUBSCRIPTIONS,CONV_IDB_IOT.YET_TO_TERMINATE_SUBSCRIPTIONS
CONV_IMDT,ACCOUNT_LIST,CONV_IMDT.ACCOUNT_LIST
CONV_IMDT,ADDR_REPOS,CONV_IMDT.ADDR_REPOS
CONV_IMDT,APO_CC_TRAN_LOG,CONV_IMDT.APO_CC_TRAN_LOG
CONV_IMDT,BAAF_CONTENT_U,CONV_IMDT.BAAF_CONTENT_U
CONV_IMDT,BA_ADMIN_INSTALL_LOAN,CONV_IMDT.BA_ADMIN_INSTALL_LOAN
CONV_IMDT,BA_ADM_FEE_U_ADDL_COL,CONV_IMDT.BA_ADM_FEE_U_ADDL_COL
CONV_IMDT,BA_BT_MED_SUPPRESS,CONV_IMDT.BA_BT_MED_SUPPRESS
CONV_IMDT,BA_CONTENT_ADDR_TX_GEO,CONV_IMDT.BA_CONTENT_ADDR_TX_GEO
CONV_IMDT,BA_CONTENT_CHRG_B,CONV_IMDT.BA_CONTENT_CHRG_B
CONV_IMDT,BA_CONTENT_CHRG_B_MTN,CONV_IMDT.BA_CONTENT_CHRG_B_MTN
CONV_IMDT,BA_CONTENT_CHRG_U,CONV_IMDT.BA_CONTENT_CHRG_U
CONV_IMDT,BA_CONT_CHRG_ADDL_INFO,CONV_IMDT.BA_CONT_CHRG_ADDL_INFO
CONV_IMDT,BA_EXEMPT_TMPL,CONV_IMDT.BA_EXEMPT_TMPL
CONV_IMDT,BA_MTN_ALLOC_COMPS_B,CONV_IMDT.BA_MTN_ALLOC_COMPS_B
CONV_IMDT,BA_MTN_EQLZR_COMPS_B,CONV_IMDT.BA_MTN_EQLZR_COMPS_B
CONV_IMDT,BA_SPCL_BL_FORMAT,CONV_IMDT.BA_SPCL_BL_FORMAT
CONV_IMDT,BA_SPO_PARTICIPATE_LN,CONV_IMDT.BA_SPO_PARTICIPATE_LN
CONV_IMDT,BL_ACCT,CONV_IMDT.BL_ACCT
CONV_IMDT,BL_ACCT_ADDR,CONV_IMDT.BL_ACCT_ADDR
CONV_IMDT,BL_ACCT_ADM_FEE_B,CONV_IMDT.BL_ACCT_ADM_FEE_B
CONV_IMDT,BL_ACCT_ADM_FEE_COMP_B,CONV_IMDT.BL_ACCT_ADM_FEE_COMP_B
CONV_IMDT,BL_ACCT_ADM_FEE_U,CONV_IMDT.BL_ACCT_ADM_FEE_U
CONV_IMDT,BL_ACCT_BL_TYP,CONV_IMDT.BL_ACCT_BL_TYP
CONV_IMDT,BL_ACCT_CUST_MTN,CONV_IMDT.BL_ACCT_CUST_MTN
CONV_IMDT,BL_ACCT_LN_STAT,CONV_IMDT.BL_ACCT_LN_STAT
CONV_IMDT,BL_ACCT_MOC,CONV_IMDT.BL_ACCT_MOC
CONV_IMDT,BL_ACCT_PMT_STAT,CONV_IMDT.BL_ACCT_PMT_STAT
CONV_IMDT,BL_ACCT_PROMO,CONV_IMDT.BL_ACCT_PROMO
CONV_IMDT,BL_ACCT_SPCL_MSG,CONV_IMDT.BL_ACCT_SPCL_MSG
CONV_IMDT,BL_ACCT_SPLAN,CONV_IMDT.BL_ACCT_SPLAN
CONV_IMDT,BL_ACCT_SPLAN_INACTIVE,CONV_IMDT.BL_ACCT_SPLAN_INACTIVE
CONV_IMDT,BL_ACCT_SVC_PROD,CONV_IMDT.BL_ACCT_SVC_PROD
CONV_IMDT,BL_ACCT_SVC_PROD_ATTR,CONV_IMDT.BL_ACCT_SVC_PROD_ATTR
CONV_IMDT,BL_ACCT_TAX_EXEMPT,CONV_IMDT.BL_ACCT_TAX_EXEMPT
CONV_IMDT,BL_ACCT_TX_GEO_CD,CONV_IMDT.BL_ACCT_TX_GEO_CD
CONV_IMDT,BL_CONTENT_CUST_AR,CONV_IMDT.BL_CONTENT_CUST_AR
CONV_IMDT,BL_PROC_RULES,CONV_IMDT.BL_PROC_RULES
CONV_IMDT,CBR_PERSON_REPOS,CONV_IMDT.CBR_PERSON_REPOS
CONV_IMDT,CMAF_B,CONV_IMDT.CMAF_B
CONV_IMDT,CMAF_B_ADDL_COL,CONV_IMDT.CMAF_B_ADDL_COL
CONV_IMDT,CMAF_CALL_ADJ_U,CONV_IMDT.CMAF_CALL_ADJ_U
CONV_IMDT,CMAF_CHGBCK_TAX_U,CONV_IMDT.CMAF_CHGBCK_TAX_U
CONV_IMDT,CMAF_COMPS_B,CONV_IMDT.CMAF_COMPS_B
CONV_IMDT,CMAF_CONTENT_U,CONV_IMDT.CMAF_CONTENT_U
CONV_IMDT,CMAF_DATA_RT_FP_CNTRY_B,CONV_IMDT.CMAF_DATA_RT_FP_CNTRY_B
CONV_IMDT,CMAF_DATA_RT_FP_CNTRY_U,CONV_IMDT.CMAF_DATA_RT_FP_CNTRY_U
CONV_IMDT,CMAF_DATA_USG_U,CONV_IMDT.CMAF_DATA_USG_U
CONV_IMDT,CMAF_INSTALL_LOAN,CONV_IMDT.CMAF_INSTALL_LOAN
CONV_IMDT,CMAF_TAX_ATTRIBUTES,CONV_IMDT.CMAF_TAX_ATTRIBUTES
CONV_IMDT,CMAF_TXTPIX_U,CONV_IMDT.CMAF_TXTPIX_U
CONV_IMDT,CMAF_U,CONV_IMDT.CMAF_U
CONV_IMDT,CMAF_U_ADDL_COL,CONV_IMDT.CMAF_U_ADDL_COL
CONV_IMDT,CMD_CONTENT,CONV_IMDT.CMD_CONTENT
CONV_IMDT,CMN_BATCH_PARMS,CONV_IMDT.CMN_BATCH_PARMS
CONV_IMDT,CONTENT_COMPONENTS,CONV_IMDT.CONTENT_COMPONENTS
CONV_IMDT,CONTENT_SUBSCRIPTION,CONV_IMDT.CONTENT_SUBSCRIPTION
CONV_IMDT,CONTENT_SVC_DLVR_ADDR,CONV_IMDT.CONTENT_SVC_DLVR_ADDR
CONV_IMDT,CONV_ALLOCATIONTOBILL,CONV_IMDT.CONV_ALLOCATIONTOBILL
CONV_IMDT,CONV_BILLRECEIVABLE,CONV_IMDT.CONV_BILLRECEIVABLE
CONV_IMDT,CONV_BL_ACCT_FOR_NBD,CONV_IMDT.CONV_BL_ACCT_FOR_NBD
CONV_IMDT,CONV_BTD_UPDATED_PRODUCTS,CONV_IMDT.CONV_BTD_UPDATED_PRODUCTS
CONV_IMDT,CONV_CUST_AR_PMT_ACCUMULATED,CONV_IMDT.CONV_CUST_AR_PMT_ACCUMULATED
CONV_IMDT,CONV_CUST_PMT_DUMMY,CONV_IMDT.CONV_CUST_PMT_DUMMY
CONV_IMDT,CONV_DISNY_BPC_HIST,CONV_IMDT.CONV_DISNY_BPC_HIST
CONV_IMDT,CONV_DISNY_TIER_HIST,CONV_IMDT.CONV_DISNY_TIER_HIST
CONV_IMDT,CONV_EXECUTION_STATS,CONV_IMDT.CONV_EXECUTION_STATS
CONV_IMDT,CONV_INPUT_FILE_LIST,CONV_IMDT.CONV_INPUT_FILE_LIST
CONV_IMDT,CONV_LOADER_STATS,CONV_IMDT.CONV_LOADER_STATS
CONV_IMDT,CONV_MISSING_PRODUCT_TRANSLATIONS,CONV_IMDT.CONV_MISSING_PRODUCT_TRANSLATIONS
CONV_IMDT,CONV_SB_NEGATIVE_PAYMENT,CONV_IMDT.CONV_SB_NEGATIVE_PAYMENT
CONV_IMDT,CONV_SUBACCT_ERROR,CONV_IMDT.CONV_SUBACCT_ERROR
CONV_IMDT,CONV_TABLE_ROW_COUNTS,CONV_IMDT.CONV_TABLE_ROW_COUNTS
CONV_IMDT,CONV_TRANS_PRODUCT,CONV_IMDT.CONV_TRANS_PRODUCT
CONV_IMDT,CONV_YET_TO_TERMINATE_PRODUCTS,CONV_IMDT.CONV_YET_TO_TERMINATE_PRODUCTS
CONV_IMDT,CONV_YET_TO_TERMINATE_SUBSCRIPTIONS,CONV_IMDT.CONV_YET_TO_TERMINATE_SUBSCRIPTIONS
CONV_IMDT,CUSTOMER,CONV_IMDT.CUSTOMER
CONV_IMDT,CUSTOMER_LIST,CONV_IMDT.CUSTOMER_LIST
CONV_IMDT,CUST_ADDR,CONV_IMDT.CUST_ADDR
CONV_IMDT,CUST_AR,CONV_IMDT.CUST_AR
CONV_IMDT,CUST_AR_RECEIVABLE_CLASS,CONV_IMDT.CUST_AR_RECEIVABLE_CLASS
CONV_IMDT,CUST_BILL,CONV_IMDT.CUST_BILL
CONV_IMDT,CUST_BL_CYCLE,CONV_IMDT.CUST_BL_CYCLE
CONV_IMDT,CUST_CUST_TYP,CONV_IMDT.CUST_CUST_TYP
CONV_IMDT,CUST_DVC_EQP_TRANS,CONV_IMDT.CUST_DVC_EQP_TRANS
CONV_IMDT,CUST_DVC_PROV_INFO,CONV_IMDT.CUST_DVC_PROV_INFO
CONV_IMDT,CUST_LIST_PRICE,CONV_IMDT.CUST_LIST_PRICE
CONV_IMDT,CUST_LN_CBR_PERSON,CONV_IMDT.CUST_LN_CBR_PERSON
CONV_IMDT,CUST_LN_DVC_PROV,CONV_IMDT.CUST_LN_DVC_PROV
CONV_IMDT,CUST_LN_PPLAN,CONV_IMDT.CUST_LN_PPLAN
CONV_IMDT,CUST_LN_PROMO_MDNLESS,CONV_IMDT.CUST_LN_PROMO_MDNLESS
CONV_IMDT,CUST_LN_SF_MDNLESS,CONV_IMDT.CUST_LN_SF_MDNLESS
CONV_IMDT,CUST_LN_TX_GEO_CD,CONV_IMDT.CUST_LN_TX_GEO_CD
CONV_IMDT,CUST_MTN,CONV_IMDT.CUST_MTN
CONV_IMDT,CUST_MTN_CBR,CONV_IMDT.CUST_MTN_CBR
CONV_IMDT,CUST_MTN_TX_GEO_CD,CONV_IMDT.CUST_MTN_TX_GEO_CD
CONV_IMDT,CUST_PMT,CONV_IMDT.CUST_PMT
CONV_IMDT,CUST_PMT_CUST_AR,CONV_IMDT.CUST_PMT_CUST_AR
CONV_IMDT,CUST_PMT_SEC_DEP,CONV_IMDT.CUST_PMT_SEC_DEP
CONV_IMDT,CUST_TYP_TX_EXEMPT,CONV_IMDT.CUST_TYP_TX_EXEMPT
CONV_IMDT,DACC_FIN_DVC_CAT,CONV_IMDT.DACC_FIN_DVC_CAT
CONV_IMDT,DACC_XREF,CONV_IMDT.DACC_XREF
CONV_IMDT,DATA_FORMAT_MAP,CONV_IMDT.DATA_FORMAT_MAP
CONV_IMDT,DATA_USG_OVR_PROD_SUM,CONV_IMDT.DATA_USG_OVR_PROD_SUM
CONV_IMDT,DATA_USG_PROD_SUM,CONV_IMDT.DATA_USG_PROD_SUM
CONV_IMDT,DELETE_CUSTOMER_SUBACCT,CONV_IMDT.DELETE_CUSTOMER_SUBACCT
CONV_IMDT,DEVICE_ID_TYPE,CONV_IMDT.DEVICE_ID_TYPE
CONV_IMDT,DMD_DEVICE_ID_INFO,CONV_IMDT.DMD_DEVICE_ID_INFO
CONV_IMDT,DMD_DEVICE_ID_RBF,CONV_IMDT.DMD_DEVICE_ID_RBF
CONV_IMDT,DVC_SIM_EQP_ASSN,CONV_IMDT.DVC_SIM_EQP_ASSN
CONV_IMDT,DVC_SIM_EQP_HIST,CONV_IMDT.DVC_SIM_EQP_HIST
CONV_IMDT,ECPD_CUST_PROMO_OVR,CONV_IMDT.ECPD_CUST_PROMO_OVR
CONV_IMDT,ECPD_LN_DVC_SUBTYP_CRED,CONV_IMDT.ECPD_LN_DVC_SUBTYP_CRED
CONV_IMDT,ECPD_PROFILE,CONV_IMDT.ECPD_PROFILE
CONV_IMDT,ECPD_PROFILE_CUST,CONV_IMDT.ECPD_PROFILE_CUST
CONV_IMDT,ECPD_PROFILE_HIST,CONV_IMDT.ECPD_PROFILE_HIST
CONV_IMDT,ECPD_RATE_EXEMPT,CONV_IMDT.ECPD_RATE_EXEMPT
CONV_IMDT,ECPD_TAX_EXEMPT,CONV_IMDT.ECPD_TAX_EXEMPT
CONV_IMDT,EDR_DESC,CONV_IMDT.EDR_DESC
CONV_IMDT,EI_ACCOUNT,CONV_IMDT.EI_ACCOUNT
CONV_IMDT,EI_ACCOUNT_AR,CONV_IMDT.EI_ACCOUNT_AR
CONV_IMDT,EI_CUSTOMER,CONV_IMDT.EI_CUSTOMER
CONV_IMDT,EI_LOS,CONV_IMDT.EI_LOS
CONV_IMDT,EI_LUDB_VIEWER,CONV_IMDT.EI_LUDB_VIEWER
CONV_IMDT,EI_MTN,CONV_IMDT.EI_MTN
CONV_IMDT,ENHANCED_SRV_PCKGE,CONV_IMDT.ENHANCED_SRV_PCKGE
CONV_IMDT,EO_PASSTHRU_TAX_INFO,CONV_IMDT.EO_PASSTHRU_TAX_INFO
CONV_IMDT,EQUIP_CHRG_B,CONV_IMDT.EQUIP_CHRG_B
CONV_IMDT,EQUIP_CHRG_U,CONV_IMDT.EQUIP_CHRG_U
CONV_IMDT,FIN_CAT,CONV_IMDT.FIN_CAT
CONV_IMDT,IDB_ACCATTRDETAILS,CONV_IMDT.IDB_ACCATTRDETAILS
CONV_IMDT,IDB_ACCOUNT,CONV_IMDT.IDB_ACCOUNT
CONV_IMDT,IDB_ACCOUNT_STATUS,CONV_IMDT.IDB_ACCOUNT_STATUS
CONV_IMDT,IDB_ACC_PROD_INSTANCE,CONV_IMDT.IDB_ACC_PROD_INSTANCE
CONV_IMDT,IDB_ADDRESS,CONV_IMDT.IDB_ADDRESS
CONV_IMDT,IDB_ADJUSTMENTS,CONV_IMDT.IDB_ADJUSTMENTS
CONV_IMDT,IDB_ALLOCATIONTOBILL,CONV_IMDT.IDB_ALLOCATIONTOBILL
CONV_IMDT,IDB_BILLPRODUCTCHARGE,CONV_IMDT.IDB_BILLPRODUCTCHARGE
CONV_IMDT,IDB_BILLRECEIVABLE,CONV_IMDT.IDB_BILLRECEIVABLE
CONV_IMDT,IDB_BILLSUMMARY,CONV_IMDT.IDB_BILLSUMMARY
CONV_IMDT,IDB_CONTACT,CONV_IMDT.IDB_CONTACT
CONV_IMDT,IDB_CUSTATTRDETAILS,CONV_IMDT.IDB_CUSTATTRDETAILS
CONV_IMDT,IDB_CUSTOMER,CONV_IMDT.IDB_CUSTOMER
CONV_IMDT,IDB_CUST_MTN,CONV_IMDT.IDB_CUST_MTN
CONV_IMDT,IDB_DISCOUNT_OVERRIDE,CONV_IMDT.IDB_DISCOUNT_OVERRIDE
CONV_IMDT,IDB_DISP_ADJUSTMENTS,CONV_IMDT.IDB_DISP_ADJUSTMENTS
CONV_IMDT,IDB_NRC_INSTANCE,CONV_IMDT.IDB_NRC_INSTANCE
CONV_IMDT,IDB_PAYLOANINFO,CONV_IMDT.IDB_PAYLOANINFO
CONV_IMDT,IDB_PAYMENTS,CONV_IMDT.IDB_PAYMENTS
CONV_IMDT,IDB_PRODUCT_ATTRIBUTES,CONV_IMDT.IDB_PRODUCT_ATTRIBUTES
CONV_IMDT,IDB_PRODUCT_INSTANCE,CONV_IMDT.IDB_PRODUCT_INSTANCE
CONV_IMDT,IDB_SEC_DEP_ACCT_TYP,CONV_IMDT.IDB_SEC_DEP_ACCT_TYP
CONV_IMDT,IDB_SERVICE_INSTANCE,CONV_IMDT.IDB_SERVICE_INSTANCE
CONV_IMDT,IDB_SUBS_ATTRIBUTES,CONV_IMDT.IDB_SUBS_ATTRIBUTES
CONV_IMDT,IDB_VZALPHASSUBSCRIPTION,CONV_IMDT.IDB_VZALPHASSUBSCRIPTION
CONV_IMDT,IDB_VZBILLALPSHARECHARGE,CONV_IMDT.IDB_VZBILLALPSHARECHARGE
CONV_IMDT,IDB_VZBILLPRODUCTSHARECHARGE,CONV_IMDT.IDB_VZBILLPRODUCTSHARECHARGE
CONV_IMDT,IDB_VZPAY_WRITE_OFFS,CONV_IMDT.IDB_VZPAY_WRITE_OFFS
CONV_IMDT,INSTALLMENT_LOAN,CONV_IMDT.INSTALLMENT_LOAN
CONV_IMDT,INSTALL_LOAN_BA_HIST,CONV_IMDT.INSTALL_LOAN_BA_HIST
CONV_IMDT,INSTALL_LOAN_CURR_INFO,CONV_IMDT.INSTALL_LOAN_CURR_INFO
CONV_IMDT,INSTALL_LOAN_MTN_HIST,CONV_IMDT.INSTALL_LOAN_MTN_HIST
CONV_IMDT,INSTALL_LOAN_STATUS,CONV_IMDT.INSTALL_LOAN_STATUS
CONV_IMDT,INSTALL_LOAN_STAT_RSN,CONV_IMDT.INSTALL_LOAN_STAT_RSN
CONV_IMDT,LN_ADDL_DVC_INFO,CONV_IMDT.LN_ADDL_DVC_INFO
CONV_IMDT,LN_DVC_EQP_DET,CONV_IMDT.LN_DVC_EQP_DET
CONV_IMDT,LN_NON_GEO_ALT_SBID,CONV_IMDT.LN_NON_GEO_ALT_SBID
CONV_IMDT,LN_OF_SVC_CUST_BA,CONV_IMDT.LN_OF_SVC_CUST_BA
CONV_IMDT,LN_OF_SVC_PAIR_STAT_5G,CONV_IMDT.LN_OF_SVC_PAIR_STAT_5G
CONV_IMDT,LN_PRICE_GUARANTEE,CONV_IMDT.LN_PRICE_GUARANTEE
CONV_IMDT,LN_PRIM_ID_MDN,CONV_IMDT.LN_PRIM_ID_MDN
CONV_IMDT,LN_PRIM_MULTI_ID,CONV_IMDT.LN_PRIM_MULTI_ID
CONV_IMDT,LN_PRIM_MULTI_ID_MDNLESS,CONV_IMDT.LN_PRIM_MULTI_ID_MDNLESS
CONV_IMDT,LN_SVC_PROD,CONV_IMDT.LN_SVC_PROD
CONV_IMDT,LN_SVC_PROD_ATTR,CONV_IMDT.LN_SVC_PROD_ATTR
CONV_IMDT,LN_SVC_PROD_MULTI_BA,CONV_IMDT.LN_SVC_PROD_MULTI_BA
CONV_IMDT,LN_SVC_PROD_USG_SEG_BA,CONV_IMDT.LN_SVC_PROD_USG_SEG_BA
CONV_IMDT,OPS_EXCLUSION,CONV_IMDT.OPS_EXCLUSION
CONV_IMDT,OPS_EXTRACTION,CONV_IMDT.OPS_EXTRACTION
CONV_IMDT,OPS_EXTRACT_CUSTOMER,CONV_IMDT.OPS_EXTRACT_CUSTOMER
CONV_IMDT,OPS_METADATA,CONV_IMDT.OPS_METADATA
CONV_IMDT,PMT,CONV_IMDT.PMT
CONV_IMDT,PMT_CHARITY,CONV_IMDT.PMT_CHARITY
CONV_IMDT,PMT_TRANS,CONV_IMDT.PMT_TRANS
CONV_IMDT,PPLAN_MTN,CONV_IMDT.PPLAN_MTN
CONV_IMDT,PROCESS_CONTROL,CONV_IMDT.PROCESS_CONTROL
CONV_IMDT,PROCESS_DETAILS,CONV_IMDT.PROCESS_DETAILS
CONV_IMDT,PROD_OVRIDE_PROC,CONV_IMDT.PROD_OVRIDE_PROC
CONV_IMDT,PROMO_CUST_MTN,CONV_IMDT.PROMO_CUST_MTN
CONV_IMDT,RECON_STAGE_RBM_PAYMENT,CONV_IMDT.RECON_STAGE_RBM_PAYMENT
CONV_IMDT,RECUR_BL_ACCT_FEE,CONV_IMDT.RECUR_BL_ACCT_FEE
CONV_IMDT,RECUR_MTN_ADM_FEE,CONV_IMDT.RECUR_MTN_ADM_FEE
CONV_IMDT,REF_ERROR_CODES,CONV_IMDT.REF_ERROR_CODES
CONV_IMDT,REF_PRODUCT_TYPES_CONVERSION,CONV_IMDT.REF_PRODUCT_TYPES_CONVERSION
CONV_IMDT,REF_TARIFF,CONV_IMDT.REF_TARIFF
CONV_IMDT,REF_TARIFFELEMENT,CONV_IMDT.REF_TARIFFELEMENT
CONV_IMDT,REF_TARIFFELEMENTATTRDETAILS,CONV_IMDT.REF_TARIFFELEMENTATTRDETAILS
CONV_IMDT,REF_TARIFFELEMENTBAND,CONV_IMDT.REF_TARIFFELEMENTBAND
CONV_IMDT,REF_TARIFFELEMENTDISCOUNT,CONV_IMDT.REF_TARIFFELEMENTDISCOUNT
CONV_IMDT,REF_USAGE_PROD_LIST,CONV_IMDT.REF_USAGE_PROD_LIST
CONV_IMDT,REF_VIS_BILLING_PROD_HIER,CONV_IMDT.REF_VIS_BILLING_PROD_HIER
CONV_IMDT,REF_VIS_XLT_BILLING_TRANS_MAP,CONV_IMDT.REF_VIS_XLT_BILLING_TRANS_MAP
CONV_IMDT,REF_VZFINCOMPDTLS,CONV_IMDT.REF_VZFINCOMPDTLS
CONV_IMDT,REF_VZOTCFINCOMPDTLS,CONV_IMDT.REF_VZOTCFINCOMPDTLS
CONV_IMDT,REF_VZW_CPARAMS_DT,CONV_IMDT.REF_VZW_CPARAMS_DT
CONV_IMDT,REF_ZERO_DOLLAR_PRODUCTS,CONV_IMDT.REF_ZERO_DOLLAR_PRODUCTS
CONV_IMDT,SECURITY_DEPOSIT,CONV_IMDT.SECURITY_DEPOSIT
CONV_IMDT,SEC_DEP_ACCT_TYP,CONV_IMDT.SEC_DEP_ACCT_TYP
CONV_IMDT,SEC_DEP_AP_OFFSET,CONV_IMDT.SEC_DEP_AP_OFFSET
CONV_IMDT,SEC_DEP_REFUND,CONV_IMDT.SEC_DEP_REFUND
CONV_IMDT,SF_MTN,CONV_IMDT.SF_MTN
CONV_IMDT,SF_OFFR_PROCESS,CONV_IMDT.SF_OFFR_PROCESS
CONV_IMDT,SKU_MAKE_MOD_XREF,CONV_IMDT.SKU_MAKE_MOD_XREF
CONV_IMDT,SLC_BL_ACCT,CONV_IMDT.SLC_BL_ACCT
CONV_IMDT,TAX_REQ_REGULAR_PROD,CONV_IMDT.TAX_REQ_REGULAR_PROD
CONV_IMDT,TAX_REQ_SUBSCRP_PROD,CONV_IMDT.TAX_REQ_SUBSCRP_PROD
CONV_IMDT,TAX_TYPE,CONV_IMDT.TAX_TYPE
CONV_IMDT,VOLTE_BSNS_LN_GRP_XREF,CONV_IMDT.VOLTE_BSNS_LN_GRP_XREF
CONV_IMDT,VZ_REWARDS_PMT_TRAN_LOG,CONV_IMDT.VZ_REWARDS_PMT_TRAN_LOG
CONV_IMDT,WRITE_OFFS,CONV_IMDT.WRITE_OFFS
CONV_IMDT,WRITE_OFFS_HIST,CONV_IMDT.WRITE_OFFS_HIST
CONV_STAGE,ADDR_REPOS,CONV_STAGE.ADDR_REPOS
CONV_STAGE,APO_CC_TRAN_LOG,CONV_STAGE.APO_CC_TRAN_LOG
CONV_STAGE,BAAF_CONTENT_U,CONV_STAGE.BAAF_CONTENT_U
CONV_STAGE,BA_ADMIN_INSTALL_LOAN,CONV_STAGE.BA_ADMIN_INSTALL_LOAN
CONV_STAGE,BA_ADM_FEE_U_ADDL_COL,CONV_STAGE.BA_ADM_FEE_U_ADDL_COL
CONV_STAGE,BA_BT_MED_SUPPRESS,CONV_STAGE.BA_BT_MED_SUPPRESS
CONV_STAGE,BA_CONTENT_ADDR_TX_GEO,CONV_STAGE.BA_CONTENT_ADDR_TX_GEO
CONV_STAGE,BA_CONTENT_CHRG_B,CONV_STAGE.BA_CONTENT_CHRG_B
CONV_STAGE,BA_CONTENT_CHRG_B_MTN,CONV_STAGE.BA_CONTENT_CHRG_B_MTN
CONV_STAGE,BA_CONTENT_CHRG_U,CONV_STAGE.BA_CONTENT_CHRG_U
CONV_STAGE,BA_CONT_CHRG_ADDL_INFO,CONV_STAGE.BA_CONT_CHRG_ADDL_INFO
CONV_STAGE,BA_EXEMPT_TMPL,CONV_STAGE.BA_EXEMPT_TMPL
CONV_STAGE,BA_MTN_ALLOC_COMPS_B,CONV_STAGE.BA_MTN_ALLOC_COMPS_B
CONV_STAGE,BA_MTN_EQLZR_COMPS_B,CONV_STAGE.BA_MTN_EQLZR_COMPS_B
CONV_STAGE,BA_SPCL_BL_FORMAT,CONV_STAGE.BA_SPCL_BL_FORMAT
CONV_STAGE,BA_SPO_PARTICIPATE_LN,CONV_STAGE.BA_SPO_PARTICIPATE_LN
CONV_STAGE,BL_ACCT,CONV_STAGE.BL_ACCT
CONV_STAGE,BL_ACCT_ADDR,CONV_STAGE.BL_ACCT_ADDR
CONV_STAGE,BL_ACCT_ADM_FEE_B,CONV_STAGE.BL_ACCT_ADM_FEE_B
CONV_STAGE,BL_ACCT_ADM_FEE_COMP_B,CONV_STAGE.BL_ACCT_ADM_FEE_COMP_B
CONV_STAGE,BL_ACCT_ADM_FEE_U,CONV_STAGE.BL_ACCT_ADM_FEE_U
CONV_STAGE,BL_ACCT_BL_TYP,CONV_STAGE.BL_ACCT_BL_TYP
CONV_STAGE,BL_ACCT_CUST_MTN,CONV_STAGE.BL_ACCT_CUST_MTN
CONV_STAGE,BL_ACCT_LN_STAT,CONV_STAGE.BL_ACCT_LN_STAT
CONV_STAGE,BL_ACCT_MOC,CONV_STAGE.BL_ACCT_MOC
CONV_STAGE,BL_ACCT_PMT_STAT,CONV_STAGE.BL_ACCT_PMT_STAT
CONV_STAGE,BL_ACCT_PROMO,CONV_STAGE.BL_ACCT_PROMO
CONV_STAGE,BL_ACCT_SPCL_MSG,CONV_STAGE.BL_ACCT_SPCL_MSG
CONV_STAGE,BL_ACCT_SPLAN,CONV_STAGE.BL_ACCT_SPLAN
CONV_STAGE,BL_ACCT_SPLAN_INACTIVE,CONV_STAGE.BL_ACCT_SPLAN_INACTIVE
CONV_STAGE,BL_ACCT_SVC_PROD,CONV_STAGE.BL_ACCT_SVC_PROD
CONV_STAGE,BL_ACCT_SVC_PROD_ATTR,CONV_STAGE.BL_ACCT_SVC_PROD_ATTR
CONV_STAGE,BL_ACCT_TAX_EXEMPT,CONV_STAGE.BL_ACCT_TAX_EXEMPT
CONV_STAGE,BL_ACCT_TX_GEO_CD,CONV_STAGE.BL_ACCT_TX_GEO_CD
CONV_STAGE,BL_CONTENT_CUST_AR,CONV_STAGE.BL_CONTENT_CUST_AR
CONV_STAGE,BL_PROC_RULES,CONV_STAGE.BL_PROC_RULES
CONV_STAGE,CBR_PERSON_REPOS,CONV_STAGE.CBR_PERSON_REPOS
CONV_STAGE,CMAF_B,CONV_STAGE.CMAF_B
CONV_STAGE,CMAF_B_ADDL_COL,CONV_STAGE.CMAF_B_ADDL_COL
CONV_STAGE,CMAF_CALL_ADJ_U,CONV_STAGE.CMAF_CALL_ADJ_U
CONV_STAGE,CMAF_CHGBCK_TAX_U,CONV_STAGE.CMAF_CHGBCK_TAX_U
CONV_STAGE,CMAF_COMPS_B,CONV_STAGE.CMAF_COMPS_B
CONV_STAGE,CMAF_CONTENT_U,CONV_STAGE.CMAF_CONTENT_U
CONV_STAGE,CMAF_DATA_RT_FP_CNTRY_B,CONV_STAGE.CMAF_DATA_RT_FP_CNTRY_B
CONV_STAGE,CMAF_DATA_RT_FP_CNTRY_U,CONV_STAGE.CMAF_DATA_RT_FP_CNTRY_U
CONV_STAGE,CMAF_DATA_USG_U,CONV_STAGE.CMAF_DATA_USG_U
CONV_STAGE,CMAF_INSTALL_LOAN,CONV_STAGE.CMAF_INSTALL_LOAN
CONV_STAGE,CMAF_TAX_ATTRIBUTES,CONV_STAGE.CMAF_TAX_ATTRIBUTES
CONV_STAGE,CMAF_TXTPIX_U,CONV_STAGE.CMAF_TXTPIX_U
CONV_STAGE,CMAF_U,CONV_STAGE.CMAF_U
CONV_STAGE,CMAF_U_ADDL_COL,CONV_STAGE.CMAF_U_ADDL_COL
CONV_STAGE,CMD_CONTENT,CONV_STAGE.CMD_CONTENT
CONV_STAGE,CMN_BATCH_PARMS,CONV_STAGE.CMN_BATCH_PARMS
CONV_STAGE,CONTENT_COMPONENTS,CONV_STAGE.CONTENT_COMPONENTS
CONV_STAGE,CONTENT_SUBSCRIPTION,CONV_STAGE.CONTENT_SUBSCRIPTION
CONV_STAGE,CONTENT_SVC_DLVR_ADDR,CONV_STAGE.CONTENT_SVC_DLVR_ADDR
CONV_STAGE,CURRENT_RUN_ID,CONV_STAGE.CURRENT_RUN_ID
CONV_STAGE,CUSTOMER,CONV_STAGE.CUSTOMER
CONV_STAGE,CUSTOMER_LIST,CONV_STAGE.CUSTOMER_LIST
CONV_STAGE,CUST_ACCT_EXCLSN_LIST,CONV_STAGE.CUST_ACCT_EXCLSN_LIST
CONV_STAGE,CUST_ADDR,CONV_STAGE.CUST_ADDR
CONV_STAGE,CUST_AR,CONV_STAGE.CUST_AR
CONV_STAGE,CUST_AR_RECEIVABLE_CLASS,CONV_STAGE.CUST_AR_RECEIVABLE_CLASS
CONV_STAGE,CUST_BILL,CONV_STAGE.CUST_BILL
CONV_STAGE,CUST_BL_CYCLE,CONV_STAGE.CUST_BL_CYCLE
CONV_STAGE,CUST_CUST_TYP,CONV_STAGE.CUST_CUST_TYP
CONV_STAGE,CUST_DVC_EQP_TRANS,CONV_STAGE.CUST_DVC_EQP_TRANS
CONV_STAGE,CUST_DVC_PROV_INFO,CONV_STAGE.CUST_DVC_PROV_INFO
CONV_STAGE,CUST_LIST_PRICE,CONV_STAGE.CUST_LIST_PRICE
CONV_STAGE,CUST_LN_CBR_PERSON,CONV_STAGE.CUST_LN_CBR_PERSON
CONV_STAGE,CUST_LN_DVC_PROV,CONV_STAGE.CUST_LN_DVC_PROV
CONV_STAGE,CUST_LN_PPLAN,CONV_STAGE.CUST_LN_PPLAN
CONV_STAGE,CUST_LN_PROMO_MDNLESS,CONV_STAGE.CUST_LN_PROMO_MDNLESS
CONV_STAGE,CUST_LN_SF_MDNLESS,CONV_STAGE.CUST_LN_SF_MDNLESS
CONV_STAGE,CUST_LN_TX_GEO_CD,CONV_STAGE.CUST_LN_TX_GEO_CD
CONV_STAGE,CUST_MTN,CONV_STAGE.CUST_MTN
CONV_STAGE,CUST_MTN_CBR,CONV_STAGE.CUST_MTN_CBR
CONV_STAGE,CUST_MTN_TX_GEO_CD,CONV_STAGE.CUST_MTN_TX_GEO_CD
CONV_STAGE,CUST_MTN_TX_GEO_CD_FORV2CLNUP,CONV_STAGE.CUST_MTN_TX_GEO_CD_FORV2CLNUP
CONV_STAGE,CUST_PMT,CONV_STAGE.CUST_PMT
CONV_STAGE,CUST_PMT_CUST_AR,CONV_STAGE.CUST_PMT_CUST_AR
CONV_STAGE,CUST_PMT_DUMMY,CONV_STAGE.CUST_PMT_DUMMY
CONV_STAGE,CUST_PMT_SEC_DEP,CONV_STAGE.CUST_PMT_SEC_DEP
CONV_STAGE,CUST_TRANS_PRODUCT,CONV_STAGE.CUST_TRANS_PRODUCT
CONV_STAGE,CUST_TYP_TX_EXEMPT,CONV_STAGE.CUST_TYP_TX_EXEMPT
CONV_STAGE,CYCLE_DTLS,CONV_STAGE.CYCLE_DTLS
CONV_STAGE,CYCLE_TO_PROCESS,CONV_STAGE.CYCLE_TO_PROCESS
CONV_STAGE,DACC_FIN_DVC_CAT,CONV_STAGE.DACC_FIN_DVC_CAT
CONV_STAGE,DACC_XREF,CONV_STAGE.DACC_XREF
CONV_STAGE,DATA_FORMAT_MAP,CONV_STAGE.DATA_FORMAT_MAP
CONV_STAGE,DATA_USG_OVR_PROD_SUM,CONV_STAGE.DATA_USG_OVR_PROD_SUM
CONV_STAGE,DATA_USG_PROD_SUM,CONV_STAGE.DATA_USG_PROD_SUM
CONV_STAGE,DEVICE_ID_TYPE,CONV_STAGE.DEVICE_ID_TYPE
CONV_STAGE,DMD_DEVICE_ID_INFO,CONV_STAGE.DMD_DEVICE_ID_INFO
CONV_STAGE,DMD_DEVICE_ID_RBF,CONV_STAGE.DMD_DEVICE_ID_RBF
CONV_STAGE,DT_EXCLUSION_LIST,CONV_STAGE.DT_EXCLUSION_LIST
CONV_STAGE,DT_METADATA_CUSTOMER_LIST,CONV_STAGE.DT_METADATA_CUSTOMER_LIST
CONV_STAGE,DVC_SIM_EQP_ASSN,CONV_STAGE.DVC_SIM_EQP_ASSN
CONV_STAGE,DVC_SIM_EQP_HIST,CONV_STAGE.DVC_SIM_EQP_HIST
CONV_STAGE,ECPD_CUST_PROMO_OVR,CONV_STAGE.ECPD_CUST_PROMO_OVR
CONV_STAGE,ECPD_LN_DVC_SUBTYP_CRED,CONV_STAGE.ECPD_LN_DVC_SUBTYP_CRED
CONV_STAGE,ECPD_PROFILE,CONV_STAGE.ECPD_PROFILE
CONV_STAGE,ECPD_PROFILE_CUST,CONV_STAGE.ECPD_PROFILE_CUST
CONV_STAGE,ECPD_PROFILE_HIST,CONV_STAGE.ECPD_PROFILE_HIST
CONV_STAGE,ECPD_RATE_EXEMPT,CONV_STAGE.ECPD_RATE_EXEMPT
CONV_STAGE,ECPD_TAX_EXEMPT,CONV_STAGE.ECPD_TAX_EXEMPT
CONV_STAGE,EDR_DESC,CONV_STAGE.EDR_DESC
CONV_STAGE,EI_IDB_CUSTOMER,CONV_STAGE.EI_IDB_CUSTOMER
CONV_STAGE,EI_LARGE_CUSTOMER,CONV_STAGE.EI_LARGE_CUSTOMER
CONV_STAGE,EI_LARGE_CUSTOMER_LOS,CONV_STAGE.EI_LARGE_CUSTOMER_LOS
CONV_STAGE,EI_LARGE_CUSTOMER_MTN,CONV_STAGE.EI_LARGE_CUSTOMER_MTN
CONV_STAGE,ENHANCED_SRV_PCKGE,CONV_STAGE.ENHANCED_SRV_PCKGE
CONV_STAGE,EO_PASSTHRU_TAX_INFO,CONV_STAGE.EO_PASSTHRU_TAX_INFO
CONV_STAGE,EQUIP_CHRG_B,CONV_STAGE.EQUIP_CHRG_B
CONV_STAGE,EQUIP_CHRG_U,CONV_STAGE.EQUIP_CHRG_U
CONV_STAGE,ERROR_CODES,CONV_STAGE.ERROR_CODES
CONV_STAGE,FIN_CAT,CONV_STAGE.FIN_CAT
CONV_STAGE,INPUT_FILE_LIST,CONV_STAGE.INPUT_FILE_LIST
CONV_STAGE,INSTALLMENT_LOAN,CONV_STAGE.INSTALLMENT_LOAN
CONV_STAGE,INSTALL_LOAN_BA_HIST,CONV_STAGE.INSTALL_LOAN_BA_HIST
CONV_STAGE,INSTALL_LOAN_CURR_INFO,CONV_STAGE.INSTALL_LOAN_CURR_INFO
CONV_STAGE,INSTALL_LOAN_MTN_HIST,CONV_STAGE.INSTALL_LOAN_MTN_HIST
CONV_STAGE,INSTALL_LOAN_STATUS,CONV_STAGE.INSTALL_LOAN_STATUS
CONV_STAGE,INSTALL_LOAN_STAT_RSN,CONV_STAGE.INSTALL_LOAN_STAT_RSN
CONV_STAGE,JOB_LOG,CONV_STAGE.JOB_LOG
CONV_STAGE,LN_ADDL_DVC_INFO,CONV_STAGE.LN_ADDL_DVC_INFO
CONV_STAGE,LN_DVC_EQP_DET,CONV_STAGE.LN_DVC_EQP_DET
CONV_STAGE,LN_NON_GEO_ALT_SBID,CONV_STAGE.LN_NON_GEO_ALT_SBID
CONV_STAGE,LN_OF_SVC_CUST_BA,CONV_STAGE.LN_OF_SVC_CUST_BA
CONV_STAGE,LN_OF_SVC_PAIR_STAT_5G,CONV_STAGE.LN_OF_SVC_PAIR_STAT_5G
CONV_STAGE,LN_PRIM_ID_MDN,CONV_STAGE.LN_PRIM_ID_MDN
CONV_STAGE,LN_PRIM_MULTI_ID,CONV_STAGE.LN_PRIM_MULTI_ID
CONV_STAGE,LN_PRIM_MULTI_ID_MDNLESS,CONV_STAGE.LN_PRIM_MULTI_ID_MDNLESS
CONV_STAGE,LN_SVC_PROD,CONV_STAGE.LN_SVC_PROD
CONV_STAGE,LN_SVC_PROD_ATTR,CONV_STAGE.LN_SVC_PROD_ATTR
CONV_STAGE,LN_SVC_PROD_MULTI_BA,CONV_STAGE.LN_SVC_PROD_MULTI_BA
CONV_STAGE,LN_SVC_PROD_USG_SEG_BA,CONV_STAGE.LN_SVC_PROD_USG_SEG_BA
CONV_STAGE,PCONV_AUDIT_LOG,CONV_STAGE.PCONV_AUDIT_LOG
CONV_STAGE,PMT,CONV_STAGE.PMT
CONV_STAGE,PMT_CHARITY,CONV_STAGE.PMT_CHARITY
CONV_STAGE,PMT_TRANS,CONV_STAGE.PMT_TRANS
CONV_STAGE,PPLAN_MTN,CONV_STAGE.PPLAN_MTN
CONV_STAGE,PROD_OVRIDE_PROC,CONV_STAGE.PROD_OVRIDE_PROC
CONV_STAGE,PROMO_CUST_MTN,CONV_STAGE.PROMO_CUST_MTN
CONV_STAGE,RECUR_BL_ACCT_FEE,CONV_STAGE.RECUR_BL_ACCT_FEE
CONV_STAGE,RECUR_MTN_ADM_FEE,CONV_STAGE.RECUR_MTN_ADM_FEE
CONV_STAGE,REFRESH_DELETE_CUSTOMERS,CONV_STAGE.REFRESH_DELETE_CUSTOMERS
CONV_STAGE,SECURITY_DEPOSIT,CONV_STAGE.SECURITY_DEPOSIT
CONV_STAGE,SEC_DEP_ACCT_TYP,CONV_STAGE.SEC_DEP_ACCT_TYP
CONV_STAGE,SEC_DEP_AP_OFFSET,CONV_STAGE.SEC_DEP_AP_OFFSET
CONV_STAGE,SEC_DEP_REFUND,CONV_STAGE.SEC_DEP_REFUND
CONV_STAGE,SF_MTN,CONV_STAGE.SF_MTN
CONV_STAGE,SF_OFFR_PROCESS,CONV_STAGE.SF_OFFR_PROCESS
CONV_STAGE,SKU_MAKE_MOD_XREF,CONV_STAGE.SKU_MAKE_MOD_XREF
CONV_STAGE,SLC_BL_ACCT,CONV_STAGE.SLC_BL_ACCT
CONV_STAGE,STAGING_TABLES,CONV_STAGE.STAGING_TABLES
CONV_STAGE,TABLE_ROW_COUNTS,CONV_STAGE.TABLE_ROW_COUNTS
CONV_STAGE,TAX_REQ_REGULAR_PROD,CONV_STAGE.TAX_REQ_REGULAR_PROD
CONV_STAGE,TAX_REQ_SUBSCRP_PROD,CONV_STAGE.TAX_REQ_SUBSCRP_PROD
CONV_STAGE,TAX_TYPE,CONV_STAGE.TAX_TYPE
CONV_STAGE,TRANS_PRODUCT,CONV_STAGE.TRANS_PRODUCT
CONV_STAGE,USAGE_PROD_LIST,CONV_STAGE.USAGE_PROD_LIST
CONV_STAGE,VISION2_CUSTPHASE,CONV_STAGE.VISION2_CUSTPHASE
CONV_STAGE,VOLTE_BSNS_LN_GRP_XREF,CONV_STAGE.VOLTE_BSNS_LN_GRP_XREF
CONV_STAGE,VZ_REWARDS_PMT_TRAN_LOG,CONV_STAGE.VZ_REWARDS_PMT_TRAN_LOG
CONV_STAGE,WRITE_OFFS,CONV_STAGE.WRITE_OFFS
CONV_STAGE,WRITE_OFFS_HIST,CONV_STAGE.WRITE_OFFS_HIST
CONV_STAGE,ZERO_DOLLAR_PRODUCTS,CONV_STAGE.ZERO_DOLLAR_PRODUCTS
GENEVA_ADMIN,ABSTRACTPLUGIN,GENEVA_ADMIN.ABSTRACTPLUGIN
GENEVA_ADMIN,ABSTRACTPLUGININPUT,GENEVA_ADMIN.ABSTRACTPLUGININPUT
GENEVA_ADMIN,ABSTRACTPLUGINOUTPUT,GENEVA_ADMIN.ABSTRACTPLUGINOUTPUT
GENEVA_ADMIN,ACCACTIONLOG,GENEVA_ADMIN.ACCACTIONLOG
GENEVA_ADMIN,ACCACTIONSUMMARY,GENEVA_ADMIN.ACCACTIONSUMMARY
GENEVA_ADMIN,ACCACTIONTHRESHOLD,GENEVA_ADMIN.ACCACTIONTHRESHOLD
GENEVA_ADMIN,ACCACTIONTHRESHOLDSET,GENEVA_ADMIN.ACCACTIONTHRESHOLDSET
GENEVA_ADMIN,ACCBILLDISCMIGRATION,GENEVA_ADMIN.ACCBILLDISCMIGRATION
GENEVA_ADMIN,ACCBILLINGSUSPENSION,GENEVA_ADMIN.ACCBILLINGSUSPENSION
GENEVA_ADMIN,ACCBUDGETPLAN,GENEVA_ADMIN.ACCBUDGETPLAN
GENEVA_ADMIN,ACCDEBTBANDSUMMARY,GENEVA_ADMIN.ACCDEBTBANDSUMMARY
GENEVA_ADMIN,ACCDELTAEVENTSUMMARY,GENEVA_ADMIN.ACCDELTAEVENTSUMMARY
GENEVA_ADMIN,ACCDOMAINHISTORY,GENEVA_ADMIN.ACCDOMAINHISTORY
GENEVA_ADMIN,ACCESGPEROEFROVERRIDE,GENEVA_ADMIN.ACCESGPEROEFROVERRIDE
GENEVA_ADMIN,ACCESSGROUP,GENEVA_ADMIN.ACCESSGROUP
GENEVA_ADMIN,ACCESSGROUPMEMBER,GENEVA_ADMIN.ACCESSGROUPMEMBER
GENEVA_ADMIN,ACCEXTERNALACTION,GENEVA_ADMIN.ACCEXTERNALACTION
GENEVA_ADMIN,ACCEXTERNALREWARDENROLL,GENEVA_ADMIN.ACCEXTERNALREWARDENROLL
GENEVA_ADMIN,ACCHASBILLINSERT,GENEVA_ADMIN.ACCHASBILLINSERT
GENEVA_ADMIN,ACCHASBONUSSCHEME,GENEVA_ADMIN.ACCHASBONUSSCHEME
GENEVA_ADMIN,ACCHASCOPYBILL,GENEVA_ADMIN.ACCHASCOPYBILL
GENEVA_ADMIN,ACCHASEVENTSUMMARY,GENEVA_ADMIN.ACCHASEVENTSUMMARY
GENEVA_ADMIN,ACCHASFROZENEVENTTYPE,GENEVA_ADMIN.ACCHASFROZENEVENTTYPE
GENEVA_ADMIN,ACCHASFROZENEVENTTYPEAUDIT,GENEVA_ADMIN.ACCHASFROZENEVENTTYPEAUDIT
GENEVA_ADMIN,ACCHASLCACTIONREQUEST,GENEVA_ADMIN.ACCHASLCACTIONREQUEST
GENEVA_ADMIN,ACCHASMESSAGE,GENEVA_ADMIN.ACCHASMESSAGE
GENEVA_ADMIN,ACCHASONETIMECHARGE,GENEVA_ADMIN.ACCHASONETIMECHARGE
GENEVA_ADMIN,ACCHASOTCINSTLMNTSUMMARY,GENEVA_ADMIN.ACCHASOTCINSTLMNTSUMMARY
GENEVA_ADMIN,ACCHASPA,GENEVA_ADMIN.ACCHASPA
GENEVA_ADMIN,ACCHASPOLICYACTION,GENEVA_ADMIN.ACCHASPOLICYACTION
GENEVA_ADMIN,ACCHASPOLICYACTIONLOG,GENEVA_ADMIN.ACCHASPOLICYACTIONLOG
GENEVA_ADMIN,ACCHASPOLICYCOUNTER,GENEVA_ADMIN.ACCHASPOLICYCOUNTER
GENEVA_ADMIN,ACCHASPOLICYDIARY,GENEVA_ADMIN.ACCHASPOLICYDIARY
GENEVA_ADMIN,ACCHASPOLICYINSTANCE,GENEVA_ADMIN.ACCHASPOLICYINSTANCE
GENEVA_ADMIN,ACCHASPOLICYPARAM,GENEVA_ADMIN.ACCHASPOLICYPARAM
GENEVA_ADMIN,ACCHASRERATEREQUESTTYPE,GENEVA_ADMIN.ACCHASRERATEREQUESTTYPE
GENEVA_ADMIN,ACCHASTEMPLATE,GENEVA_ADMIN.ACCHASTEMPLATE
GENEVA_ADMIN,ACCOTCATTRDETAILS,GENEVA_ADMIN.ACCOTCATTRDETAILS
GENEVA_ADMIN,ACCOTCINSTDTLSOVERRIDE,GENEVA_ADMIN.ACCOTCINSTDTLSOVERRIDE
GENEVA_ADMIN,ACCOUNT,GENEVA_ADMIN.ACCOUNT
GENEVA_ADMIN,ACCOUNTATTRIBUTES,GENEVA_ADMIN.ACCOUNTATTRIBUTES
GENEVA_ADMIN,ACCOUNTAUDIT,GENEVA_ADMIN.ACCOUNTAUDIT
GENEVA_ADMIN,ACCOUNTBALANCESYNC,GENEVA_ADMIN.ACCOUNTBALANCESYNC
GENEVA_ADMIN,ACCOUNTDETAILS,GENEVA_ADMIN.ACCOUNTDETAILS
GENEVA_ADMIN,ACCOUNTEVENT,GENEVA_ADMIN.ACCOUNTEVENT
GENEVA_ADMIN,ACCOUNTINGPERIOD,GENEVA_ADMIN.ACCOUNTINGPERIOD
GENEVA_ADMIN,ACCOUNTITEMISATION,GENEVA_ADMIN.ACCOUNTITEMISATION
GENEVA_ADMIN,ACCOUNTLIFECYCLEDETAILS,GENEVA_ADMIN.ACCOUNTLIFECYCLEDETAILS
GENEVA_ADMIN,ACCOUNTPAYATTRIBUTES,GENEVA_ADMIN.ACCOUNTPAYATTRIBUTES
GENEVA_ADMIN,ACCOUNTPAYMENT,GENEVA_ADMIN.ACCOUNTPAYMENT
GENEVA_ADMIN,ACCOUNTPAYMENTDETAILS,GENEVA_ADMIN.ACCOUNTPAYMENTDETAILS
GENEVA_ADMIN,ACCOUNTRATING,GENEVA_ADMIN.ACCOUNTRATING
GENEVA_ADMIN,ACCOUNTRATINGSUMMARY,GENEVA_ADMIN.ACCOUNTRATINGSUMMARY
GENEVA_ADMIN,ACCOUNTRECEIVABLECLASS,GENEVA_ADMIN.ACCOUNTRECEIVABLECLASS
GENEVA_ADMIN,ACCOUNTRECHARGE,GENEVA_ADMIN.ACCOUNTRECHARGE
GENEVA_ADMIN,ACCOUNTSTATUS,GENEVA_ADMIN.ACCOUNTSTATUS
GENEVA_ADMIN,ACCOUNTTRANSFERHIST,GENEVA_ADMIN.ACCOUNTTRANSFERHIST
GENEVA_ADMIN,ACCOUNT_BKP_020223,GENEVA_ADMIN.ACCOUNT_BKP_020223
GENEVA_ADMIN,ACCPABILLSCHEDULE,GENEVA_ADMIN.ACCPABILLSCHEDULE
GENEVA_ADMIN,ACCPABILLSCHEDULEDETAILS,GENEVA_ADMIN.ACCPABILLSCHEDULEDETAILS
GENEVA_ADMIN,ACCPAMODIFYDETAILS,GENEVA_ADMIN.ACCPAMODIFYDETAILS
GENEVA_ADMIN,ACCPARECEIVABLE,GENEVA_ADMIN.ACCPARECEIVABLE
GENEVA_ADMIN,ACCPERIODCLOSED,GENEVA_ADMIN.ACCPERIODCLOSED
GENEVA_ADMIN,ACCPERIODICRATEATTRAUTH,GENEVA_ADMIN.ACCPERIODICRATEATTRAUTH
GENEVA_ADMIN,ACCPERIODICRATEATTRVAL,GENEVA_ADMIN.ACCPERIODICRATEATTRVAL
GENEVA_ADMIN,ACCPOLICYCOUNTERPARTITION,GENEVA_ADMIN.ACCPOLICYCOUNTERPARTITION
GENEVA_ADMIN,ACCPRODGROUPLIST,GENEVA_ADMIN.ACCPRODGROUPLIST
GENEVA_ADMIN,ACCPROMOTIONENROLLMENT,GENEVA_ADMIN.ACCPROMOTIONENROLLMENT
GENEVA_ADMIN,ACCRATEDISPATCHSUMMARY,GENEVA_ADMIN.ACCRATEDISPATCHSUMMARY
GENEVA_ADMIN,ACCRATINGEVENTSUMMARY,GENEVA_ADMIN.ACCRATINGEVENTSUMMARY
GENEVA_ADMIN,ACCREVENUESEIZUREREQUEST,GENEVA_ADMIN.ACCREVENUESEIZUREREQUEST
GENEVA_ADMIN,ACCRUALDETAILS,GENEVA_ADMIN.ACCRUALDETAILS
GENEVA_ADMIN,ACCRUALS,GENEVA_ADMIN.ACCRUALS
GENEVA_ADMIN,ACCRUALSEXTRACT,GENEVA_ADMIN.ACCRUALSEXTRACT
GENEVA_ADMIN,ACCRUALSUMMARY,GENEVA_ADMIN.ACCRUALSUMMARY
GENEVA_ADMIN,ACCUNPAIDSPENDUPDATES,GENEVA_ADMIN.ACCUNPAIDSPENDUPDATES
GENEVA_ADMIN,ACTION,GENEVA_ADMIN.ACTION
GENEVA_ADMIN,ACTIONPARAMDATA,GENEVA_ADMIN.ACTIONPARAMDATA
GENEVA_ADMIN,ACTIONPARAMVALUE,GENEVA_ADMIN.ACTIONPARAMVALUE
GENEVA_ADMIN,ACTIONQUEUE1,GENEVA_ADMIN.ACTIONQUEUE1
GENEVA_ADMIN,ACTIONQUEUE10,GENEVA_ADMIN.ACTIONQUEUE10
GENEVA_ADMIN,ACTIONQUEUE11,GENEVA_ADMIN.ACTIONQUEUE11
GENEVA_ADMIN,ACTIONQUEUE12,GENEVA_ADMIN.ACTIONQUEUE12
GENEVA_ADMIN,ACTIONQUEUE13,GENEVA_ADMIN.ACTIONQUEUE13
GENEVA_ADMIN,ACTIONQUEUE14,GENEVA_ADMIN.ACTIONQUEUE14
GENEVA_ADMIN,ACTIONQUEUE15,GENEVA_ADMIN.ACTIONQUEUE15
GENEVA_ADMIN,ACTIONQUEUE16,GENEVA_ADMIN.ACTIONQUEUE16
GENEVA_ADMIN,ACTIONQUEUE17,GENEVA_ADMIN.ACTIONQUEUE17
GENEVA_ADMIN,ACTIONQUEUE18,GENEVA_ADMIN.ACTIONQUEUE18
GENEVA_ADMIN,ACTIONQUEUE19,GENEVA_ADMIN.ACTIONQUEUE19
GENEVA_ADMIN,ACTIONQUEUE2,GENEVA_ADMIN.ACTIONQUEUE2
GENEVA_ADMIN,ACTIONQUEUE20,GENEVA_ADMIN.ACTIONQUEUE20
GENEVA_ADMIN,ACTIONQUEUE21,GENEVA_ADMIN.ACTIONQUEUE21
GENEVA_ADMIN,ACTIONQUEUE22,GENEVA_ADMIN.ACTIONQUEUE22
GENEVA_ADMIN,ACTIONQUEUE23,GENEVA_ADMIN.ACTIONQUEUE23
GENEVA_ADMIN,ACTIONQUEUE24,GENEVA_ADMIN.ACTIONQUEUE24
GENEVA_ADMIN,ACTIONQUEUE25,GENEVA_ADMIN.ACTIONQUEUE25
GENEVA_ADMIN,ACTIONQUEUE26,GENEVA_ADMIN.ACTIONQUEUE26
GENEVA_ADMIN,ACTIONQUEUE27,GENEVA_ADMIN.ACTIONQUEUE27
GENEVA_ADMIN,ACTIONQUEUE28,GENEVA_ADMIN.ACTIONQUEUE28
GENEVA_ADMIN,ACTIONQUEUE29,GENEVA_ADMIN.ACTIONQUEUE29
GENEVA_ADMIN,ACTIONQUEUE3,GENEVA_ADMIN.ACTIONQUEUE3
GENEVA_ADMIN,ACTIONQUEUE30,GENEVA_ADMIN.ACTIONQUEUE30
GENEVA_ADMIN,ACTIONQUEUE31,GENEVA_ADMIN.ACTIONQUEUE31
GENEVA_ADMIN,ACTIONQUEUE32,GENEVA_ADMIN.ACTIONQUEUE32
GENEVA_ADMIN,ACTIONQUEUE33,GENEVA_ADMIN.ACTIONQUEUE33
GENEVA_ADMIN,ACTIONQUEUE34,GENEVA_ADMIN.ACTIONQUEUE34
GENEVA_ADMIN,ACTIONQUEUE35,GENEVA_ADMIN.ACTIONQUEUE35
GENEVA_ADMIN,ACTIONQUEUE36,GENEVA_ADMIN.ACTIONQUEUE36
GENEVA_ADMIN,ACTIONQUEUE37,GENEVA_ADMIN.ACTIONQUEUE37
GENEVA_ADMIN,ACTIONQUEUE38,GENEVA_ADMIN.ACTIONQUEUE38
GENEVA_ADMIN,ACTIONQUEUE39,GENEVA_ADMIN.ACTIONQUEUE39
GENEVA_ADMIN,ACTIONQUEUE4,GENEVA_ADMIN.ACTIONQUEUE4
GENEVA_ADMIN,ACTIONQUEUE40,GENEVA_ADMIN.ACTIONQUEUE40
GENEVA_ADMIN,ACTIONQUEUE41,GENEVA_ADMIN.ACTIONQUEUE41
GENEVA_ADMIN,ACTIONQUEUE42,GENEVA_ADMIN.ACTIONQUEUE42
GENEVA_ADMIN,ACTIONQUEUE43,GENEVA_ADMIN.ACTIONQUEUE43
GENEVA_ADMIN,ACTIONQUEUE44,GENEVA_ADMIN.ACTIONQUEUE44
GENEVA_ADMIN,ACTIONQUEUE45,GENEVA_ADMIN.ACTIONQUEUE45
GENEVA_ADMIN,ACTIONQUEUE46,GENEVA_ADMIN.ACTIONQUEUE46
GENEVA_ADMIN,ACTIONQUEUE47,GENEVA_ADMIN.ACTIONQUEUE47
GENEVA_ADMIN,ACTIONQUEUE48,GENEVA_ADMIN.ACTIONQUEUE48
GENEVA_ADMIN,ACTIONQUEUE49,GENEVA_ADMIN.ACTIONQUEUE49
GENEVA_ADMIN,ACTIONQUEUE5,GENEVA_ADMIN.ACTIONQUEUE5
GENEVA_ADMIN,ACTIONQUEUE50,GENEVA_ADMIN.ACTIONQUEUE50
GENEVA_ADMIN,ACTIONQUEUE51,GENEVA_ADMIN.ACTIONQUEUE51
GENEVA_ADMIN,ACTIONQUEUE52,GENEVA_ADMIN.ACTIONQUEUE52
GENEVA_ADMIN,ACTIONQUEUE53,GENEVA_ADMIN.ACTIONQUEUE53
GENEVA_ADMIN,ACTIONQUEUE54,GENEVA_ADMIN.ACTIONQUEUE54
GENEVA_ADMIN,ACTIONQUEUE55,GENEVA_ADMIN.ACTIONQUEUE55
GENEVA_ADMIN,ACTIONQUEUE56,GENEVA_ADMIN.ACTIONQUEUE56
GENEVA_ADMIN,ACTIONQUEUE57,GENEVA_ADMIN.ACTIONQUEUE57
GENEVA_ADMIN,ACTIONQUEUE58,GENEVA_ADMIN.ACTIONQUEUE58
GENEVA_ADMIN,ACTIONQUEUE59,GENEVA_ADMIN.ACTIONQUEUE59
GENEVA_ADMIN,ACTIONQUEUE6,GENEVA_ADMIN.ACTIONQUEUE6
GENEVA_ADMIN,ACTIONQUEUE60,GENEVA_ADMIN.ACTIONQUEUE60
GENEVA_ADMIN,ACTIONQUEUE7,GENEVA_ADMIN.ACTIONQUEUE7
GENEVA_ADMIN,ACTIONQUEUE8,GENEVA_ADMIN.ACTIONQUEUE8
GENEVA_ADMIN,ACTIONQUEUE9,GENEVA_ADMIN.ACTIONQUEUE9
GENEVA_ADMIN,ACTIONREQUEST,GENEVA_ADMIN.ACTIONREQUEST
GENEVA_ADMIN,ACTIONTYPE,GENEVA_ADMIN.ACTIONTYPE
GENEVA_ADMIN,ACTIONTYPEPARAM,GENEVA_ADMIN.ACTIONTYPEPARAM
GENEVA_ADMIN,ADDRESS,GENEVA_ADMIN.ADDRESS
GENEVA_ADMIN,ADDRESSFORMAT,GENEVA_ADMIN.ADDRESSFORMAT
GENEVA_ADMIN,ADDRESSFORMATITEM,GENEVA_ADMIN.ADDRESSFORMATITEM
GENEVA_ADMIN,ADJUSTMENT,GENEVA_ADMIN.ADJUSTMENT
GENEVA_ADMIN,ADJUSTMENTATTRIBUTES,GENEVA_ADMIN.ADJUSTMENTATTRIBUTES
GENEVA_ADMIN,ADJUSTMENTTYPE,GENEVA_ADMIN.ADJUSTMENTTYPE
GENEVA_ADMIN,ADJUSTMENTTYPEATTRIBUTES,GENEVA_ADMIN.ADJUSTMENTTYPEATTRIBUTES
GENEVA_ADMIN,AEGACCOUNT,GENEVA_ADMIN.AEGACCOUNT
GENEVA_ADMIN,AEGCATALOGUECHANGE,GENEVA_ADMIN.AEGCATALOGUECHANGE
GENEVA_ADMIN,AEGDAILYEVENTACCRUALS,GENEVA_ADMIN.AEGDAILYEVENTACCRUALS
GENEVA_ADMIN,AEGDAILYUSAGESUMMARY,GENEVA_ADMIN.AEGDAILYUSAGESUMMARY
GENEVA_ADMIN,AEGEVENTACCRUALS,GENEVA_ADMIN.AEGEVENTACCRUALS
GENEVA_ADMIN,AEGPRODUCTCHANGE,GENEVA_ADMIN.AEGPRODUCTCHANGE
GENEVA_ADMIN,AEGPRODUCTCHARGE,GENEVA_ADMIN.AEGPRODUCTCHARGE
GENEVA_ADMIN,AEGRECYCLEDEVENTS,GENEVA_ADMIN.AEGRECYCLEDEVENTS
GENEVA_ADMIN,AEGSUMMARIZEDDUS,GENEVA_ADMIN.AEGSUMMARIZEDDUS
GENEVA_ADMIN,AGEDEPENDENTPRICE,GENEVA_ADMIN.AGEDEPENDENTPRICE
GENEVA_ADMIN,AGEDEPENDENTPRICEBAND,GENEVA_ADMIN.AGEDEPENDENTPRICEBAND
GENEVA_ADMIN,AGGEVENTUSAGE,GENEVA_ADMIN.AGGEVENTUSAGE
GENEVA_ADMIN,ALLOCATIONTOBILL,GENEVA_ADMIN.ALLOCATIONTOBILL
GENEVA_ADMIN,ALLOCATIONTODEPOSIT,GENEVA_ADMIN.ALLOCATIONTODEPOSIT
GENEVA_ADMIN,ALTCOSTEDEVENT,GENEVA_ADMIN.ALTCOSTEDEVENT
GENEVA_ADMIN,ALTERNATEDELETEDINDEX,GENEVA_ADMIN.ALTERNATEDELETEDINDEX
GENEVA_ADMIN,ALTERNATEEVENTINDEX,GENEVA_ADMIN.ALTERNATEEVENTINDEX
GENEVA_ADMIN,AMFATTRIBUTETYPE,GENEVA_ADMIN.AMFATTRIBUTETYPE
GENEVA_ADMIN,AMFATTRTYPETOTABLE,GENEVA_ADMIN.AMFATTRTYPETOTABLE
GENEVA_ADMIN,AMFCLUSTER,GENEVA_ADMIN.AMFCLUSTER
GENEVA_ADMIN,AMFCLUSTERTOHOST,GENEVA_ADMIN.AMFCLUSTERTOHOST
GENEVA_ADMIN,AMFCLUSTERTYPE,GENEVA_ADMIN.AMFCLUSTERTYPE
GENEVA_ADMIN,AMFCOMPONENT,GENEVA_ADMIN.AMFCOMPONENT
GENEVA_ADMIN,AMFCOMPONENTARGUMENT,GENEVA_ADMIN.AMFCOMPONENTARGUMENT
GENEVA_ADMIN,AMFCOMPONENTTYPE,GENEVA_ADMIN.AMFCOMPONENTTYPE
GENEVA_ADMIN,AMFCOMPONENTTYPEARGUMENT,GENEVA_ADMIN.AMFCOMPONENTTYPEARGUMENT
GENEVA_ADMIN,AMFCOMPTYPETOSUTYPE,GENEVA_ADMIN.AMFCOMPTYPETOSUTYPE
GENEVA_ADMIN,AMFCSIATTRIBUTE,GENEVA_ADMIN.AMFCSIATTRIBUTE
GENEVA_ADMIN,AMFSERVICEGROUP,GENEVA_ADMIN.AMFSERVICEGROUP
GENEVA_ADMIN,AMFSERVICEGROUPARGUMENT,GENEVA_ADMIN.AMFSERVICEGROUPARGUMENT
GENEVA_ADMIN,AMFSERVICEGROUPTYPE,GENEVA_ADMIN.AMFSERVICEGROUPTYPE
GENEVA_ADMIN,AMFSERVICEUNIT,GENEVA_ADMIN.AMFSERVICEUNIT
GENEVA_ADMIN,AMFSERVICEUNITTYPE,GENEVA_ADMIN.AMFSERVICEUNITTYPE
GENEVA_ADMIN,AMFSGTYPETOCLUSTERTYPE,GENEVA_ADMIN.AMFSGTYPETOCLUSTERTYPE
GENEVA_ADMIN,AMFTABLE,GENEVA_ADMIN.AMFTABLE
GENEVA_ADMIN,ANNOUNCEMENTDEF,GENEVA_ADMIN.ANNOUNCEMENTDEF
GENEVA_ADMIN,AOPAUDIT,GENEVA_ADMIN.AOPAUDIT
GENEVA_ADMIN,AQ$_ACTIONQUEUE10_G,GENEVA_ADMIN.AQ$_ACTIONQUEUE10_G
GENEVA_ADMIN,AQ$_ACTIONQUEUE10_H,GENEVA_ADMIN.AQ$_ACTIONQUEUE10_H
GENEVA_ADMIN,AQ$_ACTIONQUEUE10_I,GENEVA_ADMIN.AQ$_ACTIONQUEUE10_I
GENEVA_ADMIN,AQ$_ACTIONQUEUE10_L,GENEVA_ADMIN.AQ$_ACTIONQUEUE10_L
GENEVA_ADMIN,AQ$_ACTIONQUEUE10_S,GENEVA_ADMIN.AQ$_ACTIONQUEUE10_S
GENEVA_ADMIN,AQ$_ACTIONQUEUE10_T,GENEVA_ADMIN.AQ$_ACTIONQUEUE10_T
GENEVA_ADMIN,AQ$_ACTIONQUEUE11_G,GENEVA_ADMIN.AQ$_ACTIONQUEUE11_G
GENEVA_ADMIN,AQ$_ACTIONQUEUE11_H,GENEVA_ADMIN.AQ$_ACTIONQUEUE11_H
GENEVA_ADMIN,AQ$_ACTIONQUEUE11_I,GENEVA_ADMIN.AQ$_ACTIONQUEUE11_I
GENEVA_ADMIN,AQ$_ACTIONQUEUE11_L,GENEVA_ADMIN.AQ$_ACTIONQUEUE11_L
GENEVA_ADMIN,AQ$_ACTIONQUEUE11_S,GENEVA_ADMIN.AQ$_ACTIONQUEUE11_S
GENEVA_ADMIN,AQ$_ACTIONQUEUE11_T,GENEVA_ADMIN.AQ$_ACTIONQUEUE11_T
GENEVA_ADMIN,AQ$_ACTIONQUEUE12_G,GENEVA_ADMIN.AQ$_ACTIONQUEUE12_G
GENEVA_ADMIN,AQ$_ACTIONQUEUE12_H,GENEVA_ADMIN.AQ$_ACTIONQUEUE12_H
GENEVA_ADMIN,AQ$_ACTIONQUEUE12_I,GENEVA_ADMIN.AQ$_ACTIONQUEUE12_I
GENEVA_ADMIN,AQ$_ACTIONQUEUE12_L,GENEVA_ADMIN.AQ$_ACTIONQUEUE12_L
GENEVA_ADMIN,AQ$_ACTIONQUEUE12_S,GENEVA_ADMIN.AQ$_ACTIONQUEUE12_S
GENEVA_ADMIN,AQ$_ACTIONQUEUE12_T,GENEVA_ADMIN.AQ$_ACTIONQUEUE12_T
GENEVA_ADMIN,AQ$_ACTIONQUEUE13_G,GENEVA_ADMIN.AQ$_ACTIONQUEUE13_G
GENEVA_ADMIN,AQ$_ACTIONQUEUE13_H,GENEVA_ADMIN.AQ$_ACTIONQUEUE13_H
GENEVA_ADMIN,AQ$_ACTIONQUEUE13_I,GENEVA_ADMIN.AQ$_ACTIONQUEUE13_I
GENEVA_ADMIN,AQ$_ACTIONQUEUE13_L,GENEVA_ADMIN.AQ$_ACTIONQUEUE13_L
GENEVA_ADMIN,AQ$_ACTIONQUEUE13_S,GENEVA_ADMIN.AQ$_ACTIONQUEUE13_S
GENEVA_ADMIN,AQ$_ACTIONQUEUE13_T,GENEVA_ADMIN.AQ$_ACTIONQUEUE13_T
GENEVA_ADMIN,AQ$_ACTIONQUEUE14_G,GENEVA_ADMIN.AQ$_ACTIONQUEUE14_G
GENEVA_ADMIN,AQ$_ACTIONQUEUE14_H,GENEVA_ADMIN.AQ$_ACTIONQUEUE14_H
GENEVA_ADMIN,AQ$_ACTIONQUEUE14_I,GENEVA_ADMIN.AQ$_ACTIONQUEUE14_I
GENEVA_ADMIN,AQ$_ACTIONQUEUE14_L,GENEVA_ADMIN.AQ$_ACTIONQUEUE14_L
GENEVA_ADMIN,AQ$_ACTIONQUEUE14_S,GENEVA_ADMIN.AQ$_ACTIONQUEUE14_S
GENEVA_ADMIN,AQ$_ACTIONQUEUE14_T,GENEVA_ADMIN.AQ$_ACTIONQUEUE14_T
GENEVA_ADMIN,AQ$_ACTIONQUEUE15_G,GENEVA_ADMIN.AQ$_ACTIONQUEUE15_G
GENEVA_ADMIN,AQ$_ACTIONQUEUE15_H,GENEVA_ADMIN.AQ$_ACTIONQUEUE15_H
GENEVA_ADMIN,AQ$_ACTIONQUEUE15_I,GENEVA_ADMIN.AQ$_ACTIONQUEUE15_I
GENEVA_ADMIN,AQ$_ACTIONQUEUE15_L,GENEVA_ADMIN.AQ$_ACTIONQUEUE15_L
GENEVA_ADMIN,AQ$_ACTIONQUEUE15_S,GENEVA_ADMIN.AQ$_ACTIONQUEUE15_S
GENEVA_ADMIN,AQ$_ACTIONQUEUE15_T,GENEVA_ADMIN.AQ$_ACTIONQUEUE15_T
GENEVA_ADMIN,AQ$_ACTIONQUEUE16_G,GENEVA_ADMIN.AQ$_ACTIONQUEUE16_G
GENEVA_ADMIN,AQ$_ACTIONQUEUE16_H,GENEVA_ADMIN.AQ$_ACTIONQUEUE16_H
GENEVA_ADMIN,AQ$_ACTIONQUEUE16_I,GENEVA_ADMIN.AQ$_ACTIONQUEUE16_I
GENEVA_ADMIN,AQ$_ACTIONQUEUE16_L,GENEVA_ADMIN.AQ$_ACTIONQUEUE16_L
GENEVA_ADMIN,AQ$_ACTIONQUEUE16_S,GENEVA_ADMIN.AQ$_ACTIONQUEUE16_S
GENEVA_ADMIN,AQ$_ACTIONQUEUE16_T,GENEVA_ADMIN.AQ$_ACTIONQUEUE16_T
GENEVA_ADMIN,AQ$_ACTIONQUEUE17_G,GENEVA_ADMIN.AQ$_ACTIONQUEUE17_G
GENEVA_ADMIN,AQ$_ACTIONQUEUE17_H,GENEVA_ADMIN.AQ$_ACTIONQUEUE17_H
GENEVA_ADMIN,AQ$_ACTIONQUEUE17_I,GENEVA_ADMIN.AQ$_ACTIONQUEUE17_I
GENEVA_ADMIN,AQ$_ACTIONQUEUE17_L,GENEVA_ADMIN.AQ$_ACTIONQUEUE17_L
GENEVA_ADMIN,AQ$_ACTIONQUEUE17_S,GENEVA_ADMIN.AQ$_ACTIONQUEUE17_S
GENEVA_ADMIN,AQ$_ACTIONQUEUE17_T,GENEVA_ADMIN.AQ$_ACTIONQUEUE17_T
GENEVA_ADMIN,AQ$_ACTIONQUEUE18_G,GENEVA_ADMIN.AQ$_ACTIONQUEUE18_G
GENEVA_ADMIN,AQ$_ACTIONQUEUE18_H,GENEVA_ADMIN.AQ$_ACTIONQUEUE18_H
GENEVA_ADMIN,AQ$_ACTIONQUEUE18_I,GENEVA_ADMIN.AQ$_ACTIONQUEUE18_I
GENEVA_ADMIN,AQ$_ACTIONQUEUE18_L,GENEVA_ADMIN.AQ$_ACTIONQUEUE18_L
GENEVA_ADMIN,AQ$_ACTIONQUEUE18_S,GENEVA_ADMIN.AQ$_ACTIONQUEUE18_S
GENEVA_ADMIN,AQ$_ACTIONQUEUE18_T,GENEVA_ADMIN.AQ$_ACTIONQUEUE18_T
GENEVA_ADMIN,AQ$_ACTIONQUEUE19_G,GENEVA_ADMIN.AQ$_ACTIONQUEUE19_G
GENEVA_ADMIN,AQ$_ACTIONQUEUE19_H,GENEVA_ADMIN.AQ$_ACTIONQUEUE19_H
GENEVA_ADMIN,AQ$_ACTIONQUEUE19_I,GENEVA_ADMIN.AQ$_ACTIONQUEUE19_I
GENEVA_ADMIN,AQ$_ACTIONQUEUE19_L,GENEVA_ADMIN.AQ$_ACTIONQUEUE19_L
GENEVA_ADMIN,AQ$_ACTIONQUEUE19_S,GENEVA_ADMIN.AQ$_ACTIONQUEUE19_S
GENEVA_ADMIN,AQ$_ACTIONQUEUE19_T,GENEVA_ADMIN.AQ$_ACTIONQUEUE19_T
GENEVA_ADMIN,AQ$_ACTIONQUEUE1_G,GENEVA_ADMIN.AQ$_ACTIONQUEUE1_G
GENEVA_ADMIN,AQ$_ACTIONQUEUE1_H,GENEVA_ADMIN.AQ$_ACTIONQUEUE1_H
GENEVA_ADMIN,AQ$_ACTIONQUEUE1_I,GENEVA_ADMIN.AQ$_ACTIONQUEUE1_I
GENEVA_ADMIN,AQ$_ACTIONQUEUE1_L,GENEVA_ADMIN.AQ$_ACTIONQUEUE1_L
GENEVA_ADMIN,AQ$_ACTIONQUEUE1_S,GENEVA_ADMIN.AQ$_ACTIONQUEUE1_S
GENEVA_ADMIN,AQ$_ACTIONQUEUE1_T,GENEVA_ADMIN.AQ$_ACTIONQUEUE1_T
GENEVA_ADMIN,AQ$_ACTIONQUEUE20_G,GENEVA_ADMIN.AQ$_ACTIONQUEUE20_G
GENEVA_ADMIN,AQ$_ACTIONQUEUE20_H,GENEVA_ADMIN.AQ$_ACTIONQUEUE20_H
GENEVA_ADMIN,AQ$_ACTIONQUEUE20_I,GENEVA_ADMIN.AQ$_ACTIONQUEUE20_I
GENEVA_ADMIN,AQ$_ACTIONQUEUE20_L,GENEVA_ADMIN.AQ$_ACTIONQUEUE20_L
GENEVA_ADMIN,AQ$_ACTIONQUEUE20_S,GENEVA_ADMIN.AQ$_ACTIONQUEUE20_S
GENEVA_ADMIN,AQ$_ACTIONQUEUE20_T,GENEVA_ADMIN.AQ$_ACTIONQUEUE20_T
GENEVA_ADMIN,AQ$_ACTIONQUEUE21_G,GENEVA_ADMIN.AQ$_ACTIONQUEUE21_G
GENEVA_ADMIN,AQ$_ACTIONQUEUE21_H,GENEVA_ADMIN.AQ$_ACTIONQUEUE21_H
GENEVA_ADMIN,AQ$_ACTIONQUEUE21_I,GENEVA_ADMIN.AQ$_ACTIONQUEUE21_I
GENEVA_ADMIN,AQ$_ACTIONQUEUE21_L,GENEVA_ADMIN.AQ$_ACTIONQUEUE21_L
GENEVA_ADMIN,AQ$_ACTIONQUEUE21_S,GENEVA_ADMIN.AQ$_ACTIONQUEUE21_S
GENEVA_ADMIN,AQ$_ACTIONQUEUE21_T,GENEVA_ADMIN.AQ$_ACTIONQUEUE21_T
GENEVA_ADMIN,AQ$_ACTIONQUEUE22_G,GENEVA_ADMIN.AQ$_ACTIONQUEUE22_G
GENEVA_ADMIN,AQ$_ACTIONQUEUE22_H,GENEVA_ADMIN.AQ$_ACTIONQUEUE22_H
GENEVA_ADMIN,AQ$_ACTIONQUEUE22_I,GENEVA_ADMIN.AQ$_ACTIONQUEUE22_I
GENEVA_ADMIN,AQ$_ACTIONQUEUE22_L,GENEVA_ADMIN.AQ$_ACTIONQUEUE22_L
GENEVA_ADMIN,AQ$_ACTIONQUEUE22_S,GENEVA_ADMIN.AQ$_ACTIONQUEUE22_S
GENEVA_ADMIN,AQ$_ACTIONQUEUE22_T,GENEVA_ADMIN.AQ$_ACTIONQUEUE22_T
GENEVA_ADMIN,AQ$_ACTIONQUEUE23_G,GENEVA_ADMIN.AQ$_ACTIONQUEUE23_G
GENEVA_ADMIN,AQ$_ACTIONQUEUE23_H,GENEVA_ADMIN.AQ$_ACTIONQUEUE23_H
GENEVA_ADMIN,AQ$_ACTIONQUEUE23_I,GENEVA_ADMIN.AQ$_ACTIONQUEUE23_I
GENEVA_ADMIN,AQ$_ACTIONQUEUE23_L,GENEVA_ADMIN.AQ$_ACTIONQUEUE23_L
GENEVA_ADMIN,AQ$_ACTIONQUEUE23_S,GENEVA_ADMIN.AQ$_ACTIONQUEUE23_S
GENEVA_ADMIN,AQ$_ACTIONQUEUE23_T,GENEVA_ADMIN.AQ$_ACTIONQUEUE23_T
GENEVA_ADMIN,AQ$_ACTIONQUEUE24_G,GENEVA_ADMIN.AQ$_ACTIONQUEUE24_G
GENEVA_ADMIN,AQ$_ACTIONQUEUE24_H,GENEVA_ADMIN.AQ$_ACTIONQUEUE24_H
GENEVA_ADMIN,AQ$_ACTIONQUEUE24_I,GENEVA_ADMIN.AQ$_ACTIONQUEUE24_I
GENEVA_ADMIN,AQ$_ACTIONQUEUE24_L,GENEVA_ADMIN.AQ$_ACTIONQUEUE24_L
GENEVA_ADMIN,AQ$_ACTIONQUEUE24_S,GENEVA_ADMIN.AQ$_ACTIONQUEUE24_S
GENEVA_ADMIN,AQ$_ACTIONQUEUE24_T,GENEVA_ADMIN.AQ$_ACTIONQUEUE24_T
GENEVA_ADMIN,AQ$_ACTIONQUEUE25_G,GENEVA_ADMIN.AQ$_ACTIONQUEUE25_G
GENEVA_ADMIN,AQ$_ACTIONQUEUE25_H,GENEVA_ADMIN.AQ$_ACTIONQUEUE25_H
GENEVA_ADMIN,AQ$_ACTIONQUEUE25_I,GENEVA_ADMIN.AQ$_ACTIONQUEUE25_I
GENEVA_ADMIN,AQ$_ACTIONQUEUE25_L,GENEVA_ADMIN.AQ$_ACTIONQUEUE25_L
GENEVA_ADMIN,AQ$_ACTIONQUEUE25_S,GENEVA_ADMIN.AQ$_ACTIONQUEUE25_S
GENEVA_ADMIN,AQ$_ACTIONQUEUE25_T,GENEVA_ADMIN.AQ$_ACTIONQUEUE25_T
GENEVA_ADMIN,AQ$_ACTIONQUEUE26_G,GENEVA_ADMIN.AQ$_ACTIONQUEUE26_G
GENEVA_ADMIN,AQ$_ACTIONQUEUE26_H,GENEVA_ADMIN.AQ$_ACTIONQUEUE26_H
GENEVA_ADMIN,AQ$_ACTIONQUEUE26_I,GENEVA_ADMIN.AQ$_ACTIONQUEUE26_I
GENEVA_ADMIN,AQ$_ACTIONQUEUE26_L,GENEVA_ADMIN.AQ$_ACTIONQUEUE26_L
GENEVA_ADMIN,AQ$_ACTIONQUEUE26_S,GENEVA_ADMIN.AQ$_ACTIONQUEUE26_S
GENEVA_ADMIN,AQ$_ACTIONQUEUE26_T,GENEVA_ADMIN.AQ$_ACTIONQUEUE26_T
GENEVA_ADMIN,AQ$_ACTIONQUEUE27_G,GENEVA_ADMIN.AQ$_ACTIONQUEUE27_G
GENEVA_ADMIN,AQ$_ACTIONQUEUE27_H,GENEVA_ADMIN.AQ$_ACTIONQUEUE27_H
GENEVA_ADMIN,AQ$_ACTIONQUEUE27_I,GENEVA_ADMIN.AQ$_ACTIONQUEUE27_I
GENEVA_ADMIN,AQ$_ACTIONQUEUE27_L,GENEVA_ADMIN.AQ$_ACTIONQUEUE27_L
GENEVA_ADMIN,AQ$_ACTIONQUEUE27_S,GENEVA_ADMIN.AQ$_ACTIONQUEUE27_S
GENEVA_ADMIN,AQ$_ACTIONQUEUE27_T,GENEVA_ADMIN.AQ$_ACTIONQUEUE27_T
GENEVA_ADMIN,AQ$_ACTIONQUEUE28_G,GENEVA_ADMIN.AQ$_ACTIONQUEUE28_G
GENEVA_ADMIN,AQ$_ACTIONQUEUE28_H,GENEVA_ADMIN.AQ$_ACTIONQUEUE28_H
GENEVA_ADMIN,AQ$_ACTIONQUEUE28_I,GENEVA_ADMIN.AQ$_ACTIONQUEUE28_I
GENEVA_ADMIN,AQ$_ACTIONQUEUE28_L,GENEVA_ADMIN.AQ$_ACTIONQUEUE28_L
GENEVA_ADMIN,AQ$_ACTIONQUEUE28_S,GENEVA_ADMIN.AQ$_ACTIONQUEUE28_S
GENEVA_ADMIN,AQ$_ACTIONQUEUE28_T,GENEVA_ADMIN.AQ$_ACTIONQUEUE28_T
GENEVA_ADMIN,AQ$_ACTIONQUEUE29_G,GENEVA_ADMIN.AQ$_ACTIONQUEUE29_G
GENEVA_ADMIN,AQ$_ACTIONQUEUE29_H,GENEVA_ADMIN.AQ$_ACTIONQUEUE29_H
GENEVA_ADMIN,AQ$_ACTIONQUEUE29_I,GENEVA_ADMIN.AQ$_ACTIONQUEUE29_I
GENEVA_ADMIN,AQ$_ACTIONQUEUE29_L,GENEVA_ADMIN.AQ$_ACTIONQUEUE29_L
GENEVA_ADMIN,AQ$_ACTIONQUEUE29_S,GENEVA_ADMIN.AQ$_ACTIONQUEUE29_S
GENEVA_ADMIN,AQ$_ACTIONQUEUE29_T,GENEVA_ADMIN.AQ$_ACTIONQUEUE29_T
GENEVA_ADMIN,AQ$_ACTIONQUEUE2_G,GENEVA_ADMIN.AQ$_ACTIONQUEUE2_G
GENEVA_ADMIN,AQ$_ACTIONQUEUE2_H,GENEVA_ADMIN.AQ$_ACTIONQUEUE2_H
GENEVA_ADMIN,AQ$_ACTIONQUEUE2_I,GENEVA_ADMIN.AQ$_ACTIONQUEUE2_I
GENEVA_ADMIN,AQ$_ACTIONQUEUE2_L,GENEVA_ADMIN.AQ$_ACTIONQUEUE2_L
GENEVA_ADMIN,AQ$_ACTIONQUEUE2_S,GENEVA_ADMIN.AQ$_ACTIONQUEUE2_S
GENEVA_ADMIN,AQ$_ACTIONQUEUE2_T,GENEVA_ADMIN.AQ$_ACTIONQUEUE2_T
GENEVA_ADMIN,AQ$_ACTIONQUEUE30_G,GENEVA_ADMIN.AQ$_ACTIONQUEUE30_G
GENEVA_ADMIN,AQ$_ACTIONQUEUE30_H,GENEVA_ADMIN.AQ$_ACTIONQUEUE30_H
GENEVA_ADMIN,AQ$_ACTIONQUEUE30_I,GENEVA_ADMIN.AQ$_ACTIONQUEUE30_I
GENEVA_ADMIN,AQ$_ACTIONQUEUE30_L,GENEVA_ADMIN.AQ$_ACTIONQUEUE30_L
GENEVA_ADMIN,AQ$_ACTIONQUEUE30_S,GENEVA_ADMIN.AQ$_ACTIONQUEUE30_S
GENEVA_ADMIN,AQ$_ACTIONQUEUE30_T,GENEVA_ADMIN.AQ$_ACTIONQUEUE30_T
GENEVA_ADMIN,AQ$_ACTIONQUEUE31_G,GENEVA_ADMIN.AQ$_ACTIONQUEUE31_G
GENEVA_ADMIN,AQ$_ACTIONQUEUE31_H,GENEVA_ADMIN.AQ$_ACTIONQUEUE31_H
GENEVA_ADMIN,AQ$_ACTIONQUEUE31_I,GENEVA_ADMIN.AQ$_ACTIONQUEUE31_I
GENEVA_ADMIN,AQ$_ACTIONQUEUE31_L,GENEVA_ADMIN.AQ$_ACTIONQUEUE31_L
GENEVA_ADMIN,AQ$_ACTIONQUEUE31_S,GENEVA_ADMIN.AQ$_ACTIONQUEUE31_S
GENEVA_ADMIN,AQ$_ACTIONQUEUE31_T,GENEVA_ADMIN.AQ$_ACTIONQUEUE31_T
GENEVA_ADMIN,AQ$_ACTIONQUEUE32_G,GENEVA_ADMIN.AQ$_ACTIONQUEUE32_G
GENEVA_ADMIN,AQ$_ACTIONQUEUE32_H,GENEVA_ADMIN.AQ$_ACTIONQUEUE32_H
GENEVA_ADMIN,AQ$_ACTIONQUEUE32_I,GENEVA_ADMIN.AQ$_ACTIONQUEUE32_I
GENEVA_ADMIN,AQ$_ACTIONQUEUE32_L,GENEVA_ADMIN.AQ$_ACTIONQUEUE32_L
GENEVA_ADMIN,AQ$_ACTIONQUEUE32_S,GENEVA_ADMIN.AQ$_ACTIONQUEUE32_S
GENEVA_ADMIN,AQ$_ACTIONQUEUE32_T,GENEVA_ADMIN.AQ$_ACTIONQUEUE32_T
GENEVA_ADMIN,AQ$_ACTIONQUEUE33_G,GENEVA_ADMIN.AQ$_ACTIONQUEUE33_G
GENEVA_ADMIN,AQ$_ACTIONQUEUE33_H,GENEVA_ADMIN.AQ$_ACTIONQUEUE33_H
GENEVA_ADMIN,AQ$_ACTIONQUEUE33_I,GENEVA_ADMIN.AQ$_ACTIONQUEUE33_I
GENEVA_ADMIN,AQ$_ACTIONQUEUE33_L,GENEVA_ADMIN.AQ$_ACTIONQUEUE33_L
GENEVA_ADMIN,AQ$_ACTIONQUEUE33_S,GENEVA_ADMIN.AQ$_ACTIONQUEUE33_S
GENEVA_ADMIN,AQ$_ACTIONQUEUE33_T,GENEVA_ADMIN.AQ$_ACTIONQUEUE33_T
GENEVA_ADMIN,AQ$_ACTIONQUEUE34_G,GENEVA_ADMIN.AQ$_ACTIONQUEUE34_G
GENEVA_ADMIN,AQ$_ACTIONQUEUE34_H,GENEVA_ADMIN.AQ$_ACTIONQUEUE34_H
GENEVA_ADMIN,AQ$_ACTIONQUEUE34_I,GENEVA_ADMIN.AQ$_ACTIONQUEUE34_I
GENEVA_ADMIN,AQ$_ACTIONQUEUE34_L,GENEVA_ADMIN.AQ$_ACTIONQUEUE34_L
GENEVA_ADMIN,AQ$_ACTIONQUEUE34_S,GENEVA_ADMIN.AQ$_ACTIONQUEUE34_S
GENEVA_ADMIN,AQ$_ACTIONQUEUE34_T,GENEVA_ADMIN.AQ$_ACTIONQUEUE34_T
GENEVA_ADMIN,AQ$_ACTIONQUEUE35_G,GENEVA_ADMIN.AQ$_ACTIONQUEUE35_G
GENEVA_ADMIN,AQ$_ACTIONQUEUE35_H,GENEVA_ADMIN.AQ$_ACTIONQUEUE35_H
GENEVA_ADMIN,AQ$_ACTIONQUEUE35_I,GENEVA_ADMIN.AQ$_ACTIONQUEUE35_I
GENEVA_ADMIN,AQ$_ACTIONQUEUE35_L,GENEVA_ADMIN.AQ$_ACTIONQUEUE35_L
GENEVA_ADMIN,AQ$_ACTIONQUEUE35_S,GENEVA_ADMIN.AQ$_ACTIONQUEUE35_S
GENEVA_ADMIN,AQ$_ACTIONQUEUE35_T,GENEVA_ADMIN.AQ$_ACTIONQUEUE35_T
GENEVA_ADMIN,AQ$_ACTIONQUEUE36_G,GENEVA_ADMIN.AQ$_ACTIONQUEUE36_G
GENEVA_ADMIN,AQ$_ACTIONQUEUE36_H,GENEVA_ADMIN.AQ$_ACTIONQUEUE36_H
GENEVA_ADMIN,AQ$_ACTIONQUEUE36_I,GENEVA_ADMIN.AQ$_ACTIONQUEUE36_I
GENEVA_ADMIN,AQ$_ACTIONQUEUE36_L,GENEVA_ADMIN.AQ$_ACTIONQUEUE36_L
GENEVA_ADMIN,AQ$_ACTIONQUEUE36_S,GENEVA_ADMIN.AQ$_ACTIONQUEUE36_S
GENEVA_ADMIN,AQ$_ACTIONQUEUE36_T,GENEVA_ADMIN.AQ$_ACTIONQUEUE36_T
GENEVA_ADMIN,AQ$_ACTIONQUEUE37_G,GENEVA_ADMIN.AQ$_ACTIONQUEUE37_G
GENEVA_ADMIN,AQ$_ACTIONQUEUE37_H,GENEVA_ADMIN.AQ$_ACTIONQUEUE37_H
GENEVA_ADMIN,AQ$_ACTIONQUEUE37_I,GENEVA_ADMIN.AQ$_ACTIONQUEUE37_I
GENEVA_ADMIN,AQ$_ACTIONQUEUE37_L,GENEVA_ADMIN.AQ$_ACTIONQUEUE37_L
GENEVA_ADMIN,AQ$_ACTIONQUEUE37_S,GENEVA_ADMIN.AQ$_ACTIONQUEUE37_S
GENEVA_ADMIN,AQ$_ACTIONQUEUE37_T,GENEVA_ADMIN.AQ$_ACTIONQUEUE37_T
GENEVA_ADMIN,AQ$_ACTIONQUEUE38_G,GENEVA_ADMIN.AQ$_ACTIONQUEUE38_G
GENEVA_ADMIN,AQ$_ACTIONQUEUE38_H,GENEVA_ADMIN.AQ$_ACTIONQUEUE38_H
GENEVA_ADMIN,AQ$_ACTIONQUEUE38_I,GENEVA_ADMIN.AQ$_ACTIONQUEUE38_I
GENEVA_ADMIN,AQ$_ACTIONQUEUE38_L,GENEVA_ADMIN.AQ$_ACTIONQUEUE38_L
GENEVA_ADMIN,AQ$_ACTIONQUEUE38_S,GENEVA_ADMIN.AQ$_ACTIONQUEUE38_S
GENEVA_ADMIN,AQ$_ACTIONQUEUE38_T,GENEVA_ADMIN.AQ$_ACTIONQUEUE38_T
GENEVA_ADMIN,AQ$_ACTIONQUEUE39_G,GENEVA_ADMIN.AQ$_ACTIONQUEUE39_G
GENEVA_ADMIN,AQ$_ACTIONQUEUE39_H,GENEVA_ADMIN.AQ$_ACTIONQUEUE39_H
GENEVA_ADMIN,AQ$_ACTIONQUEUE39_I,GENEVA_ADMIN.AQ$_ACTIONQUEUE39_I
GENEVA_ADMIN,AQ$_ACTIONQUEUE39_L,GENEVA_ADMIN.AQ$_ACTIONQUEUE39_L
GENEVA_ADMIN,AQ$_ACTIONQUEUE39_S,GENEVA_ADMIN.AQ$_ACTIONQUEUE39_S
GENEVA_ADMIN,AQ$_ACTIONQUEUE39_T,GENEVA_ADMIN.AQ$_ACTIONQUEUE39_T
GENEVA_ADMIN,AQ$_ACTIONQUEUE3_G,GENEVA_ADMIN.AQ$_ACTIONQUEUE3_G
GENEVA_ADMIN,AQ$_ACTIONQUEUE3_H,GENEVA_ADMIN.AQ$_ACTIONQUEUE3_H
GENEVA_ADMIN,AQ$_ACTIONQUEUE3_I,GENEVA_ADMIN.AQ$_ACTIONQUEUE3_I
GENEVA_ADMIN,AQ$_ACTIONQUEUE3_L,GENEVA_ADMIN.AQ$_ACTIONQUEUE3_L
GENEVA_ADMIN,AQ$_ACTIONQUEUE3_S,GENEVA_ADMIN.AQ$_ACTIONQUEUE3_S
GENEVA_ADMIN,AQ$_ACTIONQUEUE3_T,GENEVA_ADMIN.AQ$_ACTIONQUEUE3_T
GENEVA_ADMIN,AQ$_ACTIONQUEUE40_G,GENEVA_ADMIN.AQ$_ACTIONQUEUE40_G
GENEVA_ADMIN,AQ$_ACTIONQUEUE40_H,GENEVA_ADMIN.AQ$_ACTIONQUEUE40_H
GENEVA_ADMIN,AQ$_ACTIONQUEUE40_I,GENEVA_ADMIN.AQ$_ACTIONQUEUE40_I
GENEVA_ADMIN,AQ$_ACTIONQUEUE40_L,GENEVA_ADMIN.AQ$_ACTIONQUEUE40_L
GENEVA_ADMIN,AQ$_ACTIONQUEUE40_S,GENEVA_ADMIN.AQ$_ACTIONQUEUE40_S
GENEVA_ADMIN,AQ$_ACTIONQUEUE40_T,GENEVA_ADMIN.AQ$_ACTIONQUEUE40_T
GENEVA_ADMIN,AQ$_ACTIONQUEUE41_G,GENEVA_ADMIN.AQ$_ACTIONQUEUE41_G
GENEVA_ADMIN,AQ$_ACTIONQUEUE41_H,GENEVA_ADMIN.AQ$_ACTIONQUEUE41_H
GENEVA_ADMIN,AQ$_ACTIONQUEUE41_I,GENEVA_ADMIN.AQ$_ACTIONQUEUE41_I
GENEVA_ADMIN,AQ$_ACTIONQUEUE41_L,GENEVA_ADMIN.AQ$_ACTIONQUEUE41_L
GENEVA_ADMIN,AQ$_ACTIONQUEUE41_S,GENEVA_ADMIN.AQ$_ACTIONQUEUE41_S
GENEVA_ADMIN,AQ$_ACTIONQUEUE41_T,GENEVA_ADMIN.AQ$_ACTIONQUEUE41_T
GENEVA_ADMIN,AQ$_ACTIONQUEUE42_G,GENEVA_ADMIN.AQ$_ACTIONQUEUE42_G
GENEVA_ADMIN,AQ$_ACTIONQUEUE42_H,GENEVA_ADMIN.AQ$_ACTIONQUEUE42_H
GENEVA_ADMIN,AQ$_ACTIONQUEUE42_I,GENEVA_ADMIN.AQ$_ACTIONQUEUE42_I
GENEVA_ADMIN,AQ$_ACTIONQUEUE42_L,GENEVA_ADMIN.AQ$_ACTIONQUEUE42_L
GENEVA_ADMIN,AQ$_ACTIONQUEUE42_S,GENEVA_ADMIN.AQ$_ACTIONQUEUE42_S
GENEVA_ADMIN,AQ$_ACTIONQUEUE42_T,GENEVA_ADMIN.AQ$_ACTIONQUEUE42_T
GENEVA_ADMIN,AQ$_ACTIONQUEUE43_G,GENEVA_ADMIN.AQ$_ACTIONQUEUE43_G
GENEVA_ADMIN,AQ$_ACTIONQUEUE43_H,GENEVA_ADMIN.AQ$_ACTIONQUEUE43_H
GENEVA_ADMIN,AQ$_ACTIONQUEUE43_I,GENEVA_ADMIN.AQ$_ACTIONQUEUE43_I
GENEVA_ADMIN,AQ$_ACTIONQUEUE43_L,GENEVA_ADMIN.AQ$_ACTIONQUEUE43_L
GENEVA_ADMIN,AQ$_ACTIONQUEUE43_S,GENEVA_ADMIN.AQ$_ACTIONQUEUE43_S
GENEVA_ADMIN,AQ$_ACTIONQUEUE43_T,GENEVA_ADMIN.AQ$_ACTIONQUEUE43_T
GENEVA_ADMIN,AQ$_ACTIONQUEUE44_G,GENEVA_ADMIN.AQ$_ACTIONQUEUE44_G
GENEVA_ADMIN,AQ$_ACTIONQUEUE44_H,GENEVA_ADMIN.AQ$_ACTIONQUEUE44_H
GENEVA_ADMIN,AQ$_ACTIONQUEUE44_I,GENEVA_ADMIN.AQ$_ACTIONQUEUE44_I
GENEVA_ADMIN,AQ$_ACTIONQUEUE44_L,GENEVA_ADMIN.AQ$_ACTIONQUEUE44_L
GENEVA_ADMIN,AQ$_ACTIONQUEUE44_S,GENEVA_ADMIN.AQ$_ACTIONQUEUE44_S
GENEVA_ADMIN,AQ$_ACTIONQUEUE44_T,GENEVA_ADMIN.AQ$_ACTIONQUEUE44_T
GENEVA_ADMIN,AQ$_ACTIONQUEUE45_G,GENEVA_ADMIN.AQ$_ACTIONQUEUE45_G
GENEVA_ADMIN,AQ$_ACTIONQUEUE45_H,GENEVA_ADMIN.AQ$_ACTIONQUEUE45_H
GENEVA_ADMIN,AQ$_ACTIONQUEUE45_I,GENEVA_ADMIN.AQ$_ACTIONQUEUE45_I
GENEVA_ADMIN,AQ$_ACTIONQUEUE45_L,GENEVA_ADMIN.AQ$_ACTIONQUEUE45_L
GENEVA_ADMIN,AQ$_ACTIONQUEUE45_S,GENEVA_ADMIN.AQ$_ACTIONQUEUE45_S
GENEVA_ADMIN,AQ$_ACTIONQUEUE45_T,GENEVA_ADMIN.AQ$_ACTIONQUEUE45_T
GENEVA_ADMIN,AQ$_ACTIONQUEUE46_G,GENEVA_ADMIN.AQ$_ACTIONQUEUE46_G
GENEVA_ADMIN,AQ$_ACTIONQUEUE46_H,GENEVA_ADMIN.AQ$_ACTIONQUEUE46_H
GENEVA_ADMIN,AQ$_ACTIONQUEUE46_I,GENEVA_ADMIN.AQ$_ACTIONQUEUE46_I
GENEVA_ADMIN,AQ$_ACTIONQUEUE46_L,GENEVA_ADMIN.AQ$_ACTIONQUEUE46_L
GENEVA_ADMIN,AQ$_ACTIONQUEUE46_S,GENEVA_ADMIN.AQ$_ACTIONQUEUE46_S
GENEVA_ADMIN,AQ$_ACTIONQUEUE46_T,GENEVA_ADMIN.AQ$_ACTIONQUEUE46_T
GENEVA_ADMIN,AQ$_ACTIONQUEUE47_G,GENEVA_ADMIN.AQ$_ACTIONQUEUE47_G
GENEVA_ADMIN,AQ$_ACTIONQUEUE47_H,GENEVA_ADMIN.AQ$_ACTIONQUEUE47_H
GENEVA_ADMIN,AQ$_ACTIONQUEUE47_I,GENEVA_ADMIN.AQ$_ACTIONQUEUE47_I
GENEVA_ADMIN,AQ$_ACTIONQUEUE47_L,GENEVA_ADMIN.AQ$_ACTIONQUEUE47_L
GENEVA_ADMIN,AQ$_ACTIONQUEUE47_S,GENEVA_ADMIN.AQ$_ACTIONQUEUE47_S
GENEVA_ADMIN,AQ$_ACTIONQUEUE47_T,GENEVA_ADMIN.AQ$_ACTIONQUEUE47_T
GENEVA_ADMIN,AQ$_ACTIONQUEUE48_G,GENEVA_ADMIN.AQ$_ACTIONQUEUE48_G
GENEVA_ADMIN,AQ$_ACTIONQUEUE48_H,GENEVA_ADMIN.AQ$_ACTIONQUEUE48_H
GENEVA_ADMIN,AQ$_ACTIONQUEUE48_I,GENEVA_ADMIN.AQ$_ACTIONQUEUE48_I
GENEVA_ADMIN,AQ$_ACTIONQUEUE48_L,GENEVA_ADMIN.AQ$_ACTIONQUEUE48_L
GENEVA_ADMIN,AQ$_ACTIONQUEUE48_S,GENEVA_ADMIN.AQ$_ACTIONQUEUE48_S
GENEVA_ADMIN,AQ$_ACTIONQUEUE48_T,GENEVA_ADMIN.AQ$_ACTIONQUEUE48_T
GENEVA_ADMIN,AQ$_ACTIONQUEUE49_G,GENEVA_ADMIN.AQ$_ACTIONQUEUE49_G
GENEVA_ADMIN,AQ$_ACTIONQUEUE49_H,GENEVA_ADMIN.AQ$_ACTIONQUEUE49_H
GENEVA_ADMIN,AQ$_ACTIONQUEUE49_I,GENEVA_ADMIN.AQ$_ACTIONQUEUE49_I
GENEVA_ADMIN,AQ$_ACTIONQUEUE49_L,GENEVA_ADMIN.AQ$_ACTIONQUEUE49_L
GENEVA_ADMIN,AQ$_ACTIONQUEUE49_S,GENEVA_ADMIN.AQ$_ACTIONQUEUE49_S
GENEVA_ADMIN,AQ$_ACTIONQUEUE49_T,GENEVA_ADMIN.AQ$_ACTIONQUEUE49_T
GENEVA_ADMIN,AQ$_ACTIONQUEUE4_G,GENEVA_ADMIN.AQ$_ACTIONQUEUE4_G
GENEVA_ADMIN,AQ$_ACTIONQUEUE4_H,GENEVA_ADMIN.AQ$_ACTIONQUEUE4_H
GENEVA_ADMIN,AQ$_ACTIONQUEUE4_I,GENEVA_ADMIN.AQ$_ACTIONQUEUE4_I
GENEVA_ADMIN,AQ$_ACTIONQUEUE4_L,GENEVA_ADMIN.AQ$_ACTIONQUEUE4_L
GENEVA_ADMIN,AQ$_ACTIONQUEUE4_S,GENEVA_ADMIN.AQ$_ACTIONQUEUE4_S
GENEVA_ADMIN,AQ$_ACTIONQUEUE4_T,GENEVA_ADMIN.AQ$_ACTIONQUEUE4_T
GENEVA_ADMIN,AQ$_ACTIONQUEUE50_G,GENEVA_ADMIN.AQ$_ACTIONQUEUE50_G
GENEVA_ADMIN,AQ$_ACTIONQUEUE50_H,GENEVA_ADMIN.AQ$_ACTIONQUEUE50_H
GENEVA_ADMIN,AQ$_ACTIONQUEUE50_I,GENEVA_ADMIN.AQ$_ACTIONQUEUE50_I
GENEVA_ADMIN,AQ$_ACTIONQUEUE50_L,GENEVA_ADMIN.AQ$_ACTIONQUEUE50_L
GENEVA_ADMIN,AQ$_ACTIONQUEUE50_S,GENEVA_ADMIN.AQ$_ACTIONQUEUE50_S
GENEVA_ADMIN,AQ$_ACTIONQUEUE50_T,GENEVA_ADMIN.AQ$_ACTIONQUEUE50_T
GENEVA_ADMIN,AQ$_ACTIONQUEUE51_G,GENEVA_ADMIN.AQ$_ACTIONQUEUE51_G
GENEVA_ADMIN,AQ$_ACTIONQUEUE51_H,GENEVA_ADMIN.AQ$_ACTIONQUEUE51_H
GENEVA_ADMIN,AQ$_ACTIONQUEUE51_I,GENEVA_ADMIN.AQ$_ACTIONQUEUE51_I
GENEVA_ADMIN,AQ$_ACTIONQUEUE51_L,GENEVA_ADMIN.AQ$_ACTIONQUEUE51_L
GENEVA_ADMIN,AQ$_ACTIONQUEUE51_S,GENEVA_ADMIN.AQ$_ACTIONQUEUE51_S
GENEVA_ADMIN,AQ$_ACTIONQUEUE51_T,GENEVA_ADMIN.AQ$_ACTIONQUEUE51_T
GENEVA_ADMIN,AQ$_ACTIONQUEUE52_G,GENEVA_ADMIN.AQ$_ACTIONQUEUE52_G
GENEVA_ADMIN,AQ$_ACTIONQUEUE52_H,GENEVA_ADMIN.AQ$_ACTIONQUEUE52_H
GENEVA_ADMIN,AQ$_ACTIONQUEUE52_I,GENEVA_ADMIN.AQ$_ACTIONQUEUE52_I
GENEVA_ADMIN,AQ$_ACTIONQUEUE52_L,GENEVA_ADMIN.AQ$_ACTIONQUEUE52_L
GENEVA_ADMIN,AQ$_ACTIONQUEUE52_S,GENEVA_ADMIN.AQ$_ACTIONQUEUE52_S
GENEVA_ADMIN,AQ$_ACTIONQUEUE52_T,GENEVA_ADMIN.AQ$_ACTIONQUEUE52_T
GENEVA_ADMIN,AQ$_ACTIONQUEUE53_G,GENEVA_ADMIN.AQ$_ACTIONQUEUE53_G
GENEVA_ADMIN,AQ$_ACTIONQUEUE53_H,GENEVA_ADMIN.AQ$_ACTIONQUEUE53_H
GENEVA_ADMIN,AQ$_ACTIONQUEUE53_I,GENEVA_ADMIN.AQ$_ACTIONQUEUE53_I
GENEVA_ADMIN,AQ$_ACTIONQUEUE53_L,GENEVA_ADMIN.AQ$_ACTIONQUEUE53_L
GENEVA_ADMIN,AQ$_ACTIONQUEUE53_S,GENEVA_ADMIN.AQ$_ACTIONQUEUE53_S
GENEVA_ADMIN,AQ$_ACTIONQUEUE53_T,GENEVA_ADMIN.AQ$_ACTIONQUEUE53_T
GENEVA_ADMIN,AQ$_ACTIONQUEUE54_G,GENEVA_ADMIN.AQ$_ACTIONQUEUE54_G
GENEVA_ADMIN,AQ$_ACTIONQUEUE54_H,GENEVA_ADMIN.AQ$_ACTIONQUEUE54_H
GENEVA_ADMIN,AQ$_ACTIONQUEUE54_I,GENEVA_ADMIN.AQ$_ACTIONQUEUE54_I
GENEVA_ADMIN,AQ$_ACTIONQUEUE54_L,GENEVA_ADMIN.AQ$_ACTIONQUEUE54_L
GENEVA_ADMIN,AQ$_ACTIONQUEUE54_S,GENEVA_ADMIN.AQ$_ACTIONQUEUE54_S
GENEVA_ADMIN,AQ$_ACTIONQUEUE54_T,GENEVA_ADMIN.AQ$_ACTIONQUEUE54_T
GENEVA_ADMIN,AQ$_ACTIONQUEUE55_G,GENEVA_ADMIN.AQ$_ACTIONQUEUE55_G
GENEVA_ADMIN,AQ$_ACTIONQUEUE55_H,GENEVA_ADMIN.AQ$_ACTIONQUEUE55_H
GENEVA_ADMIN,AQ$_ACTIONQUEUE55_I,GENEVA_ADMIN.AQ$_ACTIONQUEUE55_I
GENEVA_ADMIN,AQ$_ACTIONQUEUE55_L,GENEVA_ADMIN.AQ$_ACTIONQUEUE55_L
GENEVA_ADMIN,AQ$_ACTIONQUEUE55_S,GENEVA_ADMIN.AQ$_ACTIONQUEUE55_S
GENEVA_ADMIN,AQ$_ACTIONQUEUE55_T,GENEVA_ADMIN.AQ$_ACTIONQUEUE55_T
GENEVA_ADMIN,AQ$_ACTIONQUEUE56_G,GENEVA_ADMIN.AQ$_ACTIONQUEUE56_G
GENEVA_ADMIN,AQ$_ACTIONQUEUE56_H,GENEVA_ADMIN.AQ$_ACTIONQUEUE56_H
GENEVA_ADMIN,AQ$_ACTIONQUEUE56_I,GENEVA_ADMIN.AQ$_ACTIONQUEUE56_I
GENEVA_ADMIN,AQ$_ACTIONQUEUE56_L,GENEVA_ADMIN.AQ$_ACTIONQUEUE56_L
GENEVA_ADMIN,AQ$_ACTIONQUEUE56_S,GENEVA_ADMIN.AQ$_ACTIONQUEUE56_S
GENEVA_ADMIN,AQ$_ACTIONQUEUE56_T,GENEVA_ADMIN.AQ$_ACTIONQUEUE56_T
GENEVA_ADMIN,AQ$_ACTIONQUEUE57_G,GENEVA_ADMIN.AQ$_ACTIONQUEUE57_G
GENEVA_ADMIN,AQ$_ACTIONQUEUE57_H,GENEVA_ADMIN.AQ$_ACTIONQUEUE57_H
GENEVA_ADMIN,AQ$_ACTIONQUEUE57_I,GENEVA_ADMIN.AQ$_ACTIONQUEUE57_I
GENEVA_ADMIN,AQ$_ACTIONQUEUE57_L,GENEVA_ADMIN.AQ$_ACTIONQUEUE57_L
GENEVA_ADMIN,AQ$_ACTIONQUEUE57_S,GENEVA_ADMIN.AQ$_ACTIONQUEUE57_S
GENEVA_ADMIN,AQ$_ACTIONQUEUE57_T,GENEVA_ADMIN.AQ$_ACTIONQUEUE57_T
GENEVA_ADMIN,AQ$_ACTIONQUEUE58_G,GENEVA_ADMIN.AQ$_ACTIONQUEUE58_G
GENEVA_ADMIN,AQ$_ACTIONQUEUE58_H,GENEVA_ADMIN.AQ$_ACTIONQUEUE58_H
GENEVA_ADMIN,AQ$_ACTIONQUEUE58_I,GENEVA_ADMIN.AQ$_ACTIONQUEUE58_I
GENEVA_ADMIN,AQ$_ACTIONQUEUE58_L,GENEVA_ADMIN.AQ$_ACTIONQUEUE58_L
GENEVA_ADMIN,AQ$_ACTIONQUEUE58_S,GENEVA_ADMIN.AQ$_ACTIONQUEUE58_S
GENEVA_ADMIN,AQ$_ACTIONQUEUE58_T,GENEVA_ADMIN.AQ$_ACTIONQUEUE58_T
GENEVA_ADMIN,AQ$_ACTIONQUEUE59_G,GENEVA_ADMIN.AQ$_ACTIONQUEUE59_G
GENEVA_ADMIN,AQ$_ACTIONQUEUE59_H,GENEVA_ADMIN.AQ$_ACTIONQUEUE59_H
GENEVA_ADMIN,AQ$_ACTIONQUEUE59_I,GENEVA_ADMIN.AQ$_ACTIONQUEUE59_I
GENEVA_ADMIN,AQ$_ACTIONQUEUE59_L,GENEVA_ADMIN.AQ$_ACTIONQUEUE59_L
GENEVA_ADMIN,AQ$_ACTIONQUEUE59_S,GENEVA_ADMIN.AQ$_ACTIONQUEUE59_S
GENEVA_ADMIN,AQ$_ACTIONQUEUE59_T,GENEVA_ADMIN.AQ$_ACTIONQUEUE59_T
GENEVA_ADMIN,AQ$_ACTIONQUEUE5_G,GENEVA_ADMIN.AQ$_ACTIONQUEUE5_G
GENEVA_ADMIN,AQ$_ACTIONQUEUE5_H,GENEVA_ADMIN.AQ$_ACTIONQUEUE5_H
GENEVA_ADMIN,AQ$_ACTIONQUEUE5_I,GENEVA_ADMIN.AQ$_ACTIONQUEUE5_I
GENEVA_ADMIN,AQ$_ACTIONQUEUE5_L,GENEVA_ADMIN.AQ$_ACTIONQUEUE5_L
GENEVA_ADMIN,AQ$_ACTIONQUEUE5_S,GENEVA_ADMIN.AQ$_ACTIONQUEUE5_S
GENEVA_ADMIN,AQ$_ACTIONQUEUE5_T,GENEVA_ADMIN.AQ$_ACTIONQUEUE5_T
GENEVA_ADMIN,AQ$_ACTIONQUEUE60_G,GENEVA_ADMIN.AQ$_ACTIONQUEUE60_G
GENEVA_ADMIN,AQ$_ACTIONQUEUE60_H,GENEVA_ADMIN.AQ$_ACTIONQUEUE60_H
GENEVA_ADMIN,AQ$_ACTIONQUEUE60_I,GENEVA_ADMIN.AQ$_ACTIONQUEUE60_I
GENEVA_ADMIN,AQ$_ACTIONQUEUE60_L,GENEVA_ADMIN.AQ$_ACTIONQUEUE60_L
GENEVA_ADMIN,AQ$_ACTIONQUEUE60_S,GENEVA_ADMIN.AQ$_ACTIONQUEUE60_S
GENEVA_ADMIN,AQ$_ACTIONQUEUE60_T,GENEVA_ADMIN.AQ$_ACTIONQUEUE60_T
GENEVA_ADMIN,AQ$_ACTIONQUEUE6_G,GENEVA_ADMIN.AQ$_ACTIONQUEUE6_G
GENEVA_ADMIN,AQ$_ACTIONQUEUE6_H,GENEVA_ADMIN.AQ$_ACTIONQUEUE6_H
GENEVA_ADMIN,AQ$_ACTIONQUEUE6_I,GENEVA_ADMIN.AQ$_ACTIONQUEUE6_I
GENEVA_ADMIN,AQ$_ACTIONQUEUE6_L,GENEVA_ADMIN.AQ$_ACTIONQUEUE6_L
GENEVA_ADMIN,AQ$_ACTIONQUEUE6_S,GENEVA_ADMIN.AQ$_ACTIONQUEUE6_S
GENEVA_ADMIN,AQ$_ACTIONQUEUE6_T,GENEVA_ADMIN.AQ$_ACTIONQUEUE6_T
GENEVA_ADMIN,AQ$_ACTIONQUEUE7_G,GENEVA_ADMIN.AQ$_ACTIONQUEUE7_G
GENEVA_ADMIN,AQ$_ACTIONQUEUE7_H,GENEVA_ADMIN.AQ$_ACTIONQUEUE7_H
GENEVA_ADMIN,AQ$_ACTIONQUEUE7_I,GENEVA_ADMIN.AQ$_ACTIONQUEUE7_I
GENEVA_ADMIN,AQ$_ACTIONQUEUE7_L,GENEVA_ADMIN.AQ$_ACTIONQUEUE7_L
GENEVA_ADMIN,AQ$_ACTIONQUEUE7_S,GENEVA_ADMIN.AQ$_ACTIONQUEUE7_S
GENEVA_ADMIN,AQ$_ACTIONQUEUE7_T,GENEVA_ADMIN.AQ$_ACTIONQUEUE7_T
GENEVA_ADMIN,AQ$_ACTIONQUEUE8_G,GENEVA_ADMIN.AQ$_ACTIONQUEUE8_G
GENEVA_ADMIN,AQ$_ACTIONQUEUE8_H,GENEVA_ADMIN.AQ$_ACTIONQUEUE8_H
GENEVA_ADMIN,AQ$_ACTIONQUEUE8_I,GENEVA_ADMIN.AQ$_ACTIONQUEUE8_I
GENEVA_ADMIN,AQ$_ACTIONQUEUE8_L,GENEVA_ADMIN.AQ$_ACTIONQUEUE8_L
GENEVA_ADMIN,AQ$_ACTIONQUEUE8_S,GENEVA_ADMIN.AQ$_ACTIONQUEUE8_S
GENEVA_ADMIN,AQ$_ACTIONQUEUE8_T,GENEVA_ADMIN.AQ$_ACTIONQUEUE8_T
GENEVA_ADMIN,AQ$_ACTIONQUEUE9_G,GENEVA_ADMIN.AQ$_ACTIONQUEUE9_G
GENEVA_ADMIN,AQ$_ACTIONQUEUE9_H,GENEVA_ADMIN.AQ$_ACTIONQUEUE9_H
GENEVA_ADMIN,AQ$_ACTIONQUEUE9_I,GENEVA_ADMIN.AQ$_ACTIONQUEUE9_I
GENEVA_ADMIN,AQ$_ACTIONQUEUE9_L,GENEVA_ADMIN.AQ$_ACTIONQUEUE9_L
GENEVA_ADMIN,AQ$_ACTIONQUEUE9_S,GENEVA_ADMIN.AQ$_ACTIONQUEUE9_S
GENEVA_ADMIN,AQ$_ACTIONQUEUE9_T,GENEVA_ADMIN.AQ$_ACTIONQUEUE9_T
GENEVA_ADMIN,AQ$_COLLECTIONQUEUE10_G,GENEVA_ADMIN.AQ$_COLLECTIONQUEUE10_G
GENEVA_ADMIN,AQ$_COLLECTIONQUEUE10_H,GENEVA_ADMIN.AQ$_COLLECTIONQUEUE10_H
GENEVA_ADMIN,AQ$_COLLECTIONQUEUE10_I,GENEVA_ADMIN.AQ$_COLLECTIONQUEUE10_I
GENEVA_ADMIN,AQ$_COLLECTIONQUEUE10_L,GENEVA_ADMIN.AQ$_COLLECTIONQUEUE10_L
GENEVA_ADMIN,AQ$_COLLECTIONQUEUE10_S,GENEVA_ADMIN.AQ$_COLLECTIONQUEUE10_S
GENEVA_ADMIN,AQ$_COLLECTIONQUEUE10_T,GENEVA_ADMIN.AQ$_COLLECTIONQUEUE10_T
GENEVA_ADMIN,AQ$_COLLECTIONQUEUE11_G,GENEVA_ADMIN.AQ$_COLLECTIONQUEUE11_G
GENEVA_ADMIN,AQ$_COLLECTIONQUEUE11_H,GENEVA_ADMIN.AQ$_COLLECTIONQUEUE11_H
GENEVA_ADMIN,AQ$_COLLECTIONQUEUE11_I,GENEVA_ADMIN.AQ$_COLLECTIONQUEUE11_I
GENEVA_ADMIN,AQ$_COLLECTIONQUEUE11_L,GENEVA_ADMIN.AQ$_COLLECTIONQUEUE11_L
GENEVA_ADMIN,AQ$_COLLECTIONQUEUE11_S,GENEVA_ADMIN.AQ$_COLLECTIONQUEUE11_S
GENEVA_ADMIN,AQ$_COLLECTIONQUEUE11_T,GENEVA_ADMIN.AQ$_COLLECTIONQUEUE11_T
GENEVA_ADMIN,AQ$_COLLECTIONQUEUE12_G,GENEVA_ADMIN.AQ$_COLLECTIONQUEUE12_G
GENEVA_ADMIN,AQ$_COLLECTIONQUEUE12_H,GENEVA_ADMIN.AQ$_COLLECTIONQUEUE12_H
GENEVA_ADMIN,AQ$_COLLECTIONQUEUE12_I,GENEVA_ADMIN.AQ$_COLLECTIONQUEUE12_I
GENEVA_ADMIN,AQ$_COLLECTIONQUEUE12_L,GENEVA_ADMIN.AQ$_COLLECTIONQUEUE12_L
GENEVA_ADMIN,AQ$_COLLECTIONQUEUE12_S,GENEVA_ADMIN.AQ$_COLLECTIONQUEUE12_S
GENEVA_ADMIN,AQ$_COLLECTIONQUEUE12_T,GENEVA_ADMIN.AQ$_COLLECTIONQUEUE12_T
GENEVA_ADMIN,AQ$_COLLECTIONQUEUE13_G,GENEVA_ADMIN.AQ$_COLLECTIONQUEUE13_G
GENEVA_ADMIN,AQ$_COLLECTIONQUEUE13_H,GENEVA_ADMIN.AQ$_COLLECTIONQUEUE13_H
GENEVA_ADMIN,AQ$_COLLECTIONQUEUE13_I,GENEVA_ADMIN.AQ$_COLLECTIONQUEUE13_I
GENEVA_ADMIN,AQ$_COLLECTIONQUEUE13_L,GENEVA_ADMIN.AQ$_COLLECTIONQUEUE13_L
GENEVA_ADMIN,AQ$_COLLECTIONQUEUE13_S,GENEVA_ADMIN.AQ$_COLLECTIONQUEUE13_S
GENEVA_ADMIN,AQ$_COLLECTIONQUEUE13_T,GENEVA_ADMIN.AQ$_COLLECTIONQUEUE13_T
GENEVA_ADMIN,AQ$_COLLECTIONQUEUE14_G,GENEVA_ADMIN.AQ$_COLLECTIONQUEUE14_G
GENEVA_ADMIN,AQ$_COLLECTIONQUEUE14_H,GENEVA_ADMIN.AQ$_COLLECTIONQUEUE14_H
GENEVA_ADMIN,AQ$_COLLECTIONQUEUE14_I,GENEVA_ADMIN.AQ$_COLLECTIONQUEUE14_I
GENEVA_ADMIN,AQ$_COLLECTIONQUEUE14_L,GENEVA_ADMIN.AQ$_COLLECTIONQUEUE14_L
GENEVA_ADMIN,AQ$_COLLECTIONQUEUE14_S,GENEVA_ADMIN.AQ$_COLLECTIONQUEUE14_S
GENEVA_ADMIN,AQ$_COLLECTIONQUEUE14_T,GENEVA_ADMIN.AQ$_COLLECTIONQUEUE14_T
GENEVA_ADMIN,AQ$_COLLECTIONQUEUE15_G,GENEVA_ADMIN.AQ$_COLLECTIONQUEUE15_G
GENEVA_ADMIN,AQ$_COLLECTIONQUEUE15_H,GENEVA_ADMIN.AQ$_COLLECTIONQUEUE15_H
GENEVA_ADMIN,AQ$_COLLECTIONQUEUE15_I,GENEVA_ADMIN.AQ$_COLLECTIONQUEUE15_I
GENEVA_ADMIN,AQ$_COLLECTIONQUEUE15_L,GENEVA_ADMIN.AQ$_COLLECTIONQUEUE15_L
GENEVA_ADMIN,AQ$_COLLECTIONQUEUE15_S,GENEVA_ADMIN.AQ$_COLLECTIONQUEUE15_S
GENEVA_ADMIN,AQ$_COLLECTIONQUEUE15_T,GENEVA_ADMIN.AQ$_COLLECTIONQUEUE15_T
GENEVA_ADMIN,AQ$_COLLECTIONQUEUE16_G,GENEVA_ADMIN.AQ$_COLLECTIONQUEUE16_G
GENEVA_ADMIN,AQ$_COLLECTIONQUEUE16_H,GENEVA_ADMIN.AQ$_COLLECTIONQUEUE16_H
GENEVA_ADMIN,AQ$_COLLECTIONQUEUE16_I,GENEVA_ADMIN.AQ$_COLLECTIONQUEUE16_I
GENEVA_ADMIN,AQ$_COLLECTIONQUEUE16_L,GENEVA_ADMIN.AQ$_COLLECTIONQUEUE16_L
GENEVA_ADMIN,AQ$_COLLECTIONQUEUE16_S,GENEVA_ADMIN.AQ$_COLLECTIONQUEUE16_S
GENEVA_ADMIN,AQ$_COLLECTIONQUEUE16_T,GENEVA_ADMIN.AQ$_COLLECTIONQUEUE16_T
GENEVA_ADMIN,AQ$_COLLECTIONQUEUE17_G,GENEVA_ADMIN.AQ$_COLLECTIONQUEUE17_G
GENEVA_ADMIN,AQ$_COLLECTIONQUEUE17_H,GENEVA_ADMIN.AQ$_COLLECTIONQUEUE17_H
GENEVA_ADMIN,AQ$_COLLECTIONQUEUE17_I,GENEVA_ADMIN.AQ$_COLLECTIONQUEUE17_I
GENEVA_ADMIN,AQ$_COLLECTIONQUEUE17_L,GENEVA_ADMIN.AQ$_COLLECTIONQUEUE17_L
GENEVA_ADMIN,AQ$_COLLECTIONQUEUE17_S,GENEVA_ADMIN.AQ$_COLLECTIONQUEUE17_S
GENEVA_ADMIN,AQ$_COLLECTIONQUEUE17_T,GENEVA_ADMIN.AQ$_COLLECTIONQUEUE17_T
GENEVA_ADMIN,AQ$_COLLECTIONQUEUE18_G,GENEVA_ADMIN.AQ$_COLLECTIONQUEUE18_G
GENEVA_ADMIN,AQ$_COLLECTIONQUEUE18_H,GENEVA_ADMIN.AQ$_COLLECTIONQUEUE18_H
GENEVA_ADMIN,AQ$_COLLECTIONQUEUE18_I,GENEVA_ADMIN.AQ$_COLLECTIONQUEUE18_I
GENEVA_ADMIN,AQ$_COLLECTIONQUEUE18_L,GENEVA_ADMIN.AQ$_COLLECTIONQUEUE18_L
GENEVA_ADMIN,AQ$_COLLECTIONQUEUE18_S,GENEVA_ADMIN.AQ$_COLLECTIONQUEUE18_S
GENEVA_ADMIN,AQ$_COLLECTIONQUEUE18_T,GENEVA_ADMIN.AQ$_COLLECTIONQUEUE18_T
GENEVA_ADMIN,AQ$_COLLECTIONQUEUE19_G,GENEVA_ADMIN.AQ$_COLLECTIONQUEUE19_G
GENEVA_ADMIN,AQ$_COLLECTIONQUEUE19_H,GENEVA_ADMIN.AQ$_COLLECTIONQUEUE19_H
GENEVA_ADMIN,AQ$_COLLECTIONQUEUE19_I,GENEVA_ADMIN.AQ$_COLLECTIONQUEUE19_I
GENEVA_ADMIN,AQ$_COLLECTIONQUEUE19_L,GENEVA_ADMIN.AQ$_COLLECTIONQUEUE19_L
GENEVA_ADMIN,AQ$_COLLECTIONQUEUE19_S,GENEVA_ADMIN.AQ$_COLLECTIONQUEUE19_S
GENEVA_ADMIN,AQ$_COLLECTIONQUEUE19_T,GENEVA_ADMIN.AQ$_COLLECTIONQUEUE19_T
GENEVA_ADMIN,AQ$_COLLECTIONQUEUE1_G,GENEVA_ADMIN.AQ$_COLLECTIONQUEUE1_G
GENEVA_ADMIN,AQ$_COLLECTIONQUEUE1_H,GENEVA_ADMIN.AQ$_COLLECTIONQUEUE1_H
GENEVA_ADMIN,AQ$_COLLECTIONQUEUE1_I,GENEVA_ADMIN.AQ$_COLLECTIONQUEUE1_I
GENEVA_ADMIN,AQ$_COLLECTIONQUEUE1_L,GENEVA_ADMIN.AQ$_COLLECTIONQUEUE1_L
GENEVA_ADMIN,AQ$_COLLECTIONQUEUE1_S,GENEVA_ADMIN.AQ$_COLLECTIONQUEUE1_S
GENEVA_ADMIN,AQ$_COLLECTIONQUEUE1_T,GENEVA_ADMIN.AQ$_COLLECTIONQUEUE1_T
GENEVA_ADMIN,AQ$_COLLECTIONQUEUE20_G,GENEVA_ADMIN.AQ$_COLLECTIONQUEUE20_G
GENEVA_ADMIN,AQ$_COLLECTIONQUEUE20_H,GENEVA_ADMIN.AQ$_COLLECTIONQUEUE20_H
GENEVA_ADMIN,AQ$_COLLECTIONQUEUE20_I,GENEVA_ADMIN.AQ$_COLLECTIONQUEUE20_I
GENEVA_ADMIN,AQ$_COLLECTIONQUEUE20_L,GENEVA_ADMIN.AQ$_COLLECTIONQUEUE20_L
GENEVA_ADMIN,AQ$_COLLECTIONQUEUE20_S,GENEVA_ADMIN.AQ$_COLLECTIONQUEUE20_S
GENEVA_ADMIN,AQ$_COLLECTIONQUEUE20_T,GENEVA_ADMIN.AQ$_COLLECTIONQUEUE20_T
GENEVA_ADMIN,AQ$_COLLECTIONQUEUE21_G,GENEVA_ADMIN.AQ$_COLLECTIONQUEUE21_G
GENEVA_ADMIN,AQ$_COLLECTIONQUEUE21_H,GENEVA_ADMIN.AQ$_COLLECTIONQUEUE21_H
GENEVA_ADMIN,AQ$_COLLECTIONQUEUE21_I,GENEVA_ADMIN.AQ$_COLLECTIONQUEUE21_I
GENEVA_ADMIN,AQ$_COLLECTIONQUEUE21_L,GENEVA_ADMIN.AQ$_COLLECTIONQUEUE21_L
GENEVA_ADMIN,AQ$_COLLECTIONQUEUE21_S,GENEVA_ADMIN.AQ$_COLLECTIONQUEUE21_S
GENEVA_ADMIN,AQ$_COLLECTIONQUEUE21_T,GENEVA_ADMIN.AQ$_COLLECTIONQUEUE21_T
GENEVA_ADMIN,AQ$_COLLECTIONQUEUE22_G,GENEVA_ADMIN.AQ$_COLLECTIONQUEUE22_G
GENEVA_ADMIN,AQ$_COLLECTIONQUEUE22_H,GENEVA_ADMIN.AQ$_COLLECTIONQUEUE22_H
GENEVA_ADMIN,AQ$_COLLECTIONQUEUE22_I,GENEVA_ADMIN.AQ$_COLLECTIONQUEUE22_I
GENEVA_ADMIN,AQ$_COLLECTIONQUEUE22_L,GENEVA_ADMIN.AQ$_COLLECTIONQUEUE22_L
GENEVA_ADMIN,AQ$_COLLECTIONQUEUE22_S,GENEVA_ADMIN.AQ$_COLLECTIONQUEUE22_S
GENEVA_ADMIN,AQ$_COLLECTIONQUEUE22_T,GENEVA_ADMIN.AQ$_COLLECTIONQUEUE22_T
GENEVA_ADMIN,AQ$_COLLECTIONQUEUE23_G,GENEVA_ADMIN.AQ$_COLLECTIONQUEUE23_G
GENEVA_ADMIN,AQ$_COLLECTIONQUEUE23_H,GENEVA_ADMIN.AQ$_COLLECTIONQUEUE23_H
GENEVA_ADMIN,AQ$_COLLECTIONQUEUE23_I,GENEVA_ADMIN.AQ$_COLLECTIONQUEUE23_I
GENEVA_ADMIN,AQ$_COLLECTIONQUEUE23_L,GENEVA_ADMIN.AQ$_COLLECTIONQUEUE23_L
GENEVA_ADMIN,AQ$_COLLECTIONQUEUE23_S,GENEVA_ADMIN.AQ$_COLLECTIONQUEUE23_S
GENEVA_ADMIN,AQ$_COLLECTIONQUEUE23_T,GENEVA_ADMIN.AQ$_COLLECTIONQUEUE23_T
GENEVA_ADMIN,AQ$_COLLECTIONQUEUE24_G,GENEVA_ADMIN.AQ$_COLLECTIONQUEUE24_G
GENEVA_ADMIN,AQ$_COLLECTIONQUEUE24_H,GENEVA_ADMIN.AQ$_COLLECTIONQUEUE24_H
GENEVA_ADMIN,AQ$_COLLECTIONQUEUE24_I,GENEVA_ADMIN.AQ$_COLLECTIONQUEUE24_I
GENEVA_ADMIN,AQ$_COLLECTIONQUEUE24_L,GENEVA_ADMIN.AQ$_COLLECTIONQUEUE24_L
GENEVA_ADMIN,AQ$_COLLECTIONQUEUE24_S,GENEVA_ADMIN.AQ$_COLLECTIONQUEUE24_S
GENEVA_ADMIN,AQ$_COLLECTIONQUEUE24_T,GENEVA_ADMIN.AQ$_COLLECTIONQUEUE24_T
GENEVA_ADMIN,AQ$_COLLECTIONQUEUE25_G,GENEVA_ADMIN.AQ$_COLLECTIONQUEUE25_G
GENEVA_ADMIN,AQ$_COLLECTIONQUEUE25_H,GENEVA_ADMIN.AQ$_COLLECTIONQUEUE25_H
GENEVA_ADMIN,AQ$_COLLECTIONQUEUE25_I,GENEVA_ADMIN.AQ$_COLLECTIONQUEUE25_I
GENEVA_ADMIN,AQ$_COLLECTIONQUEUE25_L,GENEVA_ADMIN.AQ$_COLLECTIONQUEUE25_L
GENEVA_ADMIN,AQ$_COLLECTIONQUEUE25_S,GENEVA_ADMIN.AQ$_COLLECTIONQUEUE25_S
GENEVA_ADMIN,AQ$_COLLECTIONQUEUE25_T,GENEVA_ADMIN.AQ$_COLLECTIONQUEUE25_T
GENEVA_ADMIN,AQ$_COLLECTIONQUEUE26_G,GENEVA_ADMIN.AQ$_COLLECTIONQUEUE26_G
GENEVA_ADMIN,AQ$_COLLECTIONQUEUE26_H,GENEVA_ADMIN.AQ$_COLLECTIONQUEUE26_H
GENEVA_ADMIN,AQ$_COLLECTIONQUEUE26_I,GENEVA_ADMIN.AQ$_COLLECTIONQUEUE26_I
GENEVA_ADMIN,AQ$_COLLECTIONQUEUE26_L,GENEVA_ADMIN.AQ$_COLLECTIONQUEUE26_L
GENEVA_ADMIN,AQ$_COLLECTIONQUEUE26_S,GENEVA_ADMIN.AQ$_COLLECTIONQUEUE26_S
GENEVA_ADMIN,AQ$_COLLECTIONQUEUE26_T,GENEVA_ADMIN.AQ$_COLLECTIONQUEUE26_T
GENEVA_ADMIN,AQ$_COLLECTIONQUEUE27_G,GENEVA_ADMIN.AQ$_COLLECTIONQUEUE27_G
GENEVA_ADMIN,AQ$_COLLECTIONQUEUE27_H,GENEVA_ADMIN.AQ$_COLLECTIONQUEUE27_H
GENEVA_ADMIN,AQ$_COLLECTIONQUEUE27_I,GENEVA_ADMIN.AQ$_COLLECTIONQUEUE27_I
GENEVA_ADMIN,AQ$_COLLECTIONQUEUE27_L,GENEVA_ADMIN.AQ$_COLLECTIONQUEUE27_L
GENEVA_ADMIN,AQ$_COLLECTIONQUEUE27_S,GENEVA_ADMIN.AQ$_COLLECTIONQUEUE27_S
GENEVA_ADMIN,AQ$_COLLECTIONQUEUE27_T,GENEVA_ADMIN.AQ$_COLLECTIONQUEUE27_T
GENEVA_ADMIN,AQ$_COLLECTIONQUEUE28_G,GENEVA_ADMIN.AQ$_COLLECTIONQUEUE28_G
GENEVA_ADMIN,AQ$_COLLECTIONQUEUE28_H,GENEVA_ADMIN.AQ$_COLLECTIONQUEUE28_H
GENEVA_ADMIN,AQ$_COLLECTIONQUEUE28_I,GENEVA_ADMIN.AQ$_COLLECTIONQUEUE28_I
GENEVA_ADMIN,AQ$_COLLECTIONQUEUE28_L,GENEVA_ADMIN.AQ$_COLLECTIONQUEUE28_L
GENEVA_ADMIN,AQ$_COLLECTIONQUEUE28_S,GENEVA_ADMIN.AQ$_COLLECTIONQUEUE28_S
GENEVA_ADMIN,AQ$_COLLECTIONQUEUE28_T,GENEVA_ADMIN.AQ$_COLLECTIONQUEUE28_T
GENEVA_ADMIN,AQ$_COLLECTIONQUEUE29_G,GENEVA_ADMIN.AQ$_COLLECTIONQUEUE29_G
GENEVA_ADMIN,AQ$_COLLECTIONQUEUE29_H,GENEVA_ADMIN.AQ$_COLLECTIONQUEUE29_H
GENEVA_ADMIN,AQ$_COLLECTIONQUEUE29_I,GENEVA_ADMIN.AQ$_COLLECTIONQUEUE29_I
GENEVA_ADMIN,AQ$_COLLECTIONQUEUE29_L,GENEVA_ADMIN.AQ$_COLLECTIONQUEUE29_L
GENEVA_ADMIN,AQ$_COLLECTIONQUEUE29_S,GENEVA_ADMIN.AQ$_COLLECTIONQUEUE29_S
GENEVA_ADMIN,AQ$_COLLECTIONQUEUE29_T,GENEVA_ADMIN.AQ$_COLLECTIONQUEUE29_T
GENEVA_ADMIN,AQ$_COLLECTIONQUEUE2_G,GENEVA_ADMIN.AQ$_COLLECTIONQUEUE2_G
GENEVA_ADMIN,AQ$_COLLECTIONQUEUE2_H,GENEVA_ADMIN.AQ$_COLLECTIONQUEUE2_H
GENEVA_ADMIN,AQ$_COLLECTIONQUEUE2_I,GENEVA_ADMIN.AQ$_COLLECTIONQUEUE2_I
GENEVA_ADMIN,AQ$_COLLECTIONQUEUE2_L,GENEVA_ADMIN.AQ$_COLLECTIONQUEUE2_L
GENEVA_ADMIN,AQ$_COLLECTIONQUEUE2_S,GENEVA_ADMIN.AQ$_COLLECTIONQUEUE2_S
GENEVA_ADMIN,AQ$_COLLECTIONQUEUE2_T,GENEVA_ADMIN.AQ$_COLLECTIONQUEUE2_T
GENEVA_ADMIN,AQ$_COLLECTIONQUEUE30_G,GENEVA_ADMIN.AQ$_COLLECTIONQUEUE30_G
GENEVA_ADMIN,AQ$_COLLECTIONQUEUE30_H,GENEVA_ADMIN.AQ$_COLLECTIONQUEUE30_H
GENEVA_ADMIN,AQ$_COLLECTIONQUEUE30_I,GENEVA_ADMIN.AQ$_COLLECTIONQUEUE30_I
GENEVA_ADMIN,AQ$_COLLECTIONQUEUE30_L,GENEVA_ADMIN.AQ$_COLLECTIONQUEUE30_L
GENEVA_ADMIN,AQ$_COLLECTIONQUEUE30_S,GENEVA_ADMIN.AQ$_COLLECTIONQUEUE30_S
GENEVA_ADMIN,AQ$_COLLECTIONQUEUE30_T,GENEVA_ADMIN.AQ$_COLLECTIONQUEUE30_T
GENEVA_ADMIN,AQ$_COLLECTIONQUEUE31_G,GENEVA_ADMIN.AQ$_COLLECTIONQUEUE31_G
GENEVA_ADMIN,AQ$_COLLECTIONQUEUE31_H,GENEVA_ADMIN.AQ$_COLLECTIONQUEUE31_H
GENEVA_ADMIN,AQ$_COLLECTIONQUEUE31_I,GENEVA_ADMIN.AQ$_COLLECTIONQUEUE31_I
GENEVA_ADMIN,AQ$_COLLECTIONQUEUE31_L,GENEVA_ADMIN.AQ$_COLLECTIONQUEUE31_L
GENEVA_ADMIN,AQ$_COLLECTIONQUEUE31_S,GENEVA_ADMIN.AQ$_COLLECTIONQUEUE31_S
GENEVA_ADMIN,AQ$_COLLECTIONQUEUE31_T,GENEVA_ADMIN.AQ$_COLLECTIONQUEUE31_T
GENEVA_ADMIN,AQ$_COLLECTIONQUEUE32_G,GENEVA_ADMIN.AQ$_COLLECTIONQUEUE32_G
GENEVA_ADMIN,AQ$_COLLECTIONQUEUE32_H,GENEVA_ADMIN.AQ$_COLLECTIONQUEUE32_H
GENEVA_ADMIN,AQ$_COLLECTIONQUEUE32_I,GENEVA_ADMIN.AQ$_COLLECTIONQUEUE32_I
GENEVA_ADMIN,AQ$_COLLECTIONQUEUE32_L,GENEVA_ADMIN.AQ$_COLLECTIONQUEUE32_L
GENEVA_ADMIN,AQ$_COLLECTIONQUEUE32_S,GENEVA_ADMIN.AQ$_COLLECTIONQUEUE32_S
GENEVA_ADMIN,AQ$_COLLECTIONQUEUE32_T,GENEVA_ADMIN.AQ$_COLLECTIONQUEUE32_T
GENEVA_ADMIN,AQ$_COLLECTIONQUEUE33_G,GENEVA_ADMIN.AQ$_COLLECTIONQUEUE33_G
GENEVA_ADMIN,AQ$_COLLECTIONQUEUE33_H,GENEVA_ADMIN.AQ$_COLLECTIONQUEUE33_H
GENEVA_ADMIN,AQ$_COLLECTIONQUEUE33_I,GENEVA_ADMIN.AQ$_COLLECTIONQUEUE33_I
GENEVA_ADMIN,AQ$_COLLECTIONQUEUE33_L,GENEVA_ADMIN.AQ$_COLLECTIONQUEUE33_L
GENEVA_ADMIN,AQ$_COLLECTIONQUEUE33_S,GENEVA_ADMIN.AQ$_COLLECTIONQUEUE33_S
GENEVA_ADMIN,AQ$_COLLECTIONQUEUE33_T,GENEVA_ADMIN.AQ$_COLLECTIONQUEUE33_T
GENEVA_ADMIN,AQ$_COLLECTIONQUEUE34_G,GENEVA_ADMIN.AQ$_COLLECTIONQUEUE34_G
GENEVA_ADMIN,AQ$_COLLECTIONQUEUE34_H,GENEVA_ADMIN.AQ$_COLLECTIONQUEUE34_H
GENEVA_ADMIN,AQ$_COLLECTIONQUEUE34_I,GENEVA_ADMIN.AQ$_COLLECTIONQUEUE34_I
GENEVA_ADMIN,AQ$_COLLECTIONQUEUE34_L,GENEVA_ADMIN.AQ$_COLLECTIONQUEUE34_L
GENEVA_ADMIN,AQ$_COLLECTIONQUEUE34_S,GENEVA_ADMIN.AQ$_COLLECTIONQUEUE34_S
GENEVA_ADMIN,AQ$_COLLECTIONQUEUE34_T,GENEVA_ADMIN.AQ$_COLLECTIONQUEUE34_T
GENEVA_ADMIN,AQ$_COLLECTIONQUEUE35_G,GENEVA_ADMIN.AQ$_COLLECTIONQUEUE35_G
GENEVA_ADMIN,AQ$_COLLECTIONQUEUE35_H,GENEVA_ADMIN.AQ$_COLLECTIONQUEUE35_H
GENEVA_ADMIN,AQ$_COLLECTIONQUEUE35_I,GENEVA_ADMIN.AQ$_COLLECTIONQUEUE35_I
GENEVA_ADMIN,AQ$_COLLECTIONQUEUE35_L,GENEVA_ADMIN.AQ$_COLLECTIONQUEUE35_L
GENEVA_ADMIN,AQ$_COLLECTIONQUEUE35_S,GENEVA_ADMIN.AQ$_COLLECTIONQUEUE35_S
GENEVA_ADMIN,AQ$_COLLECTIONQUEUE35_T,GENEVA_ADMIN.AQ$_COLLECTIONQUEUE35_T
GENEVA_ADMIN,AQ$_COLLECTIONQUEUE36_G,GENEVA_ADMIN.AQ$_COLLECTIONQUEUE36_G
GENEVA_ADMIN,AQ$_COLLECTIONQUEUE36_H,GENEVA_ADMIN.AQ$_COLLECTIONQUEUE36_H
GENEVA_ADMIN,AQ$_COLLECTIONQUEUE36_I,GENEVA_ADMIN.AQ$_COLLECTIONQUEUE36_I
GENEVA_ADMIN,AQ$_COLLECTIONQUEUE36_L,GENEVA_ADMIN.AQ$_COLLECTIONQUEUE36_L
GENEVA_ADMIN,AQ$_COLLECTIONQUEUE36_S,GENEVA_ADMIN.AQ$_COLLECTIONQUEUE36_S
GENEVA_ADMIN,AQ$_COLLECTIONQUEUE36_T,GENEVA_ADMIN.AQ$_COLLECTIONQUEUE36_T
GENEVA_ADMIN,AQ$_COLLECTIONQUEUE37_G,GENEVA_ADMIN.AQ$_COLLECTIONQUEUE37_G
GENEVA_ADMIN,AQ$_COLLECTIONQUEUE37_H,GENEVA_ADMIN.AQ$_COLLECTIONQUEUE37_H
GENEVA_ADMIN,AQ$_COLLECTIONQUEUE37_I,GENEVA_ADMIN.AQ$_COLLECTIONQUEUE37_I
GENEVA_ADMIN,AQ$_COLLECTIONQUEUE37_L,GENEVA_ADMIN.AQ$_COLLECTIONQUEUE37_L
GENEVA_ADMIN,AQ$_COLLECTIONQUEUE37_S,GENEVA_ADMIN.AQ$_COLLECTIONQUEUE37_S
GENEVA_ADMIN,AQ$_COLLECTIONQUEUE37_T,GENEVA_ADMIN.AQ$_COLLECTIONQUEUE37_T
GENEVA_ADMIN,AQ$_COLLECTIONQUEUE38_G,GENEVA_ADMIN.AQ$_COLLECTIONQUEUE38_G
GENEVA_ADMIN,AQ$_COLLECTIONQUEUE38_H,GENEVA_ADMIN.AQ$_COLLECTIONQUEUE38_H
GENEVA_ADMIN,AQ$_COLLECTIONQUEUE38_I,GENEVA_ADMIN.AQ$_COLLECTIONQUEUE38_I
GENEVA_ADMIN,AQ$_COLLECTIONQUEUE38_L,GENEVA_ADMIN.AQ$_COLLECTIONQUEUE38_L
GENEVA_ADMIN,AQ$_COLLECTIONQUEUE38_S,GENEVA_ADMIN.AQ$_COLLECTIONQUEUE38_S
GENEVA_ADMIN,AQ$_COLLECTIONQUEUE38_T,GENEVA_ADMIN.AQ$_COLLECTIONQUEUE38_T
GENEVA_ADMIN,AQ$_COLLECTIONQUEUE39_G,GENEVA_ADMIN.AQ$_COLLECTIONQUEUE39_G
GENEVA_ADMIN,AQ$_COLLECTIONQUEUE39_H,GENEVA_ADMIN.AQ$_COLLECTIONQUEUE39_H
GENEVA_ADMIN,AQ$_COLLECTIONQUEUE39_I,GENEVA_ADMIN.AQ$_COLLECTIONQUEUE39_I
GENEVA_ADMIN,AQ$_COLLECTIONQUEUE39_L,GENEVA_ADMIN.AQ$_COLLECTIONQUEUE39_L
GENEVA_ADMIN,AQ$_COLLECTIONQUEUE39_S,GENEVA_ADMIN.AQ$_COLLECTIONQUEUE39_S
GENEVA_ADMIN,AQ$_COLLECTIONQUEUE39_T,GENEVA_ADMIN.AQ$_COLLECTIONQUEUE39_T
GENEVA_ADMIN,AQ$_COLLECTIONQUEUE3_G,GENEVA_ADMIN.AQ$_COLLECTIONQUEUE3_G
GENEVA_ADMIN,AQ$_COLLECTIONQUEUE3_H,GENEVA_ADMIN.AQ$_COLLECTIONQUEUE3_H
GENEVA_ADMIN,AQ$_COLLECTIONQUEUE3_I,GENEVA_ADMIN.AQ$_COLLECTIONQUEUE3_I
GENEVA_ADMIN,AQ$_COLLECTIONQUEUE3_L,GENEVA_ADMIN.AQ$_COLLECTIONQUEUE3_L
GENEVA_ADMIN,AQ$_COLLECTIONQUEUE3_S,GENEVA_ADMIN.AQ$_COLLECTIONQUEUE3_S
GENEVA_ADMIN,AQ$_COLLECTIONQUEUE3_T,GENEVA_ADMIN.AQ$_COLLECTIONQUEUE3_T
GENEVA_ADMIN,AQ$_COLLECTIONQUEUE40_G,GENEVA_ADMIN.AQ$_COLLECTIONQUEUE40_G
GENEVA_ADMIN,AQ$_COLLECTIONQUEUE40_H,GENEVA_ADMIN.AQ$_COLLECTIONQUEUE40_H
GENEVA_ADMIN,AQ$_COLLECTIONQUEUE40_I,GENEVA_ADMIN.AQ$_COLLECTIONQUEUE40_I
GENEVA_ADMIN,AQ$_COLLECTIONQUEUE40_L,GENEVA_ADMIN.AQ$_COLLECTIONQUEUE40_L
GENEVA_ADMIN,AQ$_COLLECTIONQUEUE40_S,GENEVA_ADMIN.AQ$_COLLECTIONQUEUE40_S
GENEVA_ADMIN,AQ$_COLLECTIONQUEUE40_T,GENEVA_ADMIN.AQ$_COLLECTIONQUEUE40_T
GENEVA_ADMIN,AQ$_COLLECTIONQUEUE41_G,GENEVA_ADMIN.AQ$_COLLECTIONQUEUE41_G
GENEVA_ADMIN,AQ$_COLLECTIONQUEUE41_H,GENEVA_ADMIN.AQ$_COLLECTIONQUEUE41_H
GENEVA_ADMIN,AQ$_COLLECTIONQUEUE41_I,GENEVA_ADMIN.AQ$_COLLECTIONQUEUE41_I
GENEVA_ADMIN,AQ$_COLLECTIONQUEUE41_L,GENEVA_ADMIN.AQ$_COLLECTIONQUEUE41_L
GENEVA_ADMIN,AQ$_COLLECTIONQUEUE41_S,GENEVA_ADMIN.AQ$_COLLECTIONQUEUE41_S
GENEVA_ADMIN,AQ$_COLLECTIONQUEUE41_T,GENEVA_ADMIN.AQ$_COLLECTIONQUEUE41_T
GENEVA_ADMIN,AQ$_COLLECTIONQUEUE42_G,GENEVA_ADMIN.AQ$_COLLECTIONQUEUE42_G
GENEVA_ADMIN,AQ$_COLLECTIONQUEUE42_H,GENEVA_ADMIN.AQ$_COLLECTIONQUEUE42_H
GENEVA_ADMIN,AQ$_COLLECTIONQUEUE42_I,GENEVA_ADMIN.AQ$_COLLECTIONQUEUE42_I
GENEVA_ADMIN,AQ$_COLLECTIONQUEUE42_L,GENEVA_ADMIN.AQ$_COLLECTIONQUEUE42_L
GENEVA_ADMIN,AQ$_COLLECTIONQUEUE42_S,GENEVA_ADMIN.AQ$_COLLECTIONQUEUE42_S
GENEVA_ADMIN,AQ$_COLLECTIONQUEUE42_T,GENEVA_ADMIN.AQ$_COLLECTIONQUEUE42_T
GENEVA_ADMIN,AQ$_COLLECTIONQUEUE43_G,GENEVA_ADMIN.AQ$_COLLECTIONQUEUE43_G
GENEVA_ADMIN,AQ$_COLLECTIONQUEUE43_H,GENEVA_ADMIN.AQ$_COLLECTIONQUEUE43_H
GENEVA_ADMIN,AQ$_COLLECTIONQUEUE43_I,GENEVA_ADMIN.AQ$_COLLECTIONQUEUE43_I
GENEVA_ADMIN,AQ$_COLLECTIONQUEUE43_L,GENEVA_ADMIN.AQ$_COLLECTIONQUEUE43_L
GENEVA_ADMIN,AQ$_COLLECTIONQUEUE43_S,GENEVA_ADMIN.AQ$_COLLECTIONQUEUE43_S
GENEVA_ADMIN,AQ$_COLLECTIONQUEUE43_T,GENEVA_ADMIN.AQ$_COLLECTIONQUEUE43_T
GENEVA_ADMIN,AQ$_COLLECTIONQUEUE44_G,GENEVA_ADMIN.AQ$_COLLECTIONQUEUE44_G
GENEVA_ADMIN,AQ$_COLLECTIONQUEUE44_H,GENEVA_ADMIN.AQ$_COLLECTIONQUEUE44_H
GENEVA_ADMIN,AQ$_COLLECTIONQUEUE44_I,GENEVA_ADMIN.AQ$_COLLECTIONQUEUE44_I
GENEVA_ADMIN,AQ$_COLLECTIONQUEUE44_L,GENEVA_ADMIN.AQ$_COLLECTIONQUEUE44_L
GENEVA_ADMIN,AQ$_COLLECTIONQUEUE44_S,GENEVA_ADMIN.AQ$_COLLECTIONQUEUE44_S
GENEVA_ADMIN,AQ$_COLLECTIONQUEUE44_T,GENEVA_ADMIN.AQ$_COLLECTIONQUEUE44_T
GENEVA_ADMIN,AQ$_COLLECTIONQUEUE45_G,GENEVA_ADMIN.AQ$_COLLECTIONQUEUE45_G
GENEVA_ADMIN,AQ$_COLLECTIONQUEUE45_H,GENEVA_ADMIN.AQ$_COLLECTIONQUEUE45_H
GENEVA_ADMIN,AQ$_COLLECTIONQUEUE45_I,GENEVA_ADMIN.AQ$_COLLECTIONQUEUE45_I
GENEVA_ADMIN,AQ$_COLLECTIONQUEUE45_L,GENEVA_ADMIN.AQ$_COLLECTIONQUEUE45_L
GENEVA_ADMIN,AQ$_COLLECTIONQUEUE45_S,GENEVA_ADMIN.AQ$_COLLECTIONQUEUE45_S
GENEVA_ADMIN,AQ$_COLLECTIONQUEUE45_T,GENEVA_ADMIN.AQ$_COLLECTIONQUEUE45_T
GENEVA_ADMIN,AQ$_COLLECTIONQUEUE46_G,GENEVA_ADMIN.AQ$_COLLECTIONQUEUE46_G
GENEVA_ADMIN,AQ$_COLLECTIONQUEUE46_H,GENEVA_ADMIN.AQ$_COLLECTIONQUEUE46_H
GENEVA_ADMIN,AQ$_COLLECTIONQUEUE46_I,GENEVA_ADMIN.AQ$_COLLECTIONQUEUE46_I
GENEVA_ADMIN,AQ$_COLLECTIONQUEUE46_L,GENEVA_ADMIN.AQ$_COLLECTIONQUEUE46_L
GENEVA_ADMIN,AQ$_COLLECTIONQUEUE46_S,GENEVA_ADMIN.AQ$_COLLECTIONQUEUE46_S
GENEVA_ADMIN,AQ$_COLLECTIONQUEUE46_T,GENEVA_ADMIN.AQ$_COLLECTIONQUEUE46_T
GENEVA_ADMIN,AQ$_COLLECTIONQUEUE47_G,GENEVA_ADMIN.AQ$_COLLECTIONQUEUE47_G
GENEVA_ADMIN,AQ$_COLLECTIONQUEUE47_H,GENEVA_ADMIN.AQ$_COLLECTIONQUEUE47_H
GENEVA_ADMIN,AQ$_COLLECTIONQUEUE47_I,GENEVA_ADMIN.AQ$_COLLECTIONQUEUE47_I
GENEVA_ADMIN,AQ$_COLLECTIONQUEUE47_L,GENEVA_ADMIN.AQ$_COLLECTIONQUEUE47_L
GENEVA_ADMIN,AQ$_COLLECTIONQUEUE47_S,GENEVA_ADMIN.AQ$_COLLECTIONQUEUE47_S
GENEVA_ADMIN,AQ$_COLLECTIONQUEUE47_T,GENEVA_ADMIN.AQ$_COLLECTIONQUEUE47_T
GENEVA_ADMIN,AQ$_COLLECTIONQUEUE48_G,GENEVA_ADMIN.AQ$_COLLECTIONQUEUE48_G
GENEVA_ADMIN,AQ$_COLLECTIONQUEUE48_H,GENEVA_ADMIN.AQ$_COLLECTIONQUEUE48_H
GENEVA_ADMIN,AQ$_COLLECTIONQUEUE48_I,GENEVA_ADMIN.AQ$_COLLECTIONQUEUE48_I
GENEVA_ADMIN,AQ$_COLLECTIONQUEUE48_L,GENEVA_ADMIN.AQ$_COLLECTIONQUEUE48_L
GENEVA_ADMIN,AQ$_COLLECTIONQUEUE48_S,GENEVA_ADMIN.AQ$_COLLECTIONQUEUE48_S
GENEVA_ADMIN,AQ$_COLLECTIONQUEUE48_T,GENEVA_ADMIN.AQ$_COLLECTIONQUEUE48_T
GENEVA_ADMIN,AQ$_COLLECTIONQUEUE49_G,GENEVA_ADMIN.AQ$_COLLECTIONQUEUE49_G
GENEVA_ADMIN,AQ$_COLLECTIONQUEUE49_H,GENEVA_ADMIN.AQ$_COLLECTIONQUEUE49_H
GENEVA_ADMIN,AQ$_COLLECTIONQUEUE49_I,GENEVA_ADMIN.AQ$_COLLECTIONQUEUE49_I
GENEVA_ADMIN,AQ$_COLLECTIONQUEUE49_L,GENEVA_ADMIN.AQ$_COLLECTIONQUEUE49_L
GENEVA_ADMIN,AQ$_COLLECTIONQUEUE49_S,GENEVA_ADMIN.AQ$_COLLECTIONQUEUE49_S
GENEVA_ADMIN,AQ$_COLLECTIONQUEUE49_T,GENEVA_ADMIN.AQ$_COLLECTIONQUEUE49_T
GENEVA_ADMIN,AQ$_COLLECTIONQUEUE4_G,GENEVA_ADMIN.AQ$_COLLECTIONQUEUE4_G
GENEVA_ADMIN,AQ$_COLLECTIONQUEUE4_H,GENEVA_ADMIN.AQ$_COLLECTIONQUEUE4_H
GENEVA_ADMIN,AQ$_COLLECTIONQUEUE4_I,GENEVA_ADMIN.AQ$_COLLECTIONQUEUE4_I
GENEVA_ADMIN,AQ$_COLLECTIONQUEUE4_L,GENEVA_ADMIN.AQ$_COLLECTIONQUEUE4_L
GENEVA_ADMIN,AQ$_COLLECTIONQUEUE4_S,GENEVA_ADMIN.AQ$_COLLECTIONQUEUE4_S
GENEVA_ADMIN,AQ$_COLLECTIONQUEUE4_T,GENEVA_ADMIN.AQ$_COLLECTIONQUEUE4_T
GENEVA_ADMIN,AQ$_COLLECTIONQUEUE50_G,GENEVA_ADMIN.AQ$_COLLECTIONQUEUE50_G
GENEVA_ADMIN,AQ$_COLLECTIONQUEUE50_H,GENEVA_ADMIN.AQ$_COLLECTIONQUEUE50_H
GENEVA_ADMIN,AQ$_COLLECTIONQUEUE50_I,GENEVA_ADMIN.AQ$_COLLECTIONQUEUE50_I
GENEVA_ADMIN,AQ$_COLLECTIONQUEUE50_L,GENEVA_ADMIN.AQ$_COLLECTIONQUEUE50_L
GENEVA_ADMIN,AQ$_COLLECTIONQUEUE50_S,GENEVA_ADMIN.AQ$_COLLECTIONQUEUE50_S
GENEVA_ADMIN,AQ$_COLLECTIONQUEUE50_T,GENEVA_ADMIN.AQ$_COLLECTIONQUEUE50_T
GENEVA_ADMIN,AQ$_COLLECTIONQUEUE51_G,GENEVA_ADMIN.AQ$_COLLECTIONQUEUE51_G
GENEVA_ADMIN,AQ$_COLLECTIONQUEUE51_H,GENEVA_ADMIN.AQ$_COLLECTIONQUEUE51_H
GENEVA_ADMIN,AQ$_COLLECTIONQUEUE51_I,GENEVA_ADMIN.AQ$_COLLECTIONQUEUE51_I
GENEVA_ADMIN,AQ$_COLLECTIONQUEUE51_L,GENEVA_ADMIN.AQ$_COLLECTIONQUEUE51_L
GENEVA_ADMIN,AQ$_COLLECTIONQUEUE51_S,GENEVA_ADMIN.AQ$_COLLECTIONQUEUE51_S
GENEVA_ADMIN,AQ$_COLLECTIONQUEUE51_T,GENEVA_ADMIN.AQ$_COLLECTIONQUEUE51_T
GENEVA_ADMIN,AQ$_COLLECTIONQUEUE52_G,GENEVA_ADMIN.AQ$_COLLECTIONQUEUE52_G
GENEVA_ADMIN,AQ$_COLLECTIONQUEUE52_H,GENEVA_ADMIN.AQ$_COLLECTIONQUEUE52_H
GENEVA_ADMIN,AQ$_COLLECTIONQUEUE52_I,GENEVA_ADMIN.AQ$_COLLECTIONQUEUE52_I
GENEVA_ADMIN,AQ$_COLLECTIONQUEUE52_L,GENEVA_ADMIN.AQ$_COLLECTIONQUEUE52_L
GENEVA_ADMIN,AQ$_COLLECTIONQUEUE52_S,GENEVA_ADMIN.AQ$_COLLECTIONQUEUE52_S
GENEVA_ADMIN,AQ$_COLLECTIONQUEUE52_T,GENEVA_ADMIN.AQ$_COLLECTIONQUEUE52_T
GENEVA_ADMIN,AQ$_COLLECTIONQUEUE53_G,GENEVA_ADMIN.AQ$_COLLECTIONQUEUE53_G
GENEVA_ADMIN,AQ$_COLLECTIONQUEUE53_H,GENEVA_ADMIN.AQ$_COLLECTIONQUEUE53_H
GENEVA_ADMIN,AQ$_COLLECTIONQUEUE53_I,GENEVA_ADMIN.AQ$_COLLECTIONQUEUE53_I
GENEVA_ADMIN,AQ$_COLLECTIONQUEUE53_L,GENEVA_ADMIN.AQ$_COLLECTIONQUEUE53_L
GENEVA_ADMIN,AQ$_COLLECTIONQUEUE53_S,GENEVA_ADMIN.AQ$_COLLECTIONQUEUE53_S
GENEVA_ADMIN,AQ$_COLLECTIONQUEUE53_T,GENEVA_ADMIN.AQ$_COLLECTIONQUEUE53_T
GENEVA_ADMIN,AQ$_COLLECTIONQUEUE54_G,GENEVA_ADMIN.AQ$_COLLECTIONQUEUE54_G
GENEVA_ADMIN,AQ$_COLLECTIONQUEUE54_H,GENEVA_ADMIN.AQ$_COLLECTIONQUEUE54_H
GENEVA_ADMIN,AQ$_COLLECTIONQUEUE54_I,GENEVA_ADMIN.AQ$_COLLECTIONQUEUE54_I
GENEVA_ADMIN,AQ$_COLLECTIONQUEUE54_L,GENEVA_ADMIN.AQ$_COLLECTIONQUEUE54_L
GENEVA_ADMIN,AQ$_COLLECTIONQUEUE54_S,GENEVA_ADMIN.AQ$_COLLECTIONQUEUE54_S
GENEVA_ADMIN,AQ$_COLLECTIONQUEUE54_T,GENEVA_ADMIN.AQ$_COLLECTIONQUEUE54_T
GENEVA_ADMIN,AQ$_COLLECTIONQUEUE55_G,GENEVA_ADMIN.AQ$_COLLECTIONQUEUE55_G
GENEVA_ADMIN,AQ$_COLLECTIONQUEUE55_H,GENEVA_ADMIN.AQ$_COLLECTIONQUEUE55_H
GENEVA_ADMIN,AQ$_COLLECTIONQUEUE55_I,GENEVA_ADMIN.AQ$_COLLECTIONQUEUE55_I
GENEVA_ADMIN,AQ$_COLLECTIONQUEUE55_L,GENEVA_ADMIN.AQ$_COLLECTIONQUEUE55_L
GENEVA_ADMIN,AQ$_COLLECTIONQUEUE55_S,GENEVA_ADMIN.AQ$_COLLECTIONQUEUE55_S
GENEVA_ADMIN,AQ$_COLLECTIONQUEUE55_T,GENEVA_ADMIN.AQ$_COLLECTIONQUEUE55_T
GENEVA_ADMIN,AQ$_COLLECTIONQUEUE56_G,GENEVA_ADMIN.AQ$_COLLECTIONQUEUE56_G
GENEVA_ADMIN,AQ$_COLLECTIONQUEUE56_H,GENEVA_ADMIN.AQ$_COLLECTIONQUEUE56_H
GENEVA_ADMIN,AQ$_COLLECTIONQUEUE56_I,GENEVA_ADMIN.AQ$_COLLECTIONQUEUE56_I
GENEVA_ADMIN,AQ$_COLLECTIONQUEUE56_L,GENEVA_ADMIN.AQ$_COLLECTIONQUEUE56_L
GENEVA_ADMIN,AQ$_COLLECTIONQUEUE56_S,GENEVA_ADMIN.AQ$_COLLECTIONQUEUE56_S
GENEVA_ADMIN,AQ$_COLLECTIONQUEUE56_T,GENEVA_ADMIN.AQ$_COLLECTIONQUEUE56_T
GENEVA_ADMIN,AQ$_COLLECTIONQUEUE57_G,GENEVA_ADMIN.AQ$_COLLECTIONQUEUE57_G
GENEVA_ADMIN,AQ$_COLLECTIONQUEUE57_H,GENEVA_ADMIN.AQ$_COLLECTIONQUEUE57_H
GENEVA_ADMIN,AQ$_COLLECTIONQUEUE57_I,GENEVA_ADMIN.AQ$_COLLECTIONQUEUE57_I
GENEVA_ADMIN,AQ$_COLLECTIONQUEUE57_L,GENEVA_ADMIN.AQ$_COLLECTIONQUEUE57_L
GENEVA_ADMIN,AQ$_COLLECTIONQUEUE57_S,GENEVA_ADMIN.AQ$_COLLECTIONQUEUE57_S
GENEVA_ADMIN,AQ$_COLLECTIONQUEUE57_T,GENEVA_ADMIN.AQ$_COLLECTIONQUEUE57_T
GENEVA_ADMIN,AQ$_COLLECTIONQUEUE58_G,GENEVA_ADMIN.AQ$_COLLECTIONQUEUE58_G
GENEVA_ADMIN,AQ$_COLLECTIONQUEUE58_H,GENEVA_ADMIN.AQ$_COLLECTIONQUEUE58_H
GENEVA_ADMIN,AQ$_COLLECTIONQUEUE58_I,GENEVA_ADMIN.AQ$_COLLECTIONQUEUE58_I
GENEVA_ADMIN,AQ$_COLLECTIONQUEUE58_L,GENEVA_ADMIN.AQ$_COLLECTIONQUEUE58_L
GENEVA_ADMIN,AQ$_COLLECTIONQUEUE58_S,GENEVA_ADMIN.AQ$_COLLECTIONQUEUE58_S
GENEVA_ADMIN,AQ$_COLLECTIONQUEUE58_T,GENEVA_ADMIN.AQ$_COLLECTIONQUEUE58_T
GENEVA_ADMIN,AQ$_COLLECTIONQUEUE59_G,GENEVA_ADMIN.AQ$_COLLECTIONQUEUE59_G
GENEVA_ADMIN,AQ$_COLLECTIONQUEUE59_H,GENEVA_ADMIN.AQ$_COLLECTIONQUEUE59_H
GENEVA_ADMIN,AQ$_COLLECTIONQUEUE59_I,GENEVA_ADMIN.AQ$_COLLECTIONQUEUE59_I
GENEVA_ADMIN,AQ$_COLLECTIONQUEUE59_L,GENEVA_ADMIN.AQ$_COLLECTIONQUEUE59_L
GENEVA_ADMIN,AQ$_COLLECTIONQUEUE59_S,GENEVA_ADMIN.AQ$_COLLECTIONQUEUE59_S
GENEVA_ADMIN,AQ$_COLLECTIONQUEUE59_T,GENEVA_ADMIN.AQ$_COLLECTIONQUEUE59_T
GENEVA_ADMIN,AQ$_COLLECTIONQUEUE5_G,GENEVA_ADMIN.AQ$_COLLECTIONQUEUE5_G
GENEVA_ADMIN,AQ$_COLLECTIONQUEUE5_H,GENEVA_ADMIN.AQ$_COLLECTIONQUEUE5_H
GENEVA_ADMIN,AQ$_COLLECTIONQUEUE5_I,GENEVA_ADMIN.AQ$_COLLECTIONQUEUE5_I
GENEVA_ADMIN,AQ$_COLLECTIONQUEUE5_L,GENEVA_ADMIN.AQ$_COLLECTIONQUEUE5_L
GENEVA_ADMIN,AQ$_COLLECTIONQUEUE5_S,GENEVA_ADMIN.AQ$_COLLECTIONQUEUE5_S
GENEVA_ADMIN,AQ$_COLLECTIONQUEUE5_T,GENEVA_ADMIN.AQ$_COLLECTIONQUEUE5_T
GENEVA_ADMIN,AQ$_COLLECTIONQUEUE60_G,GENEVA_ADMIN.AQ$_COLLECTIONQUEUE60_G
GENEVA_ADMIN,AQ$_COLLECTIONQUEUE60_H,GENEVA_ADMIN.AQ$_COLLECTIONQUEUE60_H
GENEVA_ADMIN,AQ$_COLLECTIONQUEUE60_I,GENEVA_ADMIN.AQ$_COLLECTIONQUEUE60_I
GENEVA_ADMIN,AQ$_COLLECTIONQUEUE60_L,GENEVA_ADMIN.AQ$_COLLECTIONQUEUE60_L
GENEVA_ADMIN,AQ$_COLLECTIONQUEUE60_S,GENEVA_ADMIN.AQ$_COLLECTIONQUEUE60_S
GENEVA_ADMIN,AQ$_COLLECTIONQUEUE60_T,GENEVA_ADMIN.AQ$_COLLECTIONQUEUE60_T
GENEVA_ADMIN,AQ$_COLLECTIONQUEUE6_G,GENEVA_ADMIN.AQ$_COLLECTIONQUEUE6_G
GENEVA_ADMIN,AQ$_COLLECTIONQUEUE6_H,GENEVA_ADMIN.AQ$_COLLECTIONQUEUE6_H
GENEVA_ADMIN,AQ$_COLLECTIONQUEUE6_I,GENEVA_ADMIN.AQ$_COLLECTIONQUEUE6_I
GENEVA_ADMIN,AQ$_COLLECTIONQUEUE6_L,GENEVA_ADMIN.AQ$_COLLECTIONQUEUE6_L
GENEVA_ADMIN,AQ$_COLLECTIONQUEUE6_S,GENEVA_ADMIN.AQ$_COLLECTIONQUEUE6_S
GENEVA_ADMIN,AQ$_COLLECTIONQUEUE6_T,GENEVA_ADMIN.AQ$_COLLECTIONQUEUE6_T
GENEVA_ADMIN,AQ$_COLLECTIONQUEUE7_G,GENEVA_ADMIN.AQ$_COLLECTIONQUEUE7_G
GENEVA_ADMIN,AQ$_COLLECTIONQUEUE7_H,GENEVA_ADMIN.AQ$_COLLECTIONQUEUE7_H
GENEVA_ADMIN,AQ$_COLLECTIONQUEUE7_I,GENEVA_ADMIN.AQ$_COLLECTIONQUEUE7_I
GENEVA_ADMIN,AQ$_COLLECTIONQUEUE7_L,GENEVA_ADMIN.AQ$_COLLECTIONQUEUE7_L
GENEVA_ADMIN,AQ$_COLLECTIONQUEUE7_S,GENEVA_ADMIN.AQ$_COLLECTIONQUEUE7_S
GENEVA_ADMIN,AQ$_COLLECTIONQUEUE7_T,GENEVA_ADMIN.AQ$_COLLECTIONQUEUE7_T
GENEVA_ADMIN,AQ$_COLLECTIONQUEUE8_G,GENEVA_ADMIN.AQ$_COLLECTIONQUEUE8_G
GENEVA_ADMIN,AQ$_COLLECTIONQUEUE8_H,GENEVA_ADMIN.AQ$_COLLECTIONQUEUE8_H
GENEVA_ADMIN,AQ$_COLLECTIONQUEUE8_I,GENEVA_ADMIN.AQ$_COLLECTIONQUEUE8_I
GENEVA_ADMIN,AQ$_COLLECTIONQUEUE8_L,GENEVA_ADMIN.AQ$_COLLECTIONQUEUE8_L
GENEVA_ADMIN,AQ$_COLLECTIONQUEUE8_S,GENEVA_ADMIN.AQ$_COLLECTIONQUEUE8_S
GENEVA_ADMIN,AQ$_COLLECTIONQUEUE8_T,GENEVA_ADMIN.AQ$_COLLECTIONQUEUE8_T
GENEVA_ADMIN,AQ$_COLLECTIONQUEUE9_G,GENEVA_ADMIN.AQ$_COLLECTIONQUEUE9_G
GENEVA_ADMIN,AQ$_COLLECTIONQUEUE9_H,GENEVA_ADMIN.AQ$_COLLECTIONQUEUE9_H
GENEVA_ADMIN,AQ$_COLLECTIONQUEUE9_I,GENEVA_ADMIN.AQ$_COLLECTIONQUEUE9_I
GENEVA_ADMIN,AQ$_COLLECTIONQUEUE9_L,GENEVA_ADMIN.AQ$_COLLECTIONQUEUE9_L
GENEVA_ADMIN,AQ$_COLLECTIONQUEUE9_S,GENEVA_ADMIN.AQ$_COLLECTIONQUEUE9_S
GENEVA_ADMIN,AQ$_COLLECTIONQUEUE9_T,GENEVA_ADMIN.AQ$_COLLECTIONQUEUE9_T
GENEVA_ADMIN,AQ$_COSTEDEVENTQUEUEHEAD_G,GENEVA_ADMIN.AQ$_COSTEDEVENTQUEUEHEAD_G
GENEVA_ADMIN,AQ$_COSTEDEVENTQUEUEHEAD_H,GENEVA_ADMIN.AQ$_COSTEDEVENTQUEUEHEAD_H
GENEVA_ADMIN,AQ$_COSTEDEVENTQUEUEHEAD_I,GENEVA_ADMIN.AQ$_COSTEDEVENTQUEUEHEAD_I
GENEVA_ADMIN,AQ$_COSTEDEVENTQUEUEHEAD_L,GENEVA_ADMIN.AQ$_COSTEDEVENTQUEUEHEAD_L
GENEVA_ADMIN,AQ$_COSTEDEVENTQUEUEHEAD_S,GENEVA_ADMIN.AQ$_COSTEDEVENTQUEUEHEAD_S
GENEVA_ADMIN,AQ$_COSTEDEVENTQUEUEHEAD_T,GENEVA_ADMIN.AQ$_COSTEDEVENTQUEUEHEAD_T
GENEVA_ADMIN,AQ$_COSTEDEVENTQUEUETAIL_G,GENEVA_ADMIN.AQ$_COSTEDEVENTQUEUETAIL_G
GENEVA_ADMIN,AQ$_COSTEDEVENTQUEUETAIL_H,GENEVA_ADMIN.AQ$_COSTEDEVENTQUEUETAIL_H
GENEVA_ADMIN,AQ$_COSTEDEVENTQUEUETAIL_I,GENEVA_ADMIN.AQ$_COSTEDEVENTQUEUETAIL_I
GENEVA_ADMIN,AQ$_COSTEDEVENTQUEUETAIL_L,GENEVA_ADMIN.AQ$_COSTEDEVENTQUEUETAIL_L
GENEVA_ADMIN,AQ$_COSTEDEVENTQUEUETAIL_S,GENEVA_ADMIN.AQ$_COSTEDEVENTQUEUETAIL_S
GENEVA_ADMIN,AQ$_COSTEDEVENTQUEUETAIL_T,GENEVA_ADMIN.AQ$_COSTEDEVENTQUEUETAIL_T
GENEVA_ADMIN,AQ$_OUTBOUNDMESSAGEQUEUE10_G,GENEVA_ADMIN.AQ$_OUTBOUNDMESSAGEQUEUE10_G
GENEVA_ADMIN,AQ$_OUTBOUNDMESSAGEQUEUE10_H,GENEVA_ADMIN.AQ$_OUTBOUNDMESSAGEQUEUE10_H
GENEVA_ADMIN,AQ$_OUTBOUNDMESSAGEQUEUE10_I,GENEVA_ADMIN.AQ$_OUTBOUNDMESSAGEQUEUE10_I
GENEVA_ADMIN,AQ$_OUTBOUNDMESSAGEQUEUE10_L,GENEVA_ADMIN.AQ$_OUTBOUNDMESSAGEQUEUE10_L
GENEVA_ADMIN,AQ$_OUTBOUNDMESSAGEQUEUE10_S,GENEVA_ADMIN.AQ$_OUTBOUNDMESSAGEQUEUE10_S
GENEVA_ADMIN,AQ$_OUTBOUNDMESSAGEQUEUE10_T,GENEVA_ADMIN.AQ$_OUTBOUNDMESSAGEQUEUE10_T
GENEVA_ADMIN,AQ$_OUTBOUNDMESSAGEQUEUE11_G,GENEVA_ADMIN.AQ$_OUTBOUNDMESSAGEQUEUE11_G
GENEVA_ADMIN,AQ$_OUTBOUNDMESSAGEQUEUE11_H,GENEVA_ADMIN.AQ$_OUTBOUNDMESSAGEQUEUE11_H
GENEVA_ADMIN,AQ$_OUTBOUNDMESSAGEQUEUE11_I,GENEVA_ADMIN.AQ$_OUTBOUNDMESSAGEQUEUE11_I
GENEVA_ADMIN,AQ$_OUTBOUNDMESSAGEQUEUE11_L,GENEVA_ADMIN.AQ$_OUTBOUNDMESSAGEQUEUE11_L
GENEVA_ADMIN,AQ$_OUTBOUNDMESSAGEQUEUE11_S,GENEVA_ADMIN.AQ$_OUTBOUNDMESSAGEQUEUE11_S
GENEVA_ADMIN,AQ$_OUTBOUNDMESSAGEQUEUE11_T,GENEVA_ADMIN.AQ$_OUTBOUNDMESSAGEQUEUE11_T
GENEVA_ADMIN,AQ$_OUTBOUNDMESSAGEQUEUE12_G,GENEVA_ADMIN.AQ$_OUTBOUNDMESSAGEQUEUE12_G
GENEVA_ADMIN,AQ$_OUTBOUNDMESSAGEQUEUE12_H,GENEVA_ADMIN.AQ$_OUTBOUNDMESSAGEQUEUE12_H
GENEVA_ADMIN,AQ$_OUTBOUNDMESSAGEQUEUE12_I,GENEVA_ADMIN.AQ$_OUTBOUNDMESSAGEQUEUE12_I
GENEVA_ADMIN,AQ$_OUTBOUNDMESSAGEQUEUE12_L,GENEVA_ADMIN.AQ$_OUTBOUNDMESSAGEQUEUE12_L
GENEVA_ADMIN,AQ$_OUTBOUNDMESSAGEQUEUE12_S,GENEVA_ADMIN.AQ$_OUTBOUNDMESSAGEQUEUE12_S
GENEVA_ADMIN,AQ$_OUTBOUNDMESSAGEQUEUE12_T,GENEVA_ADMIN.AQ$_OUTBOUNDMESSAGEQUEUE12_T
GENEVA_ADMIN,AQ$_OUTBOUNDMESSAGEQUEUE13_G,GENEVA_ADMIN.AQ$_OUTBOUNDMESSAGEQUEUE13_G
GENEVA_ADMIN,AQ$_OUTBOUNDMESSAGEQUEUE13_H,GENEVA_ADMIN.AQ$_OUTBOUNDMESSAGEQUEUE13_H
GENEVA_ADMIN,AQ$_OUTBOUNDMESSAGEQUEUE13_I,GENEVA_ADMIN.AQ$_OUTBOUNDMESSAGEQUEUE13_I
GENEVA_ADMIN,AQ$_OUTBOUNDMESSAGEQUEUE13_L,GENEVA_ADMIN.AQ$_OUTBOUNDMESSAGEQUEUE13_L
GENEVA_ADMIN,AQ$_OUTBOUNDMESSAGEQUEUE13_S,GENEVA_ADMIN.AQ$_OUTBOUNDMESSAGEQUEUE13_S
GENEVA_ADMIN,AQ$_OUTBOUNDMESSAGEQUEUE13_T,GENEVA_ADMIN.AQ$_OUTBOUNDMESSAGEQUEUE13_T
GENEVA_ADMIN,AQ$_OUTBOUNDMESSAGEQUEUE14_G,GENEVA_ADMIN.AQ$_OUTBOUNDMESSAGEQUEUE14_G
GENEVA_ADMIN,AQ$_OUTBOUNDMESSAGEQUEUE14_H,GENEVA_ADMIN.AQ$_OUTBOUNDMESSAGEQUEUE14_H
GENEVA_ADMIN,AQ$_OUTBOUNDMESSAGEQUEUE14_I,GENEVA_ADMIN.AQ$_OUTBOUNDMESSAGEQUEUE14_I
GENEVA_ADMIN,AQ$_OUTBOUNDMESSAGEQUEUE14_L,GENEVA_ADMIN.AQ$_OUTBOUNDMESSAGEQUEUE14_L
GENEVA_ADMIN,AQ$_OUTBOUNDMESSAGEQUEUE14_S,GENEVA_ADMIN.AQ$_OUTBOUNDMESSAGEQUEUE14_S
GENEVA_ADMIN,AQ$_OUTBOUNDMESSAGEQUEUE14_T,GENEVA_ADMIN.AQ$_OUTBOUNDMESSAGEQUEUE14_T
GENEVA_ADMIN,AQ$_OUTBOUNDMESSAGEQUEUE15_G,GENEVA_ADMIN.AQ$_OUTBOUNDMESSAGEQUEUE15_G
GENEVA_ADMIN,AQ$_OUTBOUNDMESSAGEQUEUE15_H,GENEVA_ADMIN.AQ$_OUTBOUNDMESSAGEQUEUE15_H
GENEVA_ADMIN,AQ$_OUTBOUNDMESSAGEQUEUE15_I,GENEVA_ADMIN.AQ$_OUTBOUNDMESSAGEQUEUE15_I
GENEVA_ADMIN,AQ$_OUTBOUNDMESSAGEQUEUE15_L,GENEVA_ADMIN.AQ$_OUTBOUNDMESSAGEQUEUE15_L
GENEVA_ADMIN,AQ$_OUTBOUNDMESSAGEQUEUE15_S,GENEVA_ADMIN.AQ$_OUTBOUNDMESSAGEQUEUE15_S
GENEVA_ADMIN,AQ$_OUTBOUNDMESSAGEQUEUE15_T,GENEVA_ADMIN.AQ$_OUTBOUNDMESSAGEQUEUE15_T
GENEVA_ADMIN,AQ$_OUTBOUNDMESSAGEQUEUE16_G,GENEVA_ADMIN.AQ$_OUTBOUNDMESSAGEQUEUE16_G
GENEVA_ADMIN,AQ$_OUTBOUNDMESSAGEQUEUE16_H,GENEVA_ADMIN.AQ$_OUTBOUNDMESSAGEQUEUE16_H
GENEVA_ADMIN,AQ$_OUTBOUNDMESSAGEQUEUE16_I,GENEVA_ADMIN.AQ$_OUTBOUNDMESSAGEQUEUE16_I
GENEVA_ADMIN,AQ$_OUTBOUNDMESSAGEQUEUE16_L,GENEVA_ADMIN.AQ$_OUTBOUNDMESSAGEQUEUE16_L
GENEVA_ADMIN,AQ$_OUTBOUNDMESSAGEQUEUE16_S,GENEVA_ADMIN.AQ$_OUTBOUNDMESSAGEQUEUE16_S
GENEVA_ADMIN,AQ$_OUTBOUNDMESSAGEQUEUE16_T,GENEVA_ADMIN.AQ$_OUTBOUNDMESSAGEQUEUE16_T
GENEVA_ADMIN,AQ$_OUTBOUNDMESSAGEQUEUE17_G,GENEVA_ADMIN.AQ$_OUTBOUNDMESSAGEQUEUE17_G
GENEVA_ADMIN,AQ$_OUTBOUNDMESSAGEQUEUE17_H,GENEVA_ADMIN.AQ$_OUTBOUNDMESSAGEQUEUE17_H
GENEVA_ADMIN,AQ$_OUTBOUNDMESSAGEQUEUE17_I,GENEVA_ADMIN.AQ$_OUTBOUNDMESSAGEQUEUE17_I
GENEVA_ADMIN,AQ$_OUTBOUNDMESSAGEQUEUE17_L,GENEVA_ADMIN.AQ$_OUTBOUNDMESSAGEQUEUE17_L
GENEVA_ADMIN,AQ$_OUTBOUNDMESSAGEQUEUE17_S,GENEVA_ADMIN.AQ$_OUTBOUNDMESSAGEQUEUE17_S
GENEVA_ADMIN,AQ$_OUTBOUNDMESSAGEQUEUE17_T,GENEVA_ADMIN.AQ$_OUTBOUNDMESSAGEQUEUE17_T
GENEVA_ADMIN,AQ$_OUTBOUNDMESSAGEQUEUE18_G,GENEVA_ADMIN.AQ$_OUTBOUNDMESSAGEQUEUE18_G
GENEVA_ADMIN,AQ$_OUTBOUNDMESSAGEQUEUE18_H,GENEVA_ADMIN.AQ$_OUTBOUNDMESSAGEQUEUE18_H
GENEVA_ADMIN,AQ$_OUTBOUNDMESSAGEQUEUE18_I,GENEVA_ADMIN.AQ$_OUTBOUNDMESSAGEQUEUE18_I
GENEVA_ADMIN,AQ$_OUTBOUNDMESSAGEQUEUE18_L,GENEVA_ADMIN.AQ$_OUTBOUNDMESSAGEQUEUE18_L
GENEVA_ADMIN,AQ$_OUTBOUNDMESSAGEQUEUE18_S,GENEVA_ADMIN.AQ$_OUTBOUNDMESSAGEQUEUE18_S
GENEVA_ADMIN,AQ$_OUTBOUNDMESSAGEQUEUE18_T,GENEVA_ADMIN.AQ$_OUTBOUNDMESSAGEQUEUE18_T
GENEVA_ADMIN,AQ$_OUTBOUNDMESSAGEQUEUE19_G,GENEVA_ADMIN.AQ$_OUTBOUNDMESSAGEQUEUE19_G
GENEVA_ADMIN,AQ$_OUTBOUNDMESSAGEQUEUE19_H,GENEVA_ADMIN.AQ$_OUTBOUNDMESSAGEQUEUE19_H
GENEVA_ADMIN,AQ$_OUTBOUNDMESSAGEQUEUE19_I,GENEVA_ADMIN.AQ$_OUTBOUNDMESSAGEQUEUE19_I
GENEVA_ADMIN,AQ$_OUTBOUNDMESSAGEQUEUE19_L,GENEVA_ADMIN.AQ$_OUTBOUNDMESSAGEQUEUE19_L
GENEVA_ADMIN,AQ$_OUTBOUNDMESSAGEQUEUE19_S,GENEVA_ADMIN.AQ$_OUTBOUNDMESSAGEQUEUE19_S
GENEVA_ADMIN,AQ$_OUTBOUNDMESSAGEQUEUE19_T,GENEVA_ADMIN.AQ$_OUTBOUNDMESSAGEQUEUE19_T
GENEVA_ADMIN,AQ$_OUTBOUNDMESSAGEQUEUE1_G,GENEVA_ADMIN.AQ$_OUTBOUNDMESSAGEQUEUE1_G
GENEVA_ADMIN,AQ$_OUTBOUNDMESSAGEQUEUE1_H,GENEVA_ADMIN.AQ$_OUTBOUNDMESSAGEQUEUE1_H
GENEVA_ADMIN,AQ$_OUTBOUNDMESSAGEQUEUE1_I,GENEVA_ADMIN.AQ$_OUTBOUNDMESSAGEQUEUE1_I
GENEVA_ADMIN,AQ$_OUTBOUNDMESSAGEQUEUE1_L,GENEVA_ADMIN.AQ$_OUTBOUNDMESSAGEQUEUE1_L
GENEVA_ADMIN,AQ$_OUTBOUNDMESSAGEQUEUE1_S,GENEVA_ADMIN.AQ$_OUTBOUNDMESSAGEQUEUE1_S
GENEVA_ADMIN,AQ$_OUTBOUNDMESSAGEQUEUE1_T,GENEVA_ADMIN.AQ$_OUTBOUNDMESSAGEQUEUE1_T
GENEVA_ADMIN,AQ$_OUTBOUNDMESSAGEQUEUE20_G,GENEVA_ADMIN.AQ$_OUTBOUNDMESSAGEQUEUE20_G
GENEVA_ADMIN,AQ$_OUTBOUNDMESSAGEQUEUE20_H,GENEVA_ADMIN.AQ$_OUTBOUNDMESSAGEQUEUE20_H
GENEVA_ADMIN,AQ$_OUTBOUNDMESSAGEQUEUE20_I,GENEVA_ADMIN.AQ$_OUTBOUNDMESSAGEQUEUE20_I
GENEVA_ADMIN,AQ$_OUTBOUNDMESSAGEQUEUE20_L,GENEVA_ADMIN.AQ$_OUTBOUNDMESSAGEQUEUE20_L
GENEVA_ADMIN,AQ$_OUTBOUNDMESSAGEQUEUE20_S,GENEVA_ADMIN.AQ$_OUTBOUNDMESSAGEQUEUE20_S
GENEVA_ADMIN,AQ$_OUTBOUNDMESSAGEQUEUE20_T,GENEVA_ADMIN.AQ$_OUTBOUNDMESSAGEQUEUE20_T
GENEVA_ADMIN,AQ$_OUTBOUNDMESSAGEQUEUE21_G,GENEVA_ADMIN.AQ$_OUTBOUNDMESSAGEQUEUE21_G
GENEVA_ADMIN,AQ$_OUTBOUNDMESSAGEQUEUE21_H,GENEVA_ADMIN.AQ$_OUTBOUNDMESSAGEQUEUE21_H
GENEVA_ADMIN,AQ$_OUTBOUNDMESSAGEQUEUE21_I,GENEVA_ADMIN.AQ$_OUTBOUNDMESSAGEQUEUE21_I
GENEVA_ADMIN,AQ$_OUTBOUNDMESSAGEQUEUE21_L,GENEVA_ADMIN.AQ$_OUTBOUNDMESSAGEQUEUE21_L
GENEVA_ADMIN,AQ$_OUTBOUNDMESSAGEQUEUE21_S,GENEVA_ADMIN.AQ$_OUTBOUNDMESSAGEQUEUE21_S
GENEVA_ADMIN,AQ$_OUTBOUNDMESSAGEQUEUE21_T,GENEVA_ADMIN.AQ$_OUTBOUNDMESSAGEQUEUE21_T
GENEVA_ADMIN,AQ$_OUTBOUNDMESSAGEQUEUE22_G,GENEVA_ADMIN.AQ$_OUTBOUNDMESSAGEQUEUE22_G
GENEVA_ADMIN,AQ$_OUTBOUNDMESSAGEQUEUE22_H,GENEVA_ADMIN.AQ$_OUTBOUNDMESSAGEQUEUE22_H
GENEVA_ADMIN,AQ$_OUTBOUNDMESSAGEQUEUE22_I,GENEVA_ADMIN.AQ$_OUTBOUNDMESSAGEQUEUE22_I
GENEVA_ADMIN,AQ$_OUTBOUNDMESSAGEQUEUE22_L,GENEVA_ADMIN.AQ$_OUTBOUNDMESSAGEQUEUE22_L
GENEVA_ADMIN,AQ$_OUTBOUNDMESSAGEQUEUE22_S,GENEVA_ADMIN.AQ$_OUTBOUNDMESSAGEQUEUE22_S
GENEVA_ADMIN,AQ$_OUTBOUNDMESSAGEQUEUE22_T,GENEVA_ADMIN.AQ$_OUTBOUNDMESSAGEQUEUE22_T
GENEVA_ADMIN,AQ$_OUTBOUNDMESSAGEQUEUE23_G,GENEVA_ADMIN.AQ$_OUTBOUNDMESSAGEQUEUE23_G
GENEVA_ADMIN,AQ$_OUTBOUNDMESSAGEQUEUE23_H,GENEVA_ADMIN.AQ$_OUTBOUNDMESSAGEQUEUE23_H
GENEVA_ADMIN,AQ$_OUTBOUNDMESSAGEQUEUE23_I,GENEVA_ADMIN.AQ$_OUTBOUNDMESSAGEQUEUE23_I
GENEVA_ADMIN,AQ$_OUTBOUNDMESSAGEQUEUE23_L,GENEVA_ADMIN.AQ$_OUTBOUNDMESSAGEQUEUE23_L
GENEVA_ADMIN,AQ$_OUTBOUNDMESSAGEQUEUE23_S,GENEVA_ADMIN.AQ$_OUTBOUNDMESSAGEQUEUE23_S
GENEVA_ADMIN,AQ$_OUTBOUNDMESSAGEQUEUE23_T,GENEVA_ADMIN.AQ$_OUTBOUNDMESSAGEQUEUE23_T
GENEVA_ADMIN,AQ$_OUTBOUNDMESSAGEQUEUE24_G,GENEVA_ADMIN.AQ$_OUTBOUNDMESSAGEQUEUE24_G
GENEVA_ADMIN,AQ$_OUTBOUNDMESSAGEQUEUE24_H,GENEVA_ADMIN.AQ$_OUTBOUNDMESSAGEQUEUE24_H
GENEVA_ADMIN,AQ$_OUTBOUNDMESSAGEQUEUE24_I,GENEVA_ADMIN.AQ$_OUTBOUNDMESSAGEQUEUE24_I
GENEVA_ADMIN,AQ$_OUTBOUNDMESSAGEQUEUE24_L,GENEVA_ADMIN.AQ$_OUTBOUNDMESSAGEQUEUE24_L
GENEVA_ADMIN,AQ$_OUTBOUNDMESSAGEQUEUE24_S,GENEVA_ADMIN.AQ$_OUTBOUNDMESSAGEQUEUE24_S
GENEVA_ADMIN,AQ$_OUTBOUNDMESSAGEQUEUE24_T,GENEVA_ADMIN.AQ$_OUTBOUNDMESSAGEQUEUE24_T
GENEVA_ADMIN,AQ$_OUTBOUNDMESSAGEQUEUE25_G,GENEVA_ADMIN.AQ$_OUTBOUNDMESSAGEQUEUE25_G
GENEVA_ADMIN,AQ$_OUTBOUNDMESSAGEQUEUE25_H,GENEVA_ADMIN.AQ$_OUTBOUNDMESSAGEQUEUE25_H
GENEVA_ADMIN,AQ$_OUTBOUNDMESSAGEQUEUE25_I,GENEVA_ADMIN.AQ$_OUTBOUNDMESSAGEQUEUE25_I
GENEVA_ADMIN,AQ$_OUTBOUNDMESSAGEQUEUE25_L,GENEVA_ADMIN.AQ$_OUTBOUNDMESSAGEQUEUE25_L
GENEVA_ADMIN,AQ$_OUTBOUNDMESSAGEQUEUE25_S,GENEVA_ADMIN.AQ$_OUTBOUNDMESSAGEQUEUE25_S
GENEVA_ADMIN,AQ$_OUTBOUNDMESSAGEQUEUE25_T,GENEVA_ADMIN.AQ$_OUTBOUNDMESSAGEQUEUE25_T
GENEVA_ADMIN,AQ$_OUTBOUNDMESSAGEQUEUE26_G,GENEVA_ADMIN.AQ$_OUTBOUNDMESSAGEQUEUE26_G
GENEVA_ADMIN,AQ$_OUTBOUNDMESSAGEQUEUE26_H,GENEVA_ADMIN.AQ$_OUTBOUNDMESSAGEQUEUE26_H
GENEVA_ADMIN,AQ$_OUTBOUNDMESSAGEQUEUE26_I,GENEVA_ADMIN.AQ$_OUTBOUNDMESSAGEQUEUE26_I
GENEVA_ADMIN,AQ$_OUTBOUNDMESSAGEQUEUE26_L,GENEVA_ADMIN.AQ$_OUTBOUNDMESSAGEQUEUE26_L
GENEVA_ADMIN,AQ$_OUTBOUNDMESSAGEQUEUE26_S,GENEVA_ADMIN.AQ$_OUTBOUNDMESSAGEQUEUE26_S
GENEVA_ADMIN,AQ$_OUTBOUNDMESSAGEQUEUE26_T,GENEVA_ADMIN.AQ$_OUTBOUNDMESSAGEQUEUE26_T
GENEVA_ADMIN,AQ$_OUTBOUNDMESSAGEQUEUE27_G,GENEVA_ADMIN.AQ$_OUTBOUNDMESSAGEQUEUE27_G
GENEVA_ADMIN,AQ$_OUTBOUNDMESSAGEQUEUE27_H,GENEVA_ADMIN.AQ$_OUTBOUNDMESSAGEQUEUE27_H
GENEVA_ADMIN,AQ$_OUTBOUNDMESSAGEQUEUE27_I,GENEVA_ADMIN.AQ$_OUTBOUNDMESSAGEQUEUE27_I
GENEVA_ADMIN,AQ$_OUTBOUNDMESSAGEQUEUE27_L,GENEVA_ADMIN.AQ$_OUTBOUNDMESSAGEQUEUE27_L
GENEVA_ADMIN,AQ$_OUTBOUNDMESSAGEQUEUE27_S,GENEVA_ADMIN.AQ$_OUTBOUNDMESSAGEQUEUE27_S
GENEVA_ADMIN,AQ$_OUTBOUNDMESSAGEQUEUE27_T,GENEVA_ADMIN.AQ$_OUTBOUNDMESSAGEQUEUE27_T
GENEVA_ADMIN,AQ$_OUTBOUNDMESSAGEQUEUE28_G,GENEVA_ADMIN.AQ$_OUTBOUNDMESSAGEQUEUE28_G
GENEVA_ADMIN,AQ$_OUTBOUNDMESSAGEQUEUE28_H,GENEVA_ADMIN.AQ$_OUTBOUNDMESSAGEQUEUE28_H
GENEVA_ADMIN,AQ$_OUTBOUNDMESSAGEQUEUE28_I,GENEVA_ADMIN.AQ$_OUTBOUNDMESSAGEQUEUE28_I
GENEVA_ADMIN,AQ$_OUTBOUNDMESSAGEQUEUE28_L,GENEVA_ADMIN.AQ$_OUTBOUNDMESSAGEQUEUE28_L
GENEVA_ADMIN,AQ$_OUTBOUNDMESSAGEQUEUE28_S,GENEVA_ADMIN.AQ$_OUTBOUNDMESSAGEQUEUE28_S
GENEVA_ADMIN,AQ$_OUTBOUNDMESSAGEQUEUE28_T,GENEVA_ADMIN.AQ$_OUTBOUNDMESSAGEQUEUE28_T
GENEVA_ADMIN,AQ$_OUTBOUNDMESSAGEQUEUE29_G,GENEVA_ADMIN.AQ$_OUTBOUNDMESSAGEQUEUE29_G
GENEVA_ADMIN,AQ$_OUTBOUNDMESSAGEQUEUE29_H,GENEVA_ADMIN.AQ$_OUTBOUNDMESSAGEQUEUE29_H
GENEVA_ADMIN,AQ$_OUTBOUNDMESSAGEQUEUE29_I,GENEVA_ADMIN.AQ$_OUTBOUNDMESSAGEQUEUE29_I
GENEVA_ADMIN,AQ$_OUTBOUNDMESSAGEQUEUE29_L,GENEVA_ADMIN.AQ$_OUTBOUNDMESSAGEQUEUE29_L
GENEVA_ADMIN,AQ$_OUTBOUNDMESSAGEQUEUE29_S,GENEVA_ADMIN.AQ$_OUTBOUNDMESSAGEQUEUE29_S
GENEVA_ADMIN,AQ$_OUTBOUNDMESSAGEQUEUE29_T,GENEVA_ADMIN.AQ$_OUTBOUNDMESSAGEQUEUE29_T
GENEVA_ADMIN,AQ$_OUTBOUNDMESSAGEQUEUE2_G,GENEVA_ADMIN.AQ$_OUTBOUNDMESSAGEQUEUE2_G
GENEVA_ADMIN,AQ$_OUTBOUNDMESSAGEQUEUE2_H,GENEVA_ADMIN.AQ$_OUTBOUNDMESSAGEQUEUE2_H
GENEVA_ADMIN,AQ$_OUTBOUNDMESSAGEQUEUE2_I,GENEVA_ADMIN.AQ$_OUTBOUNDMESSAGEQUEUE2_I
GENEVA_ADMIN,AQ$_OUTBOUNDMESSAGEQUEUE2_L,GENEVA_ADMIN.AQ$_OUTBOUNDMESSAGEQUEUE2_L
GENEVA_ADMIN,AQ$_OUTBOUNDMESSAGEQUEUE2_S,GENEVA_ADMIN.AQ$_OUTBOUNDMESSAGEQUEUE2_S
GENEVA_ADMIN,AQ$_OUTBOUNDMESSAGEQUEUE2_T,GENEVA_ADMIN.AQ$_OUTBOUNDMESSAGEQUEUE2_T
GENEVA_ADMIN,AQ$_OUTBOUNDMESSAGEQUEUE30_G,GENEVA_ADMIN.AQ$_OUTBOUNDMESSAGEQUEUE30_G
GENEVA_ADMIN,AQ$_OUTBOUNDMESSAGEQUEUE30_H,GENEVA_ADMIN.AQ$_OUTBOUNDMESSAGEQUEUE30_H
GENEVA_ADMIN,AQ$_OUTBOUNDMESSAGEQUEUE30_I,GENEVA_ADMIN.AQ$_OUTBOUNDMESSAGEQUEUE30_I
GENEVA_ADMIN,AQ$_OUTBOUNDMESSAGEQUEUE30_L,GENEVA_ADMIN.AQ$_OUTBOUNDMESSAGEQUEUE30_L
GENEVA_ADMIN,AQ$_OUTBOUNDMESSAGEQUEUE30_S,GENEVA_ADMIN.AQ$_OUTBOUNDMESSAGEQUEUE30_S
GENEVA_ADMIN,AQ$_OUTBOUNDMESSAGEQUEUE30_T,GENEVA_ADMIN.AQ$_OUTBOUNDMESSAGEQUEUE30_T
GENEVA_ADMIN,AQ$_OUTBOUNDMESSAGEQUEUE31_G,GENEVA_ADMIN.AQ$_OUTBOUNDMESSAGEQUEUE31_G
GENEVA_ADMIN,AQ$_OUTBOUNDMESSAGEQUEUE31_H,GENEVA_ADMIN.AQ$_OUTBOUNDMESSAGEQUEUE31_H
GENEVA_ADMIN,AQ$_OUTBOUNDMESSAGEQUEUE31_I,GENEVA_ADMIN.AQ$_OUTBOUNDMESSAGEQUEUE31_I
GENEVA_ADMIN,AQ$_OUTBOUNDMESSAGEQUEUE31_L,GENEVA_ADMIN.AQ$_OUTBOUNDMESSAGEQUEUE31_L
GENEVA_ADMIN,AQ$_OUTBOUNDMESSAGEQUEUE31_S,GENEVA_ADMIN.AQ$_OUTBOUNDMESSAGEQUEUE31_S
GENEVA_ADMIN,AQ$_OUTBOUNDMESSAGEQUEUE31_T,GENEVA_ADMIN.AQ$_OUTBOUNDMESSAGEQUEUE31_T
GENEVA_ADMIN,AQ$_OUTBOUNDMESSAGEQUEUE32_G,GENEVA_ADMIN.AQ$_OUTBOUNDMESSAGEQUEUE32_G
GENEVA_ADMIN,AQ$_OUTBOUNDMESSAGEQUEUE32_H,GENEVA_ADMIN.AQ$_OUTBOUNDMESSAGEQUEUE32_H
GENEVA_ADMIN,AQ$_OUTBOUNDMESSAGEQUEUE32_I,GENEVA_ADMIN.AQ$_OUTBOUNDMESSAGEQUEUE32_I
GENEVA_ADMIN,AQ$_OUTBOUNDMESSAGEQUEUE32_L,GENEVA_ADMIN.AQ$_OUTBOUNDMESSAGEQUEUE32_L
GENEVA_ADMIN,AQ$_OUTBOUNDMESSAGEQUEUE32_S,GENEVA_ADMIN.AQ$_OUTBOUNDMESSAGEQUEUE32_S
GENEVA_ADMIN,AQ$_OUTBOUNDMESSAGEQUEUE32_T,GENEVA_ADMIN.AQ$_OUTBOUNDMESSAGEQUEUE32_T
GENEVA_ADMIN,AQ$_OUTBOUNDMESSAGEQUEUE33_G,GENEVA_ADMIN.AQ$_OUTBOUNDMESSAGEQUEUE33_G
GENEVA_ADMIN,AQ$_OUTBOUNDMESSAGEQUEUE33_H,GENEVA_ADMIN.AQ$_OUTBOUNDMESSAGEQUEUE33_H
GENEVA_ADMIN,AQ$_OUTBOUNDMESSAGEQUEUE33_I,GENEVA_ADMIN.AQ$_OUTBOUNDMESSAGEQUEUE33_I
GENEVA_ADMIN,AQ$_OUTBOUNDMESSAGEQUEUE33_L,GENEVA_ADMIN.AQ$_OUTBOUNDMESSAGEQUEUE33_L
GENEVA_ADMIN,AQ$_OUTBOUNDMESSAGEQUEUE33_S,GENEVA_ADMIN.AQ$_OUTBOUNDMESSAGEQUEUE33_S
GENEVA_ADMIN,AQ$_OUTBOUNDMESSAGEQUEUE33_T,GENEVA_ADMIN.AQ$_OUTBOUNDMESSAGEQUEUE33_T
GENEVA_ADMIN,AQ$_OUTBOUNDMESSAGEQUEUE34_G,GENEVA_ADMIN.AQ$_OUTBOUNDMESSAGEQUEUE34_G
GENEVA_ADMIN,AQ$_OUTBOUNDMESSAGEQUEUE34_H,GENEVA_ADMIN.AQ$_OUTBOUNDMESSAGEQUEUE34_H
GENEVA_ADMIN,AQ$_OUTBOUNDMESSAGEQUEUE34_I,GENEVA_ADMIN.AQ$_OUTBOUNDMESSAGEQUEUE34_I
GENEVA_ADMIN,AQ$_OUTBOUNDMESSAGEQUEUE34_L,GENEVA_ADMIN.AQ$_OUTBOUNDMESSAGEQUEUE34_L
GENEVA_ADMIN,AQ$_OUTBOUNDMESSAGEQUEUE34_S,GENEVA_ADMIN.AQ$_OUTBOUNDMESSAGEQUEUE34_S
GENEVA_ADMIN,AQ$_OUTBOUNDMESSAGEQUEUE34_T,GENEVA_ADMIN.AQ$_OUTBOUNDMESSAGEQUEUE34_T
GENEVA_ADMIN,AQ$_OUTBOUNDMESSAGEQUEUE35_G,GENEVA_ADMIN.AQ$_OUTBOUNDMESSAGEQUEUE35_G
GENEVA_ADMIN,AQ$_OUTBOUNDMESSAGEQUEUE35_H,GENEVA_ADMIN.AQ$_OUTBOUNDMESSAGEQUEUE35_H
GENEVA_ADMIN,AQ$_OUTBOUNDMESSAGEQUEUE35_I,GENEVA_ADMIN.AQ$_OUTBOUNDMESSAGEQUEUE35_I
GENEVA_ADMIN,AQ$_OUTBOUNDMESSAGEQUEUE35_L,GENEVA_ADMIN.AQ$_OUTBOUNDMESSAGEQUEUE35_L
GENEVA_ADMIN,AQ$_OUTBOUNDMESSAGEQUEUE35_S,GENEVA_ADMIN.AQ$_OUTBOUNDMESSAGEQUEUE35_S
GENEVA_ADMIN,AQ$_OUTBOUNDMESSAGEQUEUE35_T,GENEVA_ADMIN.AQ$_OUTBOUNDMESSAGEQUEUE35_T
GENEVA_ADMIN,AQ$_OUTBOUNDMESSAGEQUEUE36_G,GENEVA_ADMIN.AQ$_OUTBOUNDMESSAGEQUEUE36_G
GENEVA_ADMIN,AQ$_OUTBOUNDMESSAGEQUEUE36_H,GENEVA_ADMIN.AQ$_OUTBOUNDMESSAGEQUEUE36_H
GENEVA_ADMIN,AQ$_OUTBOUNDMESSAGEQUEUE36_I,GENEVA_ADMIN.AQ$_OUTBOUNDMESSAGEQUEUE36_I
GENEVA_ADMIN,AQ$_OUTBOUNDMESSAGEQUEUE36_L,GENEVA_ADMIN.AQ$_OUTBOUNDMESSAGEQUEUE36_L
GENEVA_ADMIN,AQ$_OUTBOUNDMESSAGEQUEUE36_S,GENEVA_ADMIN.AQ$_OUTBOUNDMESSAGEQUEUE36_S
GENEVA_ADMIN,AQ$_OUTBOUNDMESSAGEQUEUE36_T,GENEVA_ADMIN.AQ$_OUTBOUNDMESSAGEQUEUE36_T
GENEVA_ADMIN,AQ$_OUTBOUNDMESSAGEQUEUE37_G,GENEVA_ADMIN.AQ$_OUTBOUNDMESSAGEQUEUE37_G
GENEVA_ADMIN,AQ$_OUTBOUNDMESSAGEQUEUE37_H,GENEVA_ADMIN.AQ$_OUTBOUNDMESSAGEQUEUE37_H
GENEVA_ADMIN,AQ$_OUTBOUNDMESSAGEQUEUE37_I,GENEVA_ADMIN.AQ$_OUTBOUNDMESSAGEQUEUE37_I
GENEVA_ADMIN,AQ$_OUTBOUNDMESSAGEQUEUE37_L,GENEVA_ADMIN.AQ$_OUTBOUNDMESSAGEQUEUE37_L
GENEVA_ADMIN,AQ$_OUTBOUNDMESSAGEQUEUE37_S,GENEVA_ADMIN.AQ$_OUTBOUNDMESSAGEQUEUE37_S
GENEVA_ADMIN,AQ$_OUTBOUNDMESSAGEQUEUE37_T,GENEVA_ADMIN.AQ$_OUTBOUNDMESSAGEQUEUE37_T
GENEVA_ADMIN,AQ$_OUTBOUNDMESSAGEQUEUE38_G,GENEVA_ADMIN.AQ$_OUTBOUNDMESSAGEQUEUE38_G
GENEVA_ADMIN,AQ$_OUTBOUNDMESSAGEQUEUE38_H,GENEVA_ADMIN.AQ$_OUTBOUNDMESSAGEQUEUE38_H
GENEVA_ADMIN,AQ$_OUTBOUNDMESSAGEQUEUE38_I,GENEVA_ADMIN.AQ$_OUTBOUNDMESSAGEQUEUE38_I
GENEVA_ADMIN,AQ$_OUTBOUNDMESSAGEQUEUE38_L,GENEVA_ADMIN.AQ$_OUTBOUNDMESSAGEQUEUE38_L
GENEVA_ADMIN,AQ$_OUTBOUNDMESSAGEQUEUE38_S,GENEVA_ADMIN.AQ$_OUTBOUNDMESSAGEQUEUE38_S
GENEVA_ADMIN,AQ$_OUTBOUNDMESSAGEQUEUE38_T,GENEVA_ADMIN.AQ$_OUTBOUNDMESSAGEQUEUE38_T
GENEVA_ADMIN,AQ$_OUTBOUNDMESSAGEQUEUE39_G,GENEVA_ADMIN.AQ$_OUTBOUNDMESSAGEQUEUE39_G
GENEVA_ADMIN,AQ$_OUTBOUNDMESSAGEQUEUE39_H,GENEVA_ADMIN.AQ$_OUTBOUNDMESSAGEQUEUE39_H
GENEVA_ADMIN,AQ$_OUTBOUNDMESSAGEQUEUE39_I,GENEVA_ADMIN.AQ$_OUTBOUNDMESSAGEQUEUE39_I
GENEVA_ADMIN,AQ$_OUTBOUNDMESSAGEQUEUE39_L,GENEVA_ADMIN.AQ$_OUTBOUNDMESSAGEQUEUE39_L
GENEVA_ADMIN,AQ$_OUTBOUNDMESSAGEQUEUE39_S,GENEVA_ADMIN.AQ$_OUTBOUNDMESSAGEQUEUE39_S
GENEVA_ADMIN,AQ$_OUTBOUNDMESSAGEQUEUE39_T,GENEVA_ADMIN.AQ$_OUTBOUNDMESSAGEQUEUE39_T
GENEVA_ADMIN,AQ$_OUTBOUNDMESSAGEQUEUE3_G,GENEVA_ADMIN.AQ$_OUTBOUNDMESSAGEQUEUE3_G
GENEVA_ADMIN,AQ$_OUTBOUNDMESSAGEQUEUE3_H,GENEVA_ADMIN.AQ$_OUTBOUNDMESSAGEQUEUE3_H
GENEVA_ADMIN,AQ$_OUTBOUNDMESSAGEQUEUE3_I,GENEVA_ADMIN.AQ$_OUTBOUNDMESSAGEQUEUE3_I
GENEVA_ADMIN,AQ$_OUTBOUNDMESSAGEQUEUE3_L,GENEVA_ADMIN.AQ$_OUTBOUNDMESSAGEQUEUE3_L
GENEVA_ADMIN,AQ$_OUTBOUNDMESSAGEQUEUE3_S,GENEVA_ADMIN.AQ$_OUTBOUNDMESSAGEQUEUE3_S
GENEVA_ADMIN,AQ$_OUTBOUNDMESSAGEQUEUE3_T,GENEVA_ADMIN.AQ$_OUTBOUNDMESSAGEQUEUE3_T
GENEVA_ADMIN,AQ$_OUTBOUNDMESSAGEQUEUE40_G,GENEVA_ADMIN.AQ$_OUTBOUNDMESSAGEQUEUE40_G
GENEVA_ADMIN,AQ$_OUTBOUNDMESSAGEQUEUE40_H,GENEVA_ADMIN.AQ$_OUTBOUNDMESSAGEQUEUE40_H
GENEVA_ADMIN,AQ$_OUTBOUNDMESSAGEQUEUE40_I,GENEVA_ADMIN.AQ$_OUTBOUNDMESSAGEQUEUE40_I
GENEVA_ADMIN,AQ$_OUTBOUNDMESSAGEQUEUE40_L,GENEVA_ADMIN.AQ$_OUTBOUNDMESSAGEQUEUE40_L
GENEVA_ADMIN,AQ$_OUTBOUNDMESSAGEQUEUE40_S,GENEVA_ADMIN.AQ$_OUTBOUNDMESSAGEQUEUE40_S
GENEVA_ADMIN,AQ$_OUTBOUNDMESSAGEQUEUE40_T,GENEVA_ADMIN.AQ$_OUTBOUNDMESSAGEQUEUE40_T
GENEVA_ADMIN,AQ$_OUTBOUNDMESSAGEQUEUE41_G,GENEVA_ADMIN.AQ$_OUTBOUNDMESSAGEQUEUE41_G
GENEVA_ADMIN,AQ$_OUTBOUNDMESSAGEQUEUE41_H,GENEVA_ADMIN.AQ$_OUTBOUNDMESSAGEQUEUE41_H
GENEVA_ADMIN,AQ$_OUTBOUNDMESSAGEQUEUE41_I,GENEVA_ADMIN.AQ$_OUTBOUNDMESSAGEQUEUE41_I
GENEVA_ADMIN,AQ$_OUTBOUNDMESSAGEQUEUE41_L,GENEVA_ADMIN.AQ$_OUTBOUNDMESSAGEQUEUE41_L
GENEVA_ADMIN,AQ$_OUTBOUNDMESSAGEQUEUE41_S,GENEVA_ADMIN.AQ$_OUTBOUNDMESSAGEQUEUE41_S
GENEVA_ADMIN,AQ$_OUTBOUNDMESSAGEQUEUE41_T,GENEVA_ADMIN.AQ$_OUTBOUNDMESSAGEQUEUE41_T
GENEVA_ADMIN,AQ$_OUTBOUNDMESSAGEQUEUE42_G,GENEVA_ADMIN.AQ$_OUTBOUNDMESSAGEQUEUE42_G
GENEVA_ADMIN,AQ$_OUTBOUNDMESSAGEQUEUE42_H,GENEVA_ADMIN.AQ$_OUTBOUNDMESSAGEQUEUE42_H
GENEVA_ADMIN,AQ$_OUTBOUNDMESSAGEQUEUE42_I,GENEVA_ADMIN.AQ$_OUTBOUNDMESSAGEQUEUE42_I
GENEVA_ADMIN,AQ$_OUTBOUNDMESSAGEQUEUE42_L,GENEVA_ADMIN.AQ$_OUTBOUNDMESSAGEQUEUE42_L
GENEVA_ADMIN,AQ$_OUTBOUNDMESSAGEQUEUE42_S,GENEVA_ADMIN.AQ$_OUTBOUNDMESSAGEQUEUE42_S
GENEVA_ADMIN,AQ$_OUTBOUNDMESSAGEQUEUE42_T,GENEVA_ADMIN.AQ$_OUTBOUNDMESSAGEQUEUE42_T
GENEVA_ADMIN,AQ$_OUTBOUNDMESSAGEQUEUE43_G,GENEVA_ADMIN.AQ$_OUTBOUNDMESSAGEQUEUE43_G
GENEVA_ADMIN,AQ$_OUTBOUNDMESSAGEQUEUE43_H,GENEVA_ADMIN.AQ$_OUTBOUNDMESSAGEQUEUE43_H
GENEVA_ADMIN,AQ$_OUTBOUNDMESSAGEQUEUE43_I,GENEVA_ADMIN.AQ$_OUTBOUNDMESSAGEQUEUE43_I
GENEVA_ADMIN,AQ$_OUTBOUNDMESSAGEQUEUE43_L,GENEVA_ADMIN.AQ$_OUTBOUNDMESSAGEQUEUE43_L
GENEVA_ADMIN,AQ$_OUTBOUNDMESSAGEQUEUE43_S,GENEVA_ADMIN.AQ$_OUTBOUNDMESSAGEQUEUE43_S
GENEVA_ADMIN,AQ$_OUTBOUNDMESSAGEQUEUE43_T,GENEVA_ADMIN.AQ$_OUTBOUNDMESSAGEQUEUE43_T
GENEVA_ADMIN,AQ$_OUTBOUNDMESSAGEQUEUE44_G,GENEVA_ADMIN.AQ$_OUTBOUNDMESSAGEQUEUE44_G
GENEVA_ADMIN,AQ$_OUTBOUNDMESSAGEQUEUE44_H,GENEVA_ADMIN.AQ$_OUTBOUNDMESSAGEQUEUE44_H
GENEVA_ADMIN,AQ$_OUTBOUNDMESSAGEQUEUE44_I,GENEVA_ADMIN.AQ$_OUTBOUNDMESSAGEQUEUE44_I
GENEVA_ADMIN,AQ$_OUTBOUNDMESSAGEQUEUE44_L,GENEVA_ADMIN.AQ$_OUTBOUNDMESSAGEQUEUE44_L
GENEVA_ADMIN,AQ$_OUTBOUNDMESSAGEQUEUE44_S,GENEVA_ADMIN.AQ$_OUTBOUNDMESSAGEQUEUE44_S
GENEVA_ADMIN,AQ$_OUTBOUNDMESSAGEQUEUE44_T,GENEVA_ADMIN.AQ$_OUTBOUNDMESSAGEQUEUE44_T
GENEVA_ADMIN,AQ$_OUTBOUNDMESSAGEQUEUE45_G,GENEVA_ADMIN.AQ$_OUTBOUNDMESSAGEQUEUE45_G
GENEVA_ADMIN,AQ$_OUTBOUNDMESSAGEQUEUE45_H,GENEVA_ADMIN.AQ$_OUTBOUNDMESSAGEQUEUE45_H
GENEVA_ADMIN,AQ$_OUTBOUNDMESSAGEQUEUE45_I,GENEVA_ADMIN.AQ$_OUTBOUNDMESSAGEQUEUE45_I
GENEVA_ADMIN,AQ$_OUTBOUNDMESSAGEQUEUE45_L,GENEVA_ADMIN.AQ$_OUTBOUNDMESSAGEQUEUE45_L
GENEVA_ADMIN,AQ$_OUTBOUNDMESSAGEQUEUE45_S,GENEVA_ADMIN.AQ$_OUTBOUNDMESSAGEQUEUE45_S
GENEVA_ADMIN,AQ$_OUTBOUNDMESSAGEQUEUE45_T,GENEVA_ADMIN.AQ$_OUTBOUNDMESSAGEQUEUE45_T
GENEVA_ADMIN,AQ$_OUTBOUNDMESSAGEQUEUE46_G,GENEVA_ADMIN.AQ$_OUTBOUNDMESSAGEQUEUE46_G
GENEVA_ADMIN,AQ$_OUTBOUNDMESSAGEQUEUE46_H,GENEVA_ADMIN.AQ$_OUTBOUNDMESSAGEQUEUE46_H
GENEVA_ADMIN,AQ$_OUTBOUNDMESSAGEQUEUE46_I,GENEVA_ADMIN.AQ$_OUTBOUNDMESSAGEQUEUE46_I
GENEVA_ADMIN,AQ$_OUTBOUNDMESSAGEQUEUE46_L,GENEVA_ADMIN.AQ$_OUTBOUNDMESSAGEQUEUE46_L
GENEVA_ADMIN,AQ$_OUTBOUNDMESSAGEQUEUE46_S,GENEVA_ADMIN.AQ$_OUTBOUNDMESSAGEQUEUE46_S
GENEVA_ADMIN,AQ$_OUTBOUNDMESSAGEQUEUE46_T,GENEVA_ADMIN.AQ$_OUTBOUNDMESSAGEQUEUE46_T
GENEVA_ADMIN,AQ$_OUTBOUNDMESSAGEQUEUE47_G,GENEVA_ADMIN.AQ$_OUTBOUNDMESSAGEQUEUE47_G
GENEVA_ADMIN,AQ$_OUTBOUNDMESSAGEQUEUE47_H,GENEVA_ADMIN.AQ$_OUTBOUNDMESSAGEQUEUE47_H
GENEVA_ADMIN,AQ$_OUTBOUNDMESSAGEQUEUE47_I,GENEVA_ADMIN.AQ$_OUTBOUNDMESSAGEQUEUE47_I
GENEVA_ADMIN,AQ$_OUTBOUNDMESSAGEQUEUE47_L,GENEVA_ADMIN.AQ$_OUTBOUNDMESSAGEQUEUE47_L
GENEVA_ADMIN,AQ$_OUTBOUNDMESSAGEQUEUE47_S,GENEVA_ADMIN.AQ$_OUTBOUNDMESSAGEQUEUE47_S
GENEVA_ADMIN,AQ$_OUTBOUNDMESSAGEQUEUE47_T,GENEVA_ADMIN.AQ$_OUTBOUNDMESSAGEQUEUE47_T
GENEVA_ADMIN,AQ$_OUTBOUNDMESSAGEQUEUE48_G,GENEVA_ADMIN.AQ$_OUTBOUNDMESSAGEQUEUE48_G
GENEVA_ADMIN,AQ$_OUTBOUNDMESSAGEQUEUE48_H,GENEVA_ADMIN.AQ$_OUTBOUNDMESSAGEQUEUE48_H
GENEVA_ADMIN,AQ$_OUTBOUNDMESSAGEQUEUE48_I,GENEVA_ADMIN.AQ$_OUTBOUNDMESSAGEQUEUE48_I
GENEVA_ADMIN,AQ$_OUTBOUNDMESSAGEQUEUE48_L,GENEVA_ADMIN.AQ$_OUTBOUNDMESSAGEQUEUE48_L
GENEVA_ADMIN,AQ$_OUTBOUNDMESSAGEQUEUE48_S,GENEVA_ADMIN.AQ$_OUTBOUNDMESSAGEQUEUE48_S
GENEVA_ADMIN,AQ$_OUTBOUNDMESSAGEQUEUE48_T,GENEVA_ADMIN.AQ$_OUTBOUNDMESSAGEQUEUE48_T
GENEVA_ADMIN,AQ$_OUTBOUNDMESSAGEQUEUE49_G,GENEVA_ADMIN.AQ$_OUTBOUNDMESSAGEQUEUE49_G
GENEVA_ADMIN,AQ$_OUTBOUNDMESSAGEQUEUE49_H,GENEVA_ADMIN.AQ$_OUTBOUNDMESSAGEQUEUE49_H
GENEVA_ADMIN,AQ$_OUTBOUNDMESSAGEQUEUE49_I,GENEVA_ADMIN.AQ$_OUTBOUNDMESSAGEQUEUE49_I
GENEVA_ADMIN,AQ$_OUTBOUNDMESSAGEQUEUE49_L,GENEVA_ADMIN.AQ$_OUTBOUNDMESSAGEQUEUE49_L
GENEVA_ADMIN,AQ$_OUTBOUNDMESSAGEQUEUE49_S,GENEVA_ADMIN.AQ$_OUTBOUNDMESSAGEQUEUE49_S
GENEVA_ADMIN,AQ$_OUTBOUNDMESSAGEQUEUE49_T,GENEVA_ADMIN.AQ$_OUTBOUNDMESSAGEQUEUE49_T
GENEVA_ADMIN,AQ$_OUTBOUNDMESSAGEQUEUE4_G,GENEVA_ADMIN.AQ$_OUTBOUNDMESSAGEQUEUE4_G
GENEVA_ADMIN,AQ$_OUTBOUNDMESSAGEQUEUE4_H,GENEVA_ADMIN.AQ$_OUTBOUNDMESSAGEQUEUE4_H
GENEVA_ADMIN,AQ$_OUTBOUNDMESSAGEQUEUE4_I,GENEVA_ADMIN.AQ$_OUTBOUNDMESSAGEQUEUE4_I
GENEVA_ADMIN,AQ$_OUTBOUNDMESSAGEQUEUE4_L,GENEVA_ADMIN.AQ$_OUTBOUNDMESSAGEQUEUE4_L
GENEVA_ADMIN,AQ$_OUTBOUNDMESSAGEQUEUE4_S,GENEVA_ADMIN.AQ$_OUTBOUNDMESSAGEQUEUE4_S
GENEVA_ADMIN,AQ$_OUTBOUNDMESSAGEQUEUE4_T,GENEVA_ADMIN.AQ$_OUTBOUNDMESSAGEQUEUE4_T
GENEVA_ADMIN,AQ$_OUTBOUNDMESSAGEQUEUE50_G,GENEVA_ADMIN.AQ$_OUTBOUNDMESSAGEQUEUE50_G
GENEVA_ADMIN,AQ$_OUTBOUNDMESSAGEQUEUE50_H,GENEVA_ADMIN.AQ$_OUTBOUNDMESSAGEQUEUE50_H
GENEVA_ADMIN,AQ$_OUTBOUNDMESSAGEQUEUE50_I,GENEVA_ADMIN.AQ$_OUTBOUNDMESSAGEQUEUE50_I
GENEVA_ADMIN,AQ$_OUTBOUNDMESSAGEQUEUE50_L,GENEVA_ADMIN.AQ$_OUTBOUNDMESSAGEQUEUE50_L
GENEVA_ADMIN,AQ$_OUTBOUNDMESSAGEQUEUE50_S,GENEVA_ADMIN.AQ$_OUTBOUNDMESSAGEQUEUE50_S
GENEVA_ADMIN,AQ$_OUTBOUNDMESSAGEQUEUE50_T,GENEVA_ADMIN.AQ$_OUTBOUNDMESSAGEQUEUE50_T
GENEVA_ADMIN,AQ$_OUTBOUNDMESSAGEQUEUE51_G,GENEVA_ADMIN.AQ$_OUTBOUNDMESSAGEQUEUE51_G
GENEVA_ADMIN,AQ$_OUTBOUNDMESSAGEQUEUE51_H,GENEVA_ADMIN.AQ$_OUTBOUNDMESSAGEQUEUE51_H
GENEVA_ADMIN,AQ$_OUTBOUNDMESSAGEQUEUE51_I,GENEVA_ADMIN.AQ$_OUTBOUNDMESSAGEQUEUE51_I
GENEVA_ADMIN,AQ$_OUTBOUNDMESSAGEQUEUE51_L,GENEVA_ADMIN.AQ$_OUTBOUNDMESSAGEQUEUE51_L
GENEVA_ADMIN,AQ$_OUTBOUNDMESSAGEQUEUE51_S,GENEVA_ADMIN.AQ$_OUTBOUNDMESSAGEQUEUE51_S
GENEVA_ADMIN,AQ$_OUTBOUNDMESSAGEQUEUE51_T,GENEVA_ADMIN.AQ$_OUTBOUNDMESSAGEQUEUE51_T
GENEVA_ADMIN,AQ$_OUTBOUNDMESSAGEQUEUE52_G,GENEVA_ADMIN.AQ$_OUTBOUNDMESSAGEQUEUE52_G
GENEVA_ADMIN,AQ$_OUTBOUNDMESSAGEQUEUE52_H,GENEVA_ADMIN.AQ$_OUTBOUNDMESSAGEQUEUE52_H
GENEVA_ADMIN,AQ$_OUTBOUNDMESSAGEQUEUE52_I,GENEVA_ADMIN.AQ$_OUTBOUNDMESSAGEQUEUE52_I
GENEVA_ADMIN,AQ$_OUTBOUNDMESSAGEQUEUE52_L,GENEVA_ADMIN.AQ$_OUTBOUNDMESSAGEQUEUE52_L
GENEVA_ADMIN,AQ$_OUTBOUNDMESSAGEQUEUE52_S,GENEVA_ADMIN.AQ$_OUTBOUNDMESSAGEQUEUE52_S
GENEVA_ADMIN,AQ$_OUTBOUNDMESSAGEQUEUE52_T,GENEVA_ADMIN.AQ$_OUTBOUNDMESSAGEQUEUE52_T
GENEVA_ADMIN,AQ$_OUTBOUNDMESSAGEQUEUE53_G,GENEVA_ADMIN.AQ$_OUTBOUNDMESSAGEQUEUE53_G
GENEVA_ADMIN,AQ$_OUTBOUNDMESSAGEQUEUE53_H,GENEVA_ADMIN.AQ$_OUTBOUNDMESSAGEQUEUE53_H
GENEVA_ADMIN,AQ$_OUTBOUNDMESSAGEQUEUE53_I,GENEVA_ADMIN.AQ$_OUTBOUNDMESSAGEQUEUE53_I
GENEVA_ADMIN,AQ$_OUTBOUNDMESSAGEQUEUE53_L,GENEVA_ADMIN.AQ$_OUTBOUNDMESSAGEQUEUE53_L
GENEVA_ADMIN,AQ$_OUTBOUNDMESSAGEQUEUE53_S,GENEVA_ADMIN.AQ$_OUTBOUNDMESSAGEQUEUE53_S
GENEVA_ADMIN,AQ$_OUTBOUNDMESSAGEQUEUE53_T,GENEVA_ADMIN.AQ$_OUTBOUNDMESSAGEQUEUE53_T
GENEVA_ADMIN,AQ$_OUTBOUNDMESSAGEQUEUE54_G,GENEVA_ADMIN.AQ$_OUTBOUNDMESSAGEQUEUE54_G
GENEVA_ADMIN,AQ$_OUTBOUNDMESSAGEQUEUE54_H,GENEVA_ADMIN.AQ$_OUTBOUNDMESSAGEQUEUE54_H
GENEVA_ADMIN,AQ$_OUTBOUNDMESSAGEQUEUE54_I,GENEVA_ADMIN.AQ$_OUTBOUNDMESSAGEQUEUE54_I
GENEVA_ADMIN,AQ$_OUTBOUNDMESSAGEQUEUE54_L,GENEVA_ADMIN.AQ$_OUTBOUNDMESSAGEQUEUE54_L
GENEVA_ADMIN,AQ$_OUTBOUNDMESSAGEQUEUE54_S,GENEVA_ADMIN.AQ$_OUTBOUNDMESSAGEQUEUE54_S
GENEVA_ADMIN,AQ$_OUTBOUNDMESSAGEQUEUE54_T,GENEVA_ADMIN.AQ$_OUTBOUNDMESSAGEQUEUE54_T
GENEVA_ADMIN,AQ$_OUTBOUNDMESSAGEQUEUE55_G,GENEVA_ADMIN.AQ$_OUTBOUNDMESSAGEQUEUE55_G
GENEVA_ADMIN,AQ$_OUTBOUNDMESSAGEQUEUE55_H,GENEVA_ADMIN.AQ$_OUTBOUNDMESSAGEQUEUE55_H
GENEVA_ADMIN,AQ$_OUTBOUNDMESSAGEQUEUE55_I,GENEVA_ADMIN.AQ$_OUTBOUNDMESSAGEQUEUE55_I
GENEVA_ADMIN,AQ$_OUTBOUNDMESSAGEQUEUE55_L,GENEVA_ADMIN.AQ$_OUTBOUNDMESSAGEQUEUE55_L
GENEVA_ADMIN,AQ$_OUTBOUNDMESSAGEQUEUE55_S,GENEVA_ADMIN.AQ$_OUTBOUNDMESSAGEQUEUE55_S
GENEVA_ADMIN,AQ$_OUTBOUNDMESSAGEQUEUE55_T,GENEVA_ADMIN.AQ$_OUTBOUNDMESSAGEQUEUE55_T
GENEVA_ADMIN,AQ$_OUTBOUNDMESSAGEQUEUE56_G,GENEVA_ADMIN.AQ$_OUTBOUNDMESSAGEQUEUE56_G
GENEVA_ADMIN,AQ$_OUTBOUNDMESSAGEQUEUE56_H,GENEVA_ADMIN.AQ$_OUTBOUNDMESSAGEQUEUE56_H
GENEVA_ADMIN,AQ$_OUTBOUNDMESSAGEQUEUE56_I,GENEVA_ADMIN.AQ$_OUTBOUNDMESSAGEQUEUE56_I
GENEVA_ADMIN,AQ$_OUTBOUNDMESSAGEQUEUE56_L,GENEVA_ADMIN.AQ$_OUTBOUNDMESSAGEQUEUE56_L
GENEVA_ADMIN,AQ$_OUTBOUNDMESSAGEQUEUE56_S,GENEVA_ADMIN.AQ$_OUTBOUNDMESSAGEQUEUE56_S
GENEVA_ADMIN,AQ$_OUTBOUNDMESSAGEQUEUE56_T,GENEVA_ADMIN.AQ$_OUTBOUNDMESSAGEQUEUE56_T
GENEVA_ADMIN,AQ$_OUTBOUNDMESSAGEQUEUE57_G,GENEVA_ADMIN.AQ$_OUTBOUNDMESSAGEQUEUE57_G
GENEVA_ADMIN,AQ$_OUTBOUNDMESSAGEQUEUE57_H,GENEVA_ADMIN.AQ$_OUTBOUNDMESSAGEQUEUE57_H
GENEVA_ADMIN,AQ$_OUTBOUNDMESSAGEQUEUE57_I,GENEVA_ADMIN.AQ$_OUTBOUNDMESSAGEQUEUE57_I
GENEVA_ADMIN,AQ$_OUTBOUNDMESSAGEQUEUE57_L,GENEVA_ADMIN.AQ$_OUTBOUNDMESSAGEQUEUE57_L
GENEVA_ADMIN,AQ$_OUTBOUNDMESSAGEQUEUE57_S,GENEVA_ADMIN.AQ$_OUTBOUNDMESSAGEQUEUE57_S
GENEVA_ADMIN,AQ$_OUTBOUNDMESSAGEQUEUE57_T,GENEVA_ADMIN.AQ$_OUTBOUNDMESSAGEQUEUE57_T
GENEVA_ADMIN,AQ$_OUTBOUNDMESSAGEQUEUE58_G,GENEVA_ADMIN.AQ$_OUTBOUNDMESSAGEQUEUE58_G
GENEVA_ADMIN,AQ$_OUTBOUNDMESSAGEQUEUE58_H,GENEVA_ADMIN.AQ$_OUTBOUNDMESSAGEQUEUE58_H
GENEVA_ADMIN,AQ$_OUTBOUNDMESSAGEQUEUE58_I,GENEVA_ADMIN.AQ$_OUTBOUNDMESSAGEQUEUE58_I
GENEVA_ADMIN,AQ$_OUTBOUNDMESSAGEQUEUE58_L,GENEVA_ADMIN.AQ$_OUTBOUNDMESSAGEQUEUE58_L
GENEVA_ADMIN,AQ$_OUTBOUNDMESSAGEQUEUE58_S,GENEVA_ADMIN.AQ$_OUTBOUNDMESSAGEQUEUE58_S
GENEVA_ADMIN,AQ$_OUTBOUNDMESSAGEQUEUE58_T,GENEVA_ADMIN.AQ$_OUTBOUNDMESSAGEQUEUE58_T
GENEVA_ADMIN,AQ$_OUTBOUNDMESSAGEQUEUE59_G,GENEVA_ADMIN.AQ$_OUTBOUNDMESSAGEQUEUE59_G
GENEVA_ADMIN,AQ$_OUTBOUNDMESSAGEQUEUE59_H,GENEVA_ADMIN.AQ$_OUTBOUNDMESSAGEQUEUE59_H
GENEVA_ADMIN,AQ$_OUTBOUNDMESSAGEQUEUE59_I,GENEVA_ADMIN.AQ$_OUTBOUNDMESSAGEQUEUE59_I
GENEVA_ADMIN,AQ$_OUTBOUNDMESSAGEQUEUE59_L,GENEVA_ADMIN.AQ$_OUTBOUNDMESSAGEQUEUE59_L
GENEVA_ADMIN,AQ$_OUTBOUNDMESSAGEQUEUE59_S,GENEVA_ADMIN.AQ$_OUTBOUNDMESSAGEQUEUE59_S
GENEVA_ADMIN,AQ$_OUTBOUNDMESSAGEQUEUE59_T,GENEVA_ADMIN.AQ$_OUTBOUNDMESSAGEQUEUE59_T
GENEVA_ADMIN,AQ$_OUTBOUNDMESSAGEQUEUE5_G,GENEVA_ADMIN.AQ$_OUTBOUNDMESSAGEQUEUE5_G
GENEVA_ADMIN,AQ$_OUTBOUNDMESSAGEQUEUE5_H,GENEVA_ADMIN.AQ$_OUTBOUNDMESSAGEQUEUE5_H
GENEVA_ADMIN,AQ$_OUTBOUNDMESSAGEQUEUE5_I,GENEVA_ADMIN.AQ$_OUTBOUNDMESSAGEQUEUE5_I
GENEVA_ADMIN,AQ$_OUTBOUNDMESSAGEQUEUE5_L,GENEVA_ADMIN.AQ$_OUTBOUNDMESSAGEQUEUE5_L
GENEVA_ADMIN,AQ$_OUTBOUNDMESSAGEQUEUE5_S,GENEVA_ADMIN.AQ$_OUTBOUNDMESSAGEQUEUE5_S
GENEVA_ADMIN,AQ$_OUTBOUNDMESSAGEQUEUE5_T,GENEVA_ADMIN.AQ$_OUTBOUNDMESSAGEQUEUE5_T
GENEVA_ADMIN,AQ$_OUTBOUNDMESSAGEQUEUE60_G,GENEVA_ADMIN.AQ$_OUTBOUNDMESSAGEQUEUE60_G
GENEVA_ADMIN,AQ$_OUTBOUNDMESSAGEQUEUE60_H,GENEVA_ADMIN.AQ$_OUTBOUNDMESSAGEQUEUE60_H
GENEVA_ADMIN,AQ$_OUTBOUNDMESSAGEQUEUE60_I,GENEVA_ADMIN.AQ$_OUTBOUNDMESSAGEQUEUE60_I
GENEVA_ADMIN,AQ$_OUTBOUNDMESSAGEQUEUE60_L,GENEVA_ADMIN.AQ$_OUTBOUNDMESSAGEQUEUE60_L
GENEVA_ADMIN,AQ$_OUTBOUNDMESSAGEQUEUE60_S,GENEVA_ADMIN.AQ$_OUTBOUNDMESSAGEQUEUE60_S
GENEVA_ADMIN,AQ$_OUTBOUNDMESSAGEQUEUE60_T,GENEVA_ADMIN.AQ$_OUTBOUNDMESSAGEQUEUE60_T
GENEVA_ADMIN,AQ$_OUTBOUNDMESSAGEQUEUE6_G,GENEVA_ADMIN.AQ$_OUTBOUNDMESSAGEQUEUE6_G
GENEVA_ADMIN,AQ$_OUTBOUNDMESSAGEQUEUE6_H,GENEVA_ADMIN.AQ$_OUTBOUNDMESSAGEQUEUE6_H
GENEVA_ADMIN,AQ$_OUTBOUNDMESSAGEQUEUE6_I,GENEVA_ADMIN.AQ$_OUTBOUNDMESSAGEQUEUE6_I
GENEVA_ADMIN,AQ$_OUTBOUNDMESSAGEQUEUE6_L,GENEVA_ADMIN.AQ$_OUTBOUNDMESSAGEQUEUE6_L
GENEVA_ADMIN,AQ$_OUTBOUNDMESSAGEQUEUE6_S,GENEVA_ADMIN.AQ$_OUTBOUNDMESSAGEQUEUE6_S
GENEVA_ADMIN,AQ$_OUTBOUNDMESSAGEQUEUE6_T,GENEVA_ADMIN.AQ$_OUTBOUNDMESSAGEQUEUE6_T
GENEVA_ADMIN,AQ$_OUTBOUNDMESSAGEQUEUE7_G,GENEVA_ADMIN.AQ$_OUTBOUNDMESSAGEQUEUE7_G
GENEVA_ADMIN,AQ$_OUTBOUNDMESSAGEQUEUE7_H,GENEVA_ADMIN.AQ$_OUTBOUNDMESSAGEQUEUE7_H
GENEVA_ADMIN,AQ$_OUTBOUNDMESSAGEQUEUE7_I,GENEVA_ADMIN.AQ$_OUTBOUNDMESSAGEQUEUE7_I
GENEVA_ADMIN,AQ$_OUTBOUNDMESSAGEQUEUE7_L,GENEVA_ADMIN.AQ$_OUTBOUNDMESSAGEQUEUE7_L
GENEVA_ADMIN,AQ$_OUTBOUNDMESSAGEQUEUE7_S,GENEVA_ADMIN.AQ$_OUTBOUNDMESSAGEQUEUE7_S
GENEVA_ADMIN,AQ$_OUTBOUNDMESSAGEQUEUE7_T,GENEVA_ADMIN.AQ$_OUTBOUNDMESSAGEQUEUE7_T
GENEVA_ADMIN,AQ$_OUTBOUNDMESSAGEQUEUE8_G,GENEVA_ADMIN.AQ$_OUTBOUNDMESSAGEQUEUE8_G
GENEVA_ADMIN,AQ$_OUTBOUNDMESSAGEQUEUE8_H,GENEVA_ADMIN.AQ$_OUTBOUNDMESSAGEQUEUE8_H
GENEVA_ADMIN,AQ$_OUTBOUNDMESSAGEQUEUE8_I,GENEVA_ADMIN.AQ$_OUTBOUNDMESSAGEQUEUE8_I
GENEVA_ADMIN,AQ$_OUTBOUNDMESSAGEQUEUE8_L,GENEVA_ADMIN.AQ$_OUTBOUNDMESSAGEQUEUE8_L
GENEVA_ADMIN,AQ$_OUTBOUNDMESSAGEQUEUE8_S,GENEVA_ADMIN.AQ$_OUTBOUNDMESSAGEQUEUE8_S
GENEVA_ADMIN,AQ$_OUTBOUNDMESSAGEQUEUE8_T,GENEVA_ADMIN.AQ$_OUTBOUNDMESSAGEQUEUE8_T
GENEVA_ADMIN,AQ$_OUTBOUNDMESSAGEQUEUE9_G,GENEVA_ADMIN.AQ$_OUTBOUNDMESSAGEQUEUE9_G
GENEVA_ADMIN,AQ$_OUTBOUNDMESSAGEQUEUE9_H,GENEVA_ADMIN.AQ$_OUTBOUNDMESSAGEQUEUE9_H
GENEVA_ADMIN,AQ$_OUTBOUNDMESSAGEQUEUE9_I,GENEVA_ADMIN.AQ$_OUTBOUNDMESSAGEQUEUE9_I
GENEVA_ADMIN,AQ$_OUTBOUNDMESSAGEQUEUE9_L,GENEVA_ADMIN.AQ$_OUTBOUNDMESSAGEQUEUE9_L
GENEVA_ADMIN,AQ$_OUTBOUNDMESSAGEQUEUE9_S,GENEVA_ADMIN.AQ$_OUTBOUNDMESSAGEQUEUE9_S
GENEVA_ADMIN,AQ$_OUTBOUNDMESSAGEQUEUE9_T,GENEVA_ADMIN.AQ$_OUTBOUNDMESSAGEQUEUE9_T
GENEVA_ADMIN,AQ$_PROMOTIONQUEUE10_G,GENEVA_ADMIN.AQ$_PROMOTIONQUEUE10_G
GENEVA_ADMIN,AQ$_PROMOTIONQUEUE10_H,GENEVA_ADMIN.AQ$_PROMOTIONQUEUE10_H
GENEVA_ADMIN,AQ$_PROMOTIONQUEUE10_I,GENEVA_ADMIN.AQ$_PROMOTIONQUEUE10_I
GENEVA_ADMIN,AQ$_PROMOTIONQUEUE10_L,GENEVA_ADMIN.AQ$_PROMOTIONQUEUE10_L
GENEVA_ADMIN,AQ$_PROMOTIONQUEUE10_S,GENEVA_ADMIN.AQ$_PROMOTIONQUEUE10_S
GENEVA_ADMIN,AQ$_PROMOTIONQUEUE10_T,GENEVA_ADMIN.AQ$_PROMOTIONQUEUE10_T
GENEVA_ADMIN,AQ$_PROMOTIONQUEUE11_G,GENEVA_ADMIN.AQ$_PROMOTIONQUEUE11_G
GENEVA_ADMIN,AQ$_PROMOTIONQUEUE11_H,GENEVA_ADMIN.AQ$_PROMOTIONQUEUE11_H
GENEVA_ADMIN,AQ$_PROMOTIONQUEUE11_I,GENEVA_ADMIN.AQ$_PROMOTIONQUEUE11_I
GENEVA_ADMIN,AQ$_PROMOTIONQUEUE11_L,GENEVA_ADMIN.AQ$_PROMOTIONQUEUE11_L
GENEVA_ADMIN,AQ$_PROMOTIONQUEUE11_S,GENEVA_ADMIN.AQ$_PROMOTIONQUEUE11_S
GENEVA_ADMIN,AQ$_PROMOTIONQUEUE11_T,GENEVA_ADMIN.AQ$_PROMOTIONQUEUE11_T
GENEVA_ADMIN,AQ$_PROMOTIONQUEUE12_G,GENEVA_ADMIN.AQ$_PROMOTIONQUEUE12_G
GENEVA_ADMIN,AQ$_PROMOTIONQUEUE12_H,GENEVA_ADMIN.AQ$_PROMOTIONQUEUE12_H
GENEVA_ADMIN,AQ$_PROMOTIONQUEUE12_I,GENEVA_ADMIN.AQ$_PROMOTIONQUEUE12_I
GENEVA_ADMIN,AQ$_PROMOTIONQUEUE12_L,GENEVA_ADMIN.AQ$_PROMOTIONQUEUE12_L
GENEVA_ADMIN,AQ$_PROMOTIONQUEUE12_S,GENEVA_ADMIN.AQ$_PROMOTIONQUEUE12_S
GENEVA_ADMIN,AQ$_PROMOTIONQUEUE12_T,GENEVA_ADMIN.AQ$_PROMOTIONQUEUE12_T
GENEVA_ADMIN,AQ$_PROMOTIONQUEUE13_G,GENEVA_ADMIN.AQ$_PROMOTIONQUEUE13_G
GENEVA_ADMIN,AQ$_PROMOTIONQUEUE13_H,GENEVA_ADMIN.AQ$_PROMOTIONQUEUE13_H
GENEVA_ADMIN,AQ$_PROMOTIONQUEUE13_I,GENEVA_ADMIN.AQ$_PROMOTIONQUEUE13_I
GENEVA_ADMIN,AQ$_PROMOTIONQUEUE13_L,GENEVA_ADMIN.AQ$_PROMOTIONQUEUE13_L
GENEVA_ADMIN,AQ$_PROMOTIONQUEUE13_S,GENEVA_ADMIN.AQ$_PROMOTIONQUEUE13_S
GENEVA_ADMIN,AQ$_PROMOTIONQUEUE13_T,GENEVA_ADMIN.AQ$_PROMOTIONQUEUE13_T
GENEVA_ADMIN,AQ$_PROMOTIONQUEUE14_G,GENEVA_ADMIN.AQ$_PROMOTIONQUEUE14_G
GENEVA_ADMIN,AQ$_PROMOTIONQUEUE14_H,GENEVA_ADMIN.AQ$_PROMOTIONQUEUE14_H
GENEVA_ADMIN,AQ$_PROMOTIONQUEUE14_I,GENEVA_ADMIN.AQ$_PROMOTIONQUEUE14_I
GENEVA_ADMIN,AQ$_PROMOTIONQUEUE14_L,GENEVA_ADMIN.AQ$_PROMOTIONQUEUE14_L
GENEVA_ADMIN,AQ$_PROMOTIONQUEUE14_S,GENEVA_ADMIN.AQ$_PROMOTIONQUEUE14_S
GENEVA_ADMIN,AQ$_PROMOTIONQUEUE14_T,GENEVA_ADMIN.AQ$_PROMOTIONQUEUE14_T
GENEVA_ADMIN,AQ$_PROMOTIONQUEUE15_G,GENEVA_ADMIN.AQ$_PROMOTIONQUEUE15_G
GENEVA_ADMIN,AQ$_PROMOTIONQUEUE15_H,GENEVA_ADMIN.AQ$_PROMOTIONQUEUE15_H
GENEVA_ADMIN,AQ$_PROMOTIONQUEUE15_I,GENEVA_ADMIN.AQ$_PROMOTIONQUEUE15_I
GENEVA_ADMIN,AQ$_PROMOTIONQUEUE15_L,GENEVA_ADMIN.AQ$_PROMOTIONQUEUE15_L
GENEVA_ADMIN,AQ$_PROMOTIONQUEUE15_S,GENEVA_ADMIN.AQ$_PROMOTIONQUEUE15_S
GENEVA_ADMIN,AQ$_PROMOTIONQUEUE15_T,GENEVA_ADMIN.AQ$_PROMOTIONQUEUE15_T
GENEVA_ADMIN,AQ$_PROMOTIONQUEUE16_G,GENEVA_ADMIN.AQ$_PROMOTIONQUEUE16_G
GENEVA_ADMIN,AQ$_PROMOTIONQUEUE16_H,GENEVA_ADMIN.AQ$_PROMOTIONQUEUE16_H
GENEVA_ADMIN,AQ$_PROMOTIONQUEUE16_I,GENEVA_ADMIN.AQ$_PROMOTIONQUEUE16_I
GENEVA_ADMIN,AQ$_PROMOTIONQUEUE16_L,GENEVA_ADMIN.AQ$_PROMOTIONQUEUE16_L
GENEVA_ADMIN,AQ$_PROMOTIONQUEUE16_S,GENEVA_ADMIN.AQ$_PROMOTIONQUEUE16_S
GENEVA_ADMIN,AQ$_PROMOTIONQUEUE16_T,GENEVA_ADMIN.AQ$_PROMOTIONQUEUE16_T
GENEVA_ADMIN,AQ$_PROMOTIONQUEUE17_G,GENEVA_ADMIN.AQ$_PROMOTIONQUEUE17_G
GENEVA_ADMIN,AQ$_PROMOTIONQUEUE17_H,GENEVA_ADMIN.AQ$_PROMOTIONQUEUE17_H
GENEVA_ADMIN,AQ$_PROMOTIONQUEUE17_I,GENEVA_ADMIN.AQ$_PROMOTIONQUEUE17_I
GENEVA_ADMIN,AQ$_PROMOTIONQUEUE17_L,GENEVA_ADMIN.AQ$_PROMOTIONQUEUE17_L
GENEVA_ADMIN,AQ$_PROMOTIONQUEUE17_S,GENEVA_ADMIN.AQ$_PROMOTIONQUEUE17_S
GENEVA_ADMIN,AQ$_PROMOTIONQUEUE17_T,GENEVA_ADMIN.AQ$_PROMOTIONQUEUE17_T
GENEVA_ADMIN,AQ$_PROMOTIONQUEUE18_G,GENEVA_ADMIN.AQ$_PROMOTIONQUEUE18_G
GENEVA_ADMIN,AQ$_PROMOTIONQUEUE18_H,GENEVA_ADMIN.AQ$_PROMOTIONQUEUE18_H
GENEVA_ADMIN,AQ$_PROMOTIONQUEUE18_I,GENEVA_ADMIN.AQ$_PROMOTIONQUEUE18_I
GENEVA_ADMIN,AQ$_PROMOTIONQUEUE18_L,GENEVA_ADMIN.AQ$_PROMOTIONQUEUE18_L
GENEVA_ADMIN,AQ$_PROMOTIONQUEUE18_S,GENEVA_ADMIN.AQ$_PROMOTIONQUEUE18_S
GENEVA_ADMIN,AQ$_PROMOTIONQUEUE18_T,GENEVA_ADMIN.AQ$_PROMOTIONQUEUE18_T
GENEVA_ADMIN,AQ$_PROMOTIONQUEUE19_G,GENEVA_ADMIN.AQ$_PROMOTIONQUEUE19_G
GENEVA_ADMIN,AQ$_PROMOTIONQUEUE19_H,GENEVA_ADMIN.AQ$_PROMOTIONQUEUE19_H
GENEVA_ADMIN,AQ$_PROMOTIONQUEUE19_I,GENEVA_ADMIN.AQ$_PROMOTIONQUEUE19_I
GENEVA_ADMIN,AQ$_PROMOTIONQUEUE19_L,GENEVA_ADMIN.AQ$_PROMOTIONQUEUE19_L
GENEVA_ADMIN,AQ$_PROMOTIONQUEUE19_S,GENEVA_ADMIN.AQ$_PROMOTIONQUEUE19_S
GENEVA_ADMIN,AQ$_PROMOTIONQUEUE19_T,GENEVA_ADMIN.AQ$_PROMOTIONQUEUE19_T
GENEVA_ADMIN,AQ$_PROMOTIONQUEUE1_G,GENEVA_ADMIN.AQ$_PROMOTIONQUEUE1_G
GENEVA_ADMIN,AQ$_PROMOTIONQUEUE1_H,GENEVA_ADMIN.AQ$_PROMOTIONQUEUE1_H
GENEVA_ADMIN,AQ$_PROMOTIONQUEUE1_I,GENEVA_ADMIN.AQ$_PROMOTIONQUEUE1_I
GENEVA_ADMIN,AQ$_PROMOTIONQUEUE1_L,GENEVA_ADMIN.AQ$_PROMOTIONQUEUE1_L
GENEVA_ADMIN,AQ$_PROMOTIONQUEUE1_S,GENEVA_ADMIN.AQ$_PROMOTIONQUEUE1_S
GENEVA_ADMIN,AQ$_PROMOTIONQUEUE1_T,GENEVA_ADMIN.AQ$_PROMOTIONQUEUE1_T
GENEVA_ADMIN,AQ$_PROMOTIONQUEUE20_G,GENEVA_ADMIN.AQ$_PROMOTIONQUEUE20_G
GENEVA_ADMIN,AQ$_PROMOTIONQUEUE20_H,GENEVA_ADMIN.AQ$_PROMOTIONQUEUE20_H
GENEVA_ADMIN,AQ$_PROMOTIONQUEUE20_I,GENEVA_ADMIN.AQ$_PROMOTIONQUEUE20_I
GENEVA_ADMIN,AQ$_PROMOTIONQUEUE20_L,GENEVA_ADMIN.AQ$_PROMOTIONQUEUE20_L
GENEVA_ADMIN,AQ$_PROMOTIONQUEUE20_S,GENEVA_ADMIN.AQ$_PROMOTIONQUEUE20_S
GENEVA_ADMIN,AQ$_PROMOTIONQUEUE20_T,GENEVA_ADMIN.AQ$_PROMOTIONQUEUE20_T
GENEVA_ADMIN,AQ$_PROMOTIONQUEUE21_G,GENEVA_ADMIN.AQ$_PROMOTIONQUEUE21_G
GENEVA_ADMIN,AQ$_PROMOTIONQUEUE21_H,GENEVA_ADMIN.AQ$_PROMOTIONQUEUE21_H
GENEVA_ADMIN,AQ$_PROMOTIONQUEUE21_I,GENEVA_ADMIN.AQ$_PROMOTIONQUEUE21_I
GENEVA_ADMIN,AQ$_PROMOTIONQUEUE21_L,GENEVA_ADMIN.AQ$_PROMOTIONQUEUE21_L
GENEVA_ADMIN,AQ$_PROMOTIONQUEUE21_S,GENEVA_ADMIN.AQ$_PROMOTIONQUEUE21_S
GENEVA_ADMIN,AQ$_PROMOTIONQUEUE21_T,GENEVA_ADMIN.AQ$_PROMOTIONQUEUE21_T
GENEVA_ADMIN,AQ$_PROMOTIONQUEUE22_G,GENEVA_ADMIN.AQ$_PROMOTIONQUEUE22_G
GENEVA_ADMIN,AQ$_PROMOTIONQUEUE22_H,GENEVA_ADMIN.AQ$_PROMOTIONQUEUE22_H
GENEVA_ADMIN,AQ$_PROMOTIONQUEUE22_I,GENEVA_ADMIN.AQ$_PROMOTIONQUEUE22_I
GENEVA_ADMIN,AQ$_PROMOTIONQUEUE22_L,GENEVA_ADMIN.AQ$_PROMOTIONQUEUE22_L
GENEVA_ADMIN,AQ$_PROMOTIONQUEUE22_S,GENEVA_ADMIN.AQ$_PROMOTIONQUEUE22_S
GENEVA_ADMIN,AQ$_PROMOTIONQUEUE22_T,GENEVA_ADMIN.AQ$_PROMOTIONQUEUE22_T
GENEVA_ADMIN,AQ$_PROMOTIONQUEUE23_G,GENEVA_ADMIN.AQ$_PROMOTIONQUEUE23_G
GENEVA_ADMIN,AQ$_PROMOTIONQUEUE23_H,GENEVA_ADMIN.AQ$_PROMOTIONQUEUE23_H
GENEVA_ADMIN,AQ$_PROMOTIONQUEUE23_I,GENEVA_ADMIN.AQ$_PROMOTIONQUEUE23_I
GENEVA_ADMIN,AQ$_PROMOTIONQUEUE23_L,GENEVA_ADMIN.AQ$_PROMOTIONQUEUE23_L
GENEVA_ADMIN,AQ$_PROMOTIONQUEUE23_S,GENEVA_ADMIN.AQ$_PROMOTIONQUEUE23_S
GENEVA_ADMIN,AQ$_PROMOTIONQUEUE23_T,GENEVA_ADMIN.AQ$_PROMOTIONQUEUE23_T
GENEVA_ADMIN,AQ$_PROMOTIONQUEUE24_G,GENEVA_ADMIN.AQ$_PROMOTIONQUEUE24_G
GENEVA_ADMIN,AQ$_PROMOTIONQUEUE24_H,GENEVA_ADMIN.AQ$_PROMOTIONQUEUE24_H
GENEVA_ADMIN,AQ$_PROMOTIONQUEUE24_I,GENEVA_ADMIN.AQ$_PROMOTIONQUEUE24_I
GENEVA_ADMIN,AQ$_PROMOTIONQUEUE24_L,GENEVA_ADMIN.AQ$_PROMOTIONQUEUE24_L
GENEVA_ADMIN,AQ$_PROMOTIONQUEUE24_S,GENEVA_ADMIN.AQ$_PROMOTIONQUEUE24_S
GENEVA_ADMIN,AQ$_PROMOTIONQUEUE24_T,GENEVA_ADMIN.AQ$_PROMOTIONQUEUE24_T
GENEVA_ADMIN,AQ$_PROMOTIONQUEUE25_G,GENEVA_ADMIN.AQ$_PROMOTIONQUEUE25_G
GENEVA_ADMIN,AQ$_PROMOTIONQUEUE25_H,GENEVA_ADMIN.AQ$_PROMOTIONQUEUE25_H
GENEVA_ADMIN,AQ$_PROMOTIONQUEUE25_I,GENEVA_ADMIN.AQ$_PROMOTIONQUEUE25_I
GENEVA_ADMIN,AQ$_PROMOTIONQUEUE25_L,GENEVA_ADMIN.AQ$_PROMOTIONQUEUE25_L
GENEVA_ADMIN,AQ$_PROMOTIONQUEUE25_S,GENEVA_ADMIN.AQ$_PROMOTIONQUEUE25_S
GENEVA_ADMIN,AQ$_PROMOTIONQUEUE25_T,GENEVA_ADMIN.AQ$_PROMOTIONQUEUE25_T
GENEVA_ADMIN,AQ$_PROMOTIONQUEUE26_G,GENEVA_ADMIN.AQ$_PROMOTIONQUEUE26_G
GENEVA_ADMIN,AQ$_PROMOTIONQUEUE26_H,GENEVA_ADMIN.AQ$_PROMOTIONQUEUE26_H
GENEVA_ADMIN,AQ$_PROMOTIONQUEUE26_I,GENEVA_ADMIN.AQ$_PROMOTIONQUEUE26_I
GENEVA_ADMIN,AQ$_PROMOTIONQUEUE26_L,GENEVA_ADMIN.AQ$_PROMOTIONQUEUE26_L
GENEVA_ADMIN,AQ$_PROMOTIONQUEUE26_S,GENEVA_ADMIN.AQ$_PROMOTIONQUEUE26_S
GENEVA_ADMIN,AQ$_PROMOTIONQUEUE26_T,GENEVA_ADMIN.AQ$_PROMOTIONQUEUE26_T
GENEVA_ADMIN,AQ$_PROMOTIONQUEUE27_G,GENEVA_ADMIN.AQ$_PROMOTIONQUEUE27_G
GENEVA_ADMIN,AQ$_PROMOTIONQUEUE27_H,GENEVA_ADMIN.AQ$_PROMOTIONQUEUE27_H
GENEVA_ADMIN,AQ$_PROMOTIONQUEUE27_I,GENEVA_ADMIN.AQ$_PROMOTIONQUEUE27_I
GENEVA_ADMIN,AQ$_PROMOTIONQUEUE27_L,GENEVA_ADMIN.AQ$_PROMOTIONQUEUE27_L
GENEVA_ADMIN,AQ$_PROMOTIONQUEUE27_S,GENEVA_ADMIN.AQ$_PROMOTIONQUEUE27_S
GENEVA_ADMIN,AQ$_PROMOTIONQUEUE27_T,GENEVA_ADMIN.AQ$_PROMOTIONQUEUE27_T
GENEVA_ADMIN,AQ$_PROMOTIONQUEUE28_G,GENEVA_ADMIN.AQ$_PROMOTIONQUEUE28_G
GENEVA_ADMIN,AQ$_PROMOTIONQUEUE28_H,GENEVA_ADMIN.AQ$_PROMOTIONQUEUE28_H
GENEVA_ADMIN,AQ$_PROMOTIONQUEUE28_I,GENEVA_ADMIN.AQ$_PROMOTIONQUEUE28_I
GENEVA_ADMIN,AQ$_PROMOTIONQUEUE28_L,GENEVA_ADMIN.AQ$_PROMOTIONQUEUE28_L
GENEVA_ADMIN,AQ$_PROMOTIONQUEUE28_S,GENEVA_ADMIN.AQ$_PROMOTIONQUEUE28_S
GENEVA_ADMIN,AQ$_PROMOTIONQUEUE28_T,GENEVA_ADMIN.AQ$_PROMOTIONQUEUE28_T
GENEVA_ADMIN,AQ$_PROMOTIONQUEUE29_G,GENEVA_ADMIN.AQ$_PROMOTIONQUEUE29_G
GENEVA_ADMIN,AQ$_PROMOTIONQUEUE29_H,GENEVA_ADMIN.AQ$_PROMOTIONQUEUE29_H
GENEVA_ADMIN,AQ$_PROMOTIONQUEUE29_I,GENEVA_ADMIN.AQ$_PROMOTIONQUEUE29_I
GENEVA_ADMIN,AQ$_PROMOTIONQUEUE29_L,GENEVA_ADMIN.AQ$_PROMOTIONQUEUE29_L
GENEVA_ADMIN,AQ$_PROMOTIONQUEUE29_S,GENEVA_ADMIN.AQ$_PROMOTIONQUEUE29_S
GENEVA_ADMIN,AQ$_PROMOTIONQUEUE29_T,GENEVA_ADMIN.AQ$_PROMOTIONQUEUE29_T
GENEVA_ADMIN,AQ$_PROMOTIONQUEUE2_G,GENEVA_ADMIN.AQ$_PROMOTIONQUEUE2_G
GENEVA_ADMIN,AQ$_PROMOTIONQUEUE2_H,GENEVA_ADMIN.AQ$_PROMOTIONQUEUE2_H
GENEVA_ADMIN,AQ$_PROMOTIONQUEUE2_I,GENEVA_ADMIN.AQ$_PROMOTIONQUEUE2_I
GENEVA_ADMIN,AQ$_PROMOTIONQUEUE2_L,GENEVA_ADMIN.AQ$_PROMOTIONQUEUE2_L
GENEVA_ADMIN,AQ$_PROMOTIONQUEUE2_S,GENEVA_ADMIN.AQ$_PROMOTIONQUEUE2_S
GENEVA_ADMIN,AQ$_PROMOTIONQUEUE2_T,GENEVA_ADMIN.AQ$_PROMOTIONQUEUE2_T
GENEVA_ADMIN,AQ$_PROMOTIONQUEUE30_G,GENEVA_ADMIN.AQ$_PROMOTIONQUEUE30_G
GENEVA_ADMIN,AQ$_PROMOTIONQUEUE30_H,GENEVA_ADMIN.AQ$_PROMOTIONQUEUE30_H
GENEVA_ADMIN,AQ$_PROMOTIONQUEUE30_I,GENEVA_ADMIN.AQ$_PROMOTIONQUEUE30_I
GENEVA_ADMIN,AQ$_PROMOTIONQUEUE30_L,GENEVA_ADMIN.AQ$_PROMOTIONQUEUE30_L
GENEVA_ADMIN,AQ$_PROMOTIONQUEUE30_S,GENEVA_ADMIN.AQ$_PROMOTIONQUEUE30_S
GENEVA_ADMIN,AQ$_PROMOTIONQUEUE30_T,GENEVA_ADMIN.AQ$_PROMOTIONQUEUE30_T
GENEVA_ADMIN,AQ$_PROMOTIONQUEUE31_G,GENEVA_ADMIN.AQ$_PROMOTIONQUEUE31_G
GENEVA_ADMIN,AQ$_PROMOTIONQUEUE31_H,GENEVA_ADMIN.AQ$_PROMOTIONQUEUE31_H
GENEVA_ADMIN,AQ$_PROMOTIONQUEUE31_I,GENEVA_ADMIN.AQ$_PROMOTIONQUEUE31_I
GENEVA_ADMIN,AQ$_PROMOTIONQUEUE31_L,GENEVA_ADMIN.AQ$_PROMOTIONQUEUE31_L
GENEVA_ADMIN,AQ$_PROMOTIONQUEUE31_S,GENEVA_ADMIN.AQ$_PROMOTIONQUEUE31_S
GENEVA_ADMIN,AQ$_PROMOTIONQUEUE31_T,GENEVA_ADMIN.AQ$_PROMOTIONQUEUE31_T
GENEVA_ADMIN,AQ$_PROMOTIONQUEUE32_G,GENEVA_ADMIN.AQ$_PROMOTIONQUEUE32_G
GENEVA_ADMIN,AQ$_PROMOTIONQUEUE32_H,GENEVA_ADMIN.AQ$_PROMOTIONQUEUE32_H
GENEVA_ADMIN,AQ$_PROMOTIONQUEUE32_I,GENEVA_ADMIN.AQ$_PROMOTIONQUEUE32_I
GENEVA_ADMIN,AQ$_PROMOTIONQUEUE32_L,GENEVA_ADMIN.AQ$_PROMOTIONQUEUE32_L
GENEVA_ADMIN,AQ$_PROMOTIONQUEUE32_S,GENEVA_ADMIN.AQ$_PROMOTIONQUEUE32_S
GENEVA_ADMIN,AQ$_PROMOTIONQUEUE32_T,GENEVA_ADMIN.AQ$_PROMOTIONQUEUE32_T
GENEVA_ADMIN,AQ$_PROMOTIONQUEUE33_G,GENEVA_ADMIN.AQ$_PROMOTIONQUEUE33_G
GENEVA_ADMIN,AQ$_PROMOTIONQUEUE33_H,GENEVA_ADMIN.AQ$_PROMOTIONQUEUE33_H
GENEVA_ADMIN,AQ$_PROMOTIONQUEUE33_I,GENEVA_ADMIN.AQ$_PROMOTIONQUEUE33_I
GENEVA_ADMIN,AQ$_PROMOTIONQUEUE33_L,GENEVA_ADMIN.AQ$_PROMOTIONQUEUE33_L
GENEVA_ADMIN,AQ$_PROMOTIONQUEUE33_S,GENEVA_ADMIN.AQ$_PROMOTIONQUEUE33_S
GENEVA_ADMIN,AQ$_PROMOTIONQUEUE33_T,GENEVA_ADMIN.AQ$_PROMOTIONQUEUE33_T
GENEVA_ADMIN,AQ$_PROMOTIONQUEUE34_G,GENEVA_ADMIN.AQ$_PROMOTIONQUEUE34_G
GENEVA_ADMIN,AQ$_PROMOTIONQUEUE34_H,GENEVA_ADMIN.AQ$_PROMOTIONQUEUE34_H
GENEVA_ADMIN,AQ$_PROMOTIONQUEUE34_I,GENEVA_ADMIN.AQ$_PROMOTIONQUEUE34_I
GENEVA_ADMIN,AQ$_PROMOTIONQUEUE34_L,GENEVA_ADMIN.AQ$_PROMOTIONQUEUE34_L
GENEVA_ADMIN,AQ$_PROMOTIONQUEUE34_S,GENEVA_ADMIN.AQ$_PROMOTIONQUEUE34_S
GENEVA_ADMIN,AQ$_PROMOTIONQUEUE34_T,GENEVA_ADMIN.AQ$_PROMOTIONQUEUE34_T
GENEVA_ADMIN,AQ$_PROMOTIONQUEUE35_G,GENEVA_ADMIN.AQ$_PROMOTIONQUEUE35_G
GENEVA_ADMIN,AQ$_PROMOTIONQUEUE35_H,GENEVA_ADMIN.AQ$_PROMOTIONQUEUE35_H
GENEVA_ADMIN,AQ$_PROMOTIONQUEUE35_I,GENEVA_ADMIN.AQ$_PROMOTIONQUEUE35_I
GENEVA_ADMIN,AQ$_PROMOTIONQUEUE35_L,GENEVA_ADMIN.AQ$_PROMOTIONQUEUE35_L
GENEVA_ADMIN,AQ$_PROMOTIONQUEUE35_S,GENEVA_ADMIN.AQ$_PROMOTIONQUEUE35_S
GENEVA_ADMIN,AQ$_PROMOTIONQUEUE35_T,GENEVA_ADMIN.AQ$_PROMOTIONQUEUE35_T
GENEVA_ADMIN,AQ$_PROMOTIONQUEUE36_G,GENEVA_ADMIN.AQ$_PROMOTIONQUEUE36_G
GENEVA_ADMIN,AQ$_PROMOTIONQUEUE36_H,GENEVA_ADMIN.AQ$_PROMOTIONQUEUE36_H
GENEVA_ADMIN,AQ$_PROMOTIONQUEUE36_I,GENEVA_ADMIN.AQ$_PROMOTIONQUEUE36_I
GENEVA_ADMIN,AQ$_PROMOTIONQUEUE36_L,GENEVA_ADMIN.AQ$_PROMOTIONQUEUE36_L
GENEVA_ADMIN,AQ$_PROMOTIONQUEUE36_S,GENEVA_ADMIN.AQ$_PROMOTIONQUEUE36_S
GENEVA_ADMIN,AQ$_PROMOTIONQUEUE36_T,GENEVA_ADMIN.AQ$_PROMOTIONQUEUE36_T
GENEVA_ADMIN,AQ$_PROMOTIONQUEUE37_G,GENEVA_ADMIN.AQ$_PROMOTIONQUEUE37_G
GENEVA_ADMIN,AQ$_PROMOTIONQUEUE37_H,GENEVA_ADMIN.AQ$_PROMOTIONQUEUE37_H
GENEVA_ADMIN,AQ$_PROMOTIONQUEUE37_I,GENEVA_ADMIN.AQ$_PROMOTIONQUEUE37_I
GENEVA_ADMIN,AQ$_PROMOTIONQUEUE37_L,GENEVA_ADMIN.AQ$_PROMOTIONQUEUE37_L
GENEVA_ADMIN,AQ$_PROMOTIONQUEUE37_S,GENEVA_ADMIN.AQ$_PROMOTIONQUEUE37_S
GENEVA_ADMIN,AQ$_PROMOTIONQUEUE37_T,GENEVA_ADMIN.AQ$_PROMOTIONQUEUE37_T
GENEVA_ADMIN,AQ$_PROMOTIONQUEUE38_G,GENEVA_ADMIN.AQ$_PROMOTIONQUEUE38_G
GENEVA_ADMIN,AQ$_PROMOTIONQUEUE38_H,GENEVA_ADMIN.AQ$_PROMOTIONQUEUE38_H
GENEVA_ADMIN,AQ$_PROMOTIONQUEUE38_I,GENEVA_ADMIN.AQ$_PROMOTIONQUEUE38_I
GENEVA_ADMIN,AQ$_PROMOTIONQUEUE38_L,GENEVA_ADMIN.AQ$_PROMOTIONQUEUE38_L
GENEVA_ADMIN,AQ$_PROMOTIONQUEUE38_S,GENEVA_ADMIN.AQ$_PROMOTIONQUEUE38_S
GENEVA_ADMIN,AQ$_PROMOTIONQUEUE38_T,GENEVA_ADMIN.AQ$_PROMOTIONQUEUE38_T
GENEVA_ADMIN,AQ$_PROMOTIONQUEUE39_G,GENEVA_ADMIN.AQ$_PROMOTIONQUEUE39_G
GENEVA_ADMIN,AQ$_PROMOTIONQUEUE39_H,GENEVA_ADMIN.AQ$_PROMOTIONQUEUE39_H
GENEVA_ADMIN,AQ$_PROMOTIONQUEUE39_I,GENEVA_ADMIN.AQ$_PROMOTIONQUEUE39_I
GENEVA_ADMIN,AQ$_PROMOTIONQUEUE39_L,GENEVA_ADMIN.AQ$_PROMOTIONQUEUE39_L
GENEVA_ADMIN,AQ$_PROMOTIONQUEUE39_S,GENEVA_ADMIN.AQ$_PROMOTIONQUEUE39_S
GENEVA_ADMIN,AQ$_PROMOTIONQUEUE39_T,GENEVA_ADMIN.AQ$_PROMOTIONQUEUE39_T
GENEVA_ADMIN,AQ$_PROMOTIONQUEUE3_G,GENEVA_ADMIN.AQ$_PROMOTIONQUEUE3_G
GENEVA_ADMIN,AQ$_PROMOTIONQUEUE3_H,GENEVA_ADMIN.AQ$_PROMOTIONQUEUE3_H
GENEVA_ADMIN,AQ$_PROMOTIONQUEUE3_I,GENEVA_ADMIN.AQ$_PROMOTIONQUEUE3_I
GENEVA_ADMIN,AQ$_PROMOTIONQUEUE3_L,GENEVA_ADMIN.AQ$_PROMOTIONQUEUE3_L
GENEVA_ADMIN,AQ$_PROMOTIONQUEUE3_S,GENEVA_ADMIN.AQ$_PROMOTIONQUEUE3_S
GENEVA_ADMIN,AQ$_PROMOTIONQUEUE3_T,GENEVA_ADMIN.AQ$_PROMOTIONQUEUE3_T
GENEVA_ADMIN,AQ$_PROMOTIONQUEUE40_G,GENEVA_ADMIN.AQ$_PROMOTIONQUEUE40_G
GENEVA_ADMIN,AQ$_PROMOTIONQUEUE40_H,GENEVA_ADMIN.AQ$_PROMOTIONQUEUE40_H
GENEVA_ADMIN,AQ$_PROMOTIONQUEUE40_I,GENEVA_ADMIN.AQ$_PROMOTIONQUEUE40_I
GENEVA_ADMIN,AQ$_PROMOTIONQUEUE40_L,GENEVA_ADMIN.AQ$_PROMOTIONQUEUE40_L
GENEVA_ADMIN,AQ$_PROMOTIONQUEUE40_S,GENEVA_ADMIN.AQ$_PROMOTIONQUEUE40_S
GENEVA_ADMIN,AQ$_PROMOTIONQUEUE40_T,GENEVA_ADMIN.AQ$_PROMOTIONQUEUE40_T
GENEVA_ADMIN,AQ$_PROMOTIONQUEUE41_G,GENEVA_ADMIN.AQ$_PROMOTIONQUEUE41_G
GENEVA_ADMIN,AQ$_PROMOTIONQUEUE41_H,GENEVA_ADMIN.AQ$_PROMOTIONQUEUE41_H
GENEVA_ADMIN,AQ$_PROMOTIONQUEUE41_I,GENEVA_ADMIN.AQ$_PROMOTIONQUEUE41_I
GENEVA_ADMIN,AQ$_PROMOTIONQUEUE41_L,GENEVA_ADMIN.AQ$_PROMOTIONQUEUE41_L
GENEVA_ADMIN,AQ$_PROMOTIONQUEUE41_S,GENEVA_ADMIN.AQ$_PROMOTIONQUEUE41_S
GENEVA_ADMIN,AQ$_PROMOTIONQUEUE41_T,GENEVA_ADMIN.AQ$_PROMOTIONQUEUE41_T
GENEVA_ADMIN,AQ$_PROMOTIONQUEUE42_G,GENEVA_ADMIN.AQ$_PROMOTIONQUEUE42_G
GENEVA_ADMIN,AQ$_PROMOTIONQUEUE42_H,GENEVA_ADMIN.AQ$_PROMOTIONQUEUE42_H
GENEVA_ADMIN,AQ$_PROMOTIONQUEUE42_I,GENEVA_ADMIN.AQ$_PROMOTIONQUEUE42_I
GENEVA_ADMIN,AQ$_PROMOTIONQUEUE42_L,GENEVA_ADMIN.AQ$_PROMOTIONQUEUE42_L
GENEVA_ADMIN,AQ$_PROMOTIONQUEUE42_S,GENEVA_ADMIN.AQ$_PROMOTIONQUEUE42_S
GENEVA_ADMIN,AQ$_PROMOTIONQUEUE42_T,GENEVA_ADMIN.AQ$_PROMOTIONQUEUE42_T
GENEVA_ADMIN,AQ$_PROMOTIONQUEUE43_G,GENEVA_ADMIN.AQ$_PROMOTIONQUEUE43_G
GENEVA_ADMIN,AQ$_PROMOTIONQUEUE43_H,GENEVA_ADMIN.AQ$_PROMOTIONQUEUE43_H
GENEVA_ADMIN,AQ$_PROMOTIONQUEUE43_I,GENEVA_ADMIN.AQ$_PROMOTIONQUEUE43_I
GENEVA_ADMIN,AQ$_PROMOTIONQUEUE43_L,GENEVA_ADMIN.AQ$_PROMOTIONQUEUE43_L
GENEVA_ADMIN,AQ$_PROMOTIONQUEUE43_S,GENEVA_ADMIN.AQ$_PROMOTIONQUEUE43_S
GENEVA_ADMIN,AQ$_PROMOTIONQUEUE43_T,GENEVA_ADMIN.AQ$_PROMOTIONQUEUE43_T
GENEVA_ADMIN,AQ$_PROMOTIONQUEUE44_G,GENEVA_ADMIN.AQ$_PROMOTIONQUEUE44_G
GENEVA_ADMIN,AQ$_PROMOTIONQUEUE44_H,GENEVA_ADMIN.AQ$_PROMOTIONQUEUE44_H
GENEVA_ADMIN,AQ$_PROMOTIONQUEUE44_I,GENEVA_ADMIN.AQ$_PROMOTIONQUEUE44_I
GENEVA_ADMIN,AQ$_PROMOTIONQUEUE44_L,GENEVA_ADMIN.AQ$_PROMOTIONQUEUE44_L
GENEVA_ADMIN,AQ$_PROMOTIONQUEUE44_S,GENEVA_ADMIN.AQ$_PROMOTIONQUEUE44_S
GENEVA_ADMIN,AQ$_PROMOTIONQUEUE44_T,GENEVA_ADMIN.AQ$_PROMOTIONQUEUE44_T
GENEVA_ADMIN,AQ$_PROMOTIONQUEUE45_G,GENEVA_ADMIN.AQ$_PROMOTIONQUEUE45_G
GENEVA_ADMIN,AQ$_PROMOTIONQUEUE45_H,GENEVA_ADMIN.AQ$_PROMOTIONQUEUE45_H
GENEVA_ADMIN,AQ$_PROMOTIONQUEUE45_I,GENEVA_ADMIN.AQ$_PROMOTIONQUEUE45_I
GENEVA_ADMIN,AQ$_PROMOTIONQUEUE45_L,GENEVA_ADMIN.AQ$_PROMOTIONQUEUE45_L
GENEVA_ADMIN,AQ$_PROMOTIONQUEUE45_S,GENEVA_ADMIN.AQ$_PROMOTIONQUEUE45_S
GENEVA_ADMIN,AQ$_PROMOTIONQUEUE45_T,GENEVA_ADMIN.AQ$_PROMOTIONQUEUE45_T
GENEVA_ADMIN,AQ$_PROMOTIONQUEUE46_G,GENEVA_ADMIN.AQ$_PROMOTIONQUEUE46_G
GENEVA_ADMIN,AQ$_PROMOTIONQUEUE46_H,GENEVA_ADMIN.AQ$_PROMOTIONQUEUE46_H
GENEVA_ADMIN,AQ$_PROMOTIONQUEUE46_I,GENEVA_ADMIN.AQ$_PROMOTIONQUEUE46_I
GENEVA_ADMIN,AQ$_PROMOTIONQUEUE46_L,GENEVA_ADMIN.AQ$_PROMOTIONQUEUE46_L
GENEVA_ADMIN,AQ$_PROMOTIONQUEUE46_S,GENEVA_ADMIN.AQ$_PROMOTIONQUEUE46_S
GENEVA_ADMIN,AQ$_PROMOTIONQUEUE46_T,GENEVA_ADMIN.AQ$_PROMOTIONQUEUE46_T
GENEVA_ADMIN,AQ$_PROMOTIONQUEUE47_G,GENEVA_ADMIN.AQ$_PROMOTIONQUEUE47_G
GENEVA_ADMIN,AQ$_PROMOTIONQUEUE47_H,GENEVA_ADMIN.AQ$_PROMOTIONQUEUE47_H
GENEVA_ADMIN,AQ$_PROMOTIONQUEUE47_I,GENEVA_ADMIN.AQ$_PROMOTIONQUEUE47_I
GENEVA_ADMIN,AQ$_PROMOTIONQUEUE47_L,GENEVA_ADMIN.AQ$_PROMOTIONQUEUE47_L
GENEVA_ADMIN,AQ$_PROMOTIONQUEUE47_S,GENEVA_ADMIN.AQ$_PROMOTIONQUEUE47_S
GENEVA_ADMIN,AQ$_PROMOTIONQUEUE47_T,GENEVA_ADMIN.AQ$_PROMOTIONQUEUE47_T
GENEVA_ADMIN,AQ$_PROMOTIONQUEUE48_G,GENEVA_ADMIN.AQ$_PROMOTIONQUEUE48_G
GENEVA_ADMIN,AQ$_PROMOTIONQUEUE48_H,GENEVA_ADMIN.AQ$_PROMOTIONQUEUE48_H
GENEVA_ADMIN,AQ$_PROMOTIONQUEUE48_I,GENEVA_ADMIN.AQ$_PROMOTIONQUEUE48_I
GENEVA_ADMIN,AQ$_PROMOTIONQUEUE48_L,GENEVA_ADMIN.AQ$_PROMOTIONQUEUE48_L
GENEVA_ADMIN,AQ$_PROMOTIONQUEUE48_S,GENEVA_ADMIN.AQ$_PROMOTIONQUEUE48_S
GENEVA_ADMIN,AQ$_PROMOTIONQUEUE48_T,GENEVA_ADMIN.AQ$_PROMOTIONQUEUE48_T
GENEVA_ADMIN,AQ$_PROMOTIONQUEUE49_G,GENEVA_ADMIN.AQ$_PROMOTIONQUEUE49_G
GENEVA_ADMIN,AQ$_PROMOTIONQUEUE49_H,GENEVA_ADMIN.AQ$_PROMOTIONQUEUE49_H
GENEVA_ADMIN,AQ$_PROMOTIONQUEUE49_I,GENEVA_ADMIN.AQ$_PROMOTIONQUEUE49_I
GENEVA_ADMIN,AQ$_PROMOTIONQUEUE49_L,GENEVA_ADMIN.AQ$_PROMOTIONQUEUE49_L
GENEVA_ADMIN,AQ$_PROMOTIONQUEUE49_S,GENEVA_ADMIN.AQ$_PROMOTIONQUEUE49_S
GENEVA_ADMIN,AQ$_PROMOTIONQUEUE49_T,GENEVA_ADMIN.AQ$_PROMOTIONQUEUE49_T
GENEVA_ADMIN,AQ$_PROMOTIONQUEUE4_G,GENEVA_ADMIN.AQ$_PROMOTIONQUEUE4_G
GENEVA_ADMIN,AQ$_PROMOTIONQUEUE4_H,GENEVA_ADMIN.AQ$_PROMOTIONQUEUE4_H
GENEVA_ADMIN,AQ$_PROMOTIONQUEUE4_I,GENEVA_ADMIN.AQ$_PROMOTIONQUEUE4_I
GENEVA_ADMIN,AQ$_PROMOTIONQUEUE4_L,GENEVA_ADMIN.AQ$_PROMOTIONQUEUE4_L
GENEVA_ADMIN,AQ$_PROMOTIONQUEUE4_S,GENEVA_ADMIN.AQ$_PROMOTIONQUEUE4_S
GENEVA_ADMIN,AQ$_PROMOTIONQUEUE4_T,GENEVA_ADMIN.AQ$_PROMOTIONQUEUE4_T
GENEVA_ADMIN,AQ$_PROMOTIONQUEUE50_G,GENEVA_ADMIN.AQ$_PROMOTIONQUEUE50_G
GENEVA_ADMIN,AQ$_PROMOTIONQUEUE50_H,GENEVA_ADMIN.AQ$_PROMOTIONQUEUE50_H
GENEVA_ADMIN,AQ$_PROMOTIONQUEUE50_I,GENEVA_ADMIN.AQ$_PROMOTIONQUEUE50_I
GENEVA_ADMIN,AQ$_PROMOTIONQUEUE50_L,GENEVA_ADMIN.AQ$_PROMOTIONQUEUE50_L
GENEVA_ADMIN,AQ$_PROMOTIONQUEUE50_S,GENEVA_ADMIN.AQ$_PROMOTIONQUEUE50_S
GENEVA_ADMIN,AQ$_PROMOTIONQUEUE50_T,GENEVA_ADMIN.AQ$_PROMOTIONQUEUE50_T
GENEVA_ADMIN,AQ$_PROMOTIONQUEUE51_G,GENEVA_ADMIN.AQ$_PROMOTIONQUEUE51_G
GENEVA_ADMIN,AQ$_PROMOTIONQUEUE51_H,GENEVA_ADMIN.AQ$_PROMOTIONQUEUE51_H
GENEVA_ADMIN,AQ$_PROMOTIONQUEUE51_I,GENEVA_ADMIN.AQ$_PROMOTIONQUEUE51_I
GENEVA_ADMIN,AQ$_PROMOTIONQUEUE51_L,GENEVA_ADMIN.AQ$_PROMOTIONQUEUE51_L
GENEVA_ADMIN,AQ$_PROMOTIONQUEUE51_S,GENEVA_ADMIN.AQ$_PROMOTIONQUEUE51_S
GENEVA_ADMIN,AQ$_PROMOTIONQUEUE51_T,GENEVA_ADMIN.AQ$_PROMOTIONQUEUE51_T
GENEVA_ADMIN,AQ$_PROMOTIONQUEUE52_G,GENEVA_ADMIN.AQ$_PROMOTIONQUEUE52_G
GENEVA_ADMIN,AQ$_PROMOTIONQUEUE52_H,GENEVA_ADMIN.AQ$_PROMOTIONQUEUE52_H
GENEVA_ADMIN,AQ$_PROMOTIONQUEUE52_I,GENEVA_ADMIN.AQ$_PROMOTIONQUEUE52_I
GENEVA_ADMIN,AQ$_PROMOTIONQUEUE52_L,GENEVA_ADMIN.AQ$_PROMOTIONQUEUE52_L
GENEVA_ADMIN,AQ$_PROMOTIONQUEUE52_S,GENEVA_ADMIN.AQ$_PROMOTIONQUEUE52_S
GENEVA_ADMIN,AQ$_PROMOTIONQUEUE52_T,GENEVA_ADMIN.AQ$_PROMOTIONQUEUE52_T
GENEVA_ADMIN,AQ$_PROMOTIONQUEUE53_G,GENEVA_ADMIN.AQ$_PROMOTIONQUEUE53_G
GENEVA_ADMIN,AQ$_PROMOTIONQUEUE53_H,GENEVA_ADMIN.AQ$_PROMOTIONQUEUE53_H
GENEVA_ADMIN,AQ$_PROMOTIONQUEUE53_I,GENEVA_ADMIN.AQ$_PROMOTIONQUEUE53_I
GENEVA_ADMIN,AQ$_PROMOTIONQUEUE53_L,GENEVA_ADMIN.AQ$_PROMOTIONQUEUE53_L
GENEVA_ADMIN,AQ$_PROMOTIONQUEUE53_S,GENEVA_ADMIN.AQ$_PROMOTIONQUEUE53_S
GENEVA_ADMIN,AQ$_PROMOTIONQUEUE53_T,GENEVA_ADMIN.AQ$_PROMOTIONQUEUE53_T
GENEVA_ADMIN,AQ$_PROMOTIONQUEUE54_G,GENEVA_ADMIN.AQ$_PROMOTIONQUEUE54_G
GENEVA_ADMIN,AQ$_PROMOTIONQUEUE54_H,GENEVA_ADMIN.AQ$_PROMOTIONQUEUE54_H
GENEVA_ADMIN,AQ$_PROMOTIONQUEUE54_I,GENEVA_ADMIN.AQ$_PROMOTIONQUEUE54_I
GENEVA_ADMIN,AQ$_PROMOTIONQUEUE54_L,GENEVA_ADMIN.AQ$_PROMOTIONQUEUE54_L
GENEVA_ADMIN,AQ$_PROMOTIONQUEUE54_S,GENEVA_ADMIN.AQ$_PROMOTIONQUEUE54_S
GENEVA_ADMIN,AQ$_PROMOTIONQUEUE54_T,GENEVA_ADMIN.AQ$_PROMOTIONQUEUE54_T
GENEVA_ADMIN,AQ$_PROMOTIONQUEUE55_G,GENEVA_ADMIN.AQ$_PROMOTIONQUEUE55_G
GENEVA_ADMIN,AQ$_PROMOTIONQUEUE55_H,GENEVA_ADMIN.AQ$_PROMOTIONQUEUE55_H
GENEVA_ADMIN,AQ$_PROMOTIONQUEUE55_I,GENEVA_ADMIN.AQ$_PROMOTIONQUEUE55_I
GENEVA_ADMIN,AQ$_PROMOTIONQUEUE55_L,GENEVA_ADMIN.AQ$_PROMOTIONQUEUE55_L
GENEVA_ADMIN,AQ$_PROMOTIONQUEUE55_S,GENEVA_ADMIN.AQ$_PROMOTIONQUEUE55_S
GENEVA_ADMIN,AQ$_PROMOTIONQUEUE55_T,GENEVA_ADMIN.AQ$_PROMOTIONQUEUE55_T
GENEVA_ADMIN,AQ$_PROMOTIONQUEUE56_G,GENEVA_ADMIN.AQ$_PROMOTIONQUEUE56_G
GENEVA_ADMIN,AQ$_PROMOTIONQUEUE56_H,GENEVA_ADMIN.AQ$_PROMOTIONQUEUE56_H
GENEVA_ADMIN,AQ$_PROMOTIONQUEUE56_I,GENEVA_ADMIN.AQ$_PROMOTIONQUEUE56_I
GENEVA_ADMIN,AQ$_PROMOTIONQUEUE56_L,GENEVA_ADMIN.AQ$_PROMOTIONQUEUE56_L
GENEVA_ADMIN,AQ$_PROMOTIONQUEUE56_S,GENEVA_ADMIN.AQ$_PROMOTIONQUEUE56_S
GENEVA_ADMIN,AQ$_PROMOTIONQUEUE56_T,GENEVA_ADMIN.AQ$_PROMOTIONQUEUE56_T
GENEVA_ADMIN,AQ$_PROMOTIONQUEUE57_G,GENEVA_ADMIN.AQ$_PROMOTIONQUEUE57_G
GENEVA_ADMIN,AQ$_PROMOTIONQUEUE57_H,GENEVA_ADMIN.AQ$_PROMOTIONQUEUE57_H
GENEVA_ADMIN,AQ$_PROMOTIONQUEUE57_I,GENEVA_ADMIN.AQ$_PROMOTIONQUEUE57_I
GENEVA_ADMIN,AQ$_PROMOTIONQUEUE57_L,GENEVA_ADMIN.AQ$_PROMOTIONQUEUE57_L
GENEVA_ADMIN,AQ$_PROMOTIONQUEUE57_S,GENEVA_ADMIN.AQ$_PROMOTIONQUEUE57_S
GENEVA_ADMIN,AQ$_PROMOTIONQUEUE57_T,GENEVA_ADMIN.AQ$_PROMOTIONQUEUE57_T
GENEVA_ADMIN,AQ$_PROMOTIONQUEUE58_G,GENEVA_ADMIN.AQ$_PROMOTIONQUEUE58_G
GENEVA_ADMIN,AQ$_PROMOTIONQUEUE58_H,GENEVA_ADMIN.AQ$_PROMOTIONQUEUE58_H
GENEVA_ADMIN,AQ$_PROMOTIONQUEUE58_I,GENEVA_ADMIN.AQ$_PROMOTIONQUEUE58_I
GENEVA_ADMIN,AQ$_PROMOTIONQUEUE58_L,GENEVA_ADMIN.AQ$_PROMOTIONQUEUE58_L
GENEVA_ADMIN,AQ$_PROMOTIONQUEUE58_S,GENEVA_ADMIN.AQ$_PROMOTIONQUEUE58_S
GENEVA_ADMIN,AQ$_PROMOTIONQUEUE58_T,GENEVA_ADMIN.AQ$_PROMOTIONQUEUE58_T
GENEVA_ADMIN,AQ$_PROMOTIONQUEUE59_G,GENEVA_ADMIN.AQ$_PROMOTIONQUEUE59_G
GENEVA_ADMIN,AQ$_PROMOTIONQUEUE59_H,GENEVA_ADMIN.AQ$_PROMOTIONQUEUE59_H
GENEVA_ADMIN,AQ$_PROMOTIONQUEUE59_I,GENEVA_ADMIN.AQ$_PROMOTIONQUEUE59_I
GENEVA_ADMIN,AQ$_PROMOTIONQUEUE59_L,GENEVA_ADMIN.AQ$_PROMOTIONQUEUE59_L
GENEVA_ADMIN,AQ$_PROMOTIONQUEUE59_S,GENEVA_ADMIN.AQ$_PROMOTIONQUEUE59_S
GENEVA_ADMIN,AQ$_PROMOTIONQUEUE59_T,GENEVA_ADMIN.AQ$_PROMOTIONQUEUE59_T
GENEVA_ADMIN,AQ$_PROMOTIONQUEUE5_G,GENEVA_ADMIN.AQ$_PROMOTIONQUEUE5_G
GENEVA_ADMIN,AQ$_PROMOTIONQUEUE5_H,GENEVA_ADMIN.AQ$_PROMOTIONQUEUE5_H
GENEVA_ADMIN,AQ$_PROMOTIONQUEUE5_I,GENEVA_ADMIN.AQ$_PROMOTIONQUEUE5_I
GENEVA_ADMIN,AQ$_PROMOTIONQUEUE5_L,GENEVA_ADMIN.AQ$_PROMOTIONQUEUE5_L
GENEVA_ADMIN,AQ$_PROMOTIONQUEUE5_S,GENEVA_ADMIN.AQ$_PROMOTIONQUEUE5_S
GENEVA_ADMIN,AQ$_PROMOTIONQUEUE5_T,GENEVA_ADMIN.AQ$_PROMOTIONQUEUE5_T
GENEVA_ADMIN,AQ$_PROMOTIONQUEUE60_G,GENEVA_ADMIN.AQ$_PROMOTIONQUEUE60_G
GENEVA_ADMIN,AQ$_PROMOTIONQUEUE60_H,GENEVA_ADMIN.AQ$_PROMOTIONQUEUE60_H
GENEVA_ADMIN,AQ$_PROMOTIONQUEUE60_I,GENEVA_ADMIN.AQ$_PROMOTIONQUEUE60_I
GENEVA_ADMIN,AQ$_PROMOTIONQUEUE60_L,GENEVA_ADMIN.AQ$_PROMOTIONQUEUE60_L
GENEVA_ADMIN,AQ$_PROMOTIONQUEUE60_S,GENEVA_ADMIN.AQ$_PROMOTIONQUEUE60_S
GENEVA_ADMIN,AQ$_PROMOTIONQUEUE60_T,GENEVA_ADMIN.AQ$_PROMOTIONQUEUE60_T
GENEVA_ADMIN,AQ$_PROMOTIONQUEUE6_G,GENEVA_ADMIN.AQ$_PROMOTIONQUEUE6_G
GENEVA_ADMIN,AQ$_PROMOTIONQUEUE6_H,GENEVA_ADMIN.AQ$_PROMOTIONQUEUE6_H
GENEVA_ADMIN,AQ$_PROMOTIONQUEUE6_I,GENEVA_ADMIN.AQ$_PROMOTIONQUEUE6_I
GENEVA_ADMIN,AQ$_PROMOTIONQUEUE6_L,GENEVA_ADMIN.AQ$_PROMOTIONQUEUE6_L
GENEVA_ADMIN,AQ$_PROMOTIONQUEUE6_S,GENEVA_ADMIN.AQ$_PROMOTIONQUEUE6_S
GENEVA_ADMIN,AQ$_PROMOTIONQUEUE6_T,GENEVA_ADMIN.AQ$_PROMOTIONQUEUE6_T
GENEVA_ADMIN,AQ$_PROMOTIONQUEUE7_G,GENEVA_ADMIN.AQ$_PROMOTIONQUEUE7_G
GENEVA_ADMIN,AQ$_PROMOTIONQUEUE7_H,GENEVA_ADMIN.AQ$_PROMOTIONQUEUE7_H
GENEVA_ADMIN,AQ$_PROMOTIONQUEUE7_I,GENEVA_ADMIN.AQ$_PROMOTIONQUEUE7_I
GENEVA_ADMIN,AQ$_PROMOTIONQUEUE7_L,GENEVA_ADMIN.AQ$_PROMOTIONQUEUE7_L
GENEVA_ADMIN,AQ$_PROMOTIONQUEUE7_S,GENEVA_ADMIN.AQ$_PROMOTIONQUEUE7_S
GENEVA_ADMIN,AQ$_PROMOTIONQUEUE7_T,GENEVA_ADMIN.AQ$_PROMOTIONQUEUE7_T
GENEVA_ADMIN,AQ$_PROMOTIONQUEUE8_G,GENEVA_ADMIN.AQ$_PROMOTIONQUEUE8_G
GENEVA_ADMIN,AQ$_PROMOTIONQUEUE8_H,GENEVA_ADMIN.AQ$_PROMOTIONQUEUE8_H
GENEVA_ADMIN,AQ$_PROMOTIONQUEUE8_I,GENEVA_ADMIN.AQ$_PROMOTIONQUEUE8_I
GENEVA_ADMIN,AQ$_PROMOTIONQUEUE8_L,GENEVA_ADMIN.AQ$_PROMOTIONQUEUE8_L
GENEVA_ADMIN,AQ$_PROMOTIONQUEUE8_S,GENEVA_ADMIN.AQ$_PROMOTIONQUEUE8_S
GENEVA_ADMIN,AQ$_PROMOTIONQUEUE8_T,GENEVA_ADMIN.AQ$_PROMOTIONQUEUE8_T
GENEVA_ADMIN,AQ$_PROMOTIONQUEUE9_G,GENEVA_ADMIN.AQ$_PROMOTIONQUEUE9_G
GENEVA_ADMIN,AQ$_PROMOTIONQUEUE9_H,GENEVA_ADMIN.AQ$_PROMOTIONQUEUE9_H
GENEVA_ADMIN,AQ$_PROMOTIONQUEUE9_I,GENEVA_ADMIN.AQ$_PROMOTIONQUEUE9_I
GENEVA_ADMIN,AQ$_PROMOTIONQUEUE9_L,GENEVA_ADMIN.AQ$_PROMOTIONQUEUE9_L
GENEVA_ADMIN,AQ$_PROMOTIONQUEUE9_S,GENEVA_ADMIN.AQ$_PROMOTIONQUEUE9_S
GENEVA_ADMIN,AQ$_PROMOTIONQUEUE9_T,GENEVA_ADMIN.AQ$_PROMOTIONQUEUE9_T
GENEVA_ADMIN,AQ$_RATINGCACHEQUEUE_G,GENEVA_ADMIN.AQ$_RATINGCACHEQUEUE_G
GENEVA_ADMIN,AQ$_RATINGCACHEQUEUE_H,GENEVA_ADMIN.AQ$_RATINGCACHEQUEUE_H
GENEVA_ADMIN,AQ$_RATINGCACHEQUEUE_I,GENEVA_ADMIN.AQ$_RATINGCACHEQUEUE_I
GENEVA_ADMIN,AQ$_RATINGCACHEQUEUE_L,GENEVA_ADMIN.AQ$_RATINGCACHEQUEUE_L
GENEVA_ADMIN,AQ$_RATINGCACHEQUEUE_S,GENEVA_ADMIN.AQ$_RATINGCACHEQUEUE_S
GENEVA_ADMIN,AQ$_RATINGCACHEQUEUE_T,GENEVA_ADMIN.AQ$_RATINGCACHEQUEUE_T
GENEVA_ADMIN,AQ$_REJECTEVENTQUEUEHEAD_G,GENEVA_ADMIN.AQ$_REJECTEVENTQUEUEHEAD_G
GENEVA_ADMIN,AQ$_REJECTEVENTQUEUEHEAD_H,GENEVA_ADMIN.AQ$_REJECTEVENTQUEUEHEAD_H
GENEVA_ADMIN,AQ$_REJECTEVENTQUEUEHEAD_I,GENEVA_ADMIN.AQ$_REJECTEVENTQUEUEHEAD_I
GENEVA_ADMIN,AQ$_REJECTEVENTQUEUEHEAD_L,GENEVA_ADMIN.AQ$_REJECTEVENTQUEUEHEAD_L
GENEVA_ADMIN,AQ$_REJECTEVENTQUEUEHEAD_S,GENEVA_ADMIN.AQ$_REJECTEVENTQUEUEHEAD_S
GENEVA_ADMIN,AQ$_REJECTEVENTQUEUEHEAD_T,GENEVA_ADMIN.AQ$_REJECTEVENTQUEUEHEAD_T
GENEVA_ADMIN,AQ$_REJECTEVENTQUEUETAIL_G,GENEVA_ADMIN.AQ$_REJECTEVENTQUEUETAIL_G
GENEVA_ADMIN,AQ$_REJECTEVENTQUEUETAIL_H,GENEVA_ADMIN.AQ$_REJECTEVENTQUEUETAIL_H
GENEVA_ADMIN,AQ$_REJECTEVENTQUEUETAIL_I,GENEVA_ADMIN.AQ$_REJECTEVENTQUEUETAIL_I
GENEVA_ADMIN,AQ$_REJECTEVENTQUEUETAIL_L,GENEVA_ADMIN.AQ$_REJECTEVENTQUEUETAIL_L
GENEVA_ADMIN,AQ$_REJECTEVENTQUEUETAIL_S,GENEVA_ADMIN.AQ$_REJECTEVENTQUEUETAIL_S
GENEVA_ADMIN,AQ$_REJECTEVENTQUEUETAIL_T,GENEVA_ADMIN.AQ$_REJECTEVENTQUEUETAIL_T
GENEVA_ADMIN,AQ$_TICKETQUEUE_G,GENEVA_ADMIN.AQ$_TICKETQUEUE_G
GENEVA_ADMIN,AQ$_TICKETQUEUE_H,GENEVA_ADMIN.AQ$_TICKETQUEUE_H
GENEVA_ADMIN,AQ$_TICKETQUEUE_I,GENEVA_ADMIN.AQ$_TICKETQUEUE_I
GENEVA_ADMIN,AQ$_TICKETQUEUE_L,GENEVA_ADMIN.AQ$_TICKETQUEUE_L
GENEVA_ADMIN,AQ$_TICKETQUEUE_S,GENEVA_ADMIN.AQ$_TICKETQUEUE_S
GENEVA_ADMIN,AQ$_TICKETQUEUE_T,GENEVA_ADMIN.AQ$_TICKETQUEUE_T
GENEVA_ADMIN,ATTRIBUTESET,GENEVA_ADMIN.ATTRIBUTESET
GENEVA_ADMIN,ATTRIBUTESETATTRIBUTE,GENEVA_ADMIN.ATTRIBUTESETATTRIBUTE
GENEVA_ADMIN,ATTRIBUTESETNAMESPACE,GENEVA_ADMIN.ATTRIBUTESETNAMESPACE
GENEVA_ADMIN,ATTRIBUTETYPE,GENEVA_ADMIN.ATTRIBUTETYPE
GENEVA_ADMIN,ATTRONLINEREAMAPPING,GENEVA_ADMIN.ATTRONLINEREAMAPPING
GENEVA_ADMIN,AUDITTRAIL,GENEVA_ADMIN.AUDITTRAIL
GENEVA_ADMIN,AUDITTRANSACTION,GENEVA_ADMIN.AUDITTRANSACTION
GENEVA_ADMIN,AUDITTRANSACTIONACTION,GENEVA_ADMIN.AUDITTRANSACTIONACTION
GENEVA_ADMIN,AUDITTRANSACTIONCLASS,GENEVA_ADMIN.AUDITTRANSACTIONCLASS
GENEVA_ADMIN,BACKENDOUTAGEHIST,GENEVA_ADMIN.BACKENDOUTAGEHIST
GENEVA_ADMIN,BACKUPLOG,GENEVA_ADMIN.BACKUPLOG
GENEVA_ADMIN,BANDINGMODEL,GENEVA_ADMIN.BANDINGMODEL
GENEVA_ADMIN,BASETIMERATE,GENEVA_ADMIN.BASETIMERATE
GENEVA_ADMIN,BCRDATA,GENEVA_ADMIN.BCRDATA
GENEVA_ADMIN,BDWWORKQUEUE,GENEVA_ADMIN.BDWWORKQUEUE
GENEVA_ADMIN,BFWORKQUEUE,GENEVA_ADMIN.BFWORKQUEUE
GENEVA_ADMIN,BILLARCHIVELOG,GENEVA_ADMIN.BILLARCHIVELOG
GENEVA_ADMIN,BILLDATA,GENEVA_ADMIN.BILLDATA
GENEVA_ADMIN,BILLDATATAGDELETE,GENEVA_ADMIN.BILLDATATAGDELETE
GENEVA_ADMIN,BILLDATATAGMAP,GENEVA_ADMIN.BILLDATATAGMAP
GENEVA_ADMIN,BILLDATATAGRESPONSE,GENEVA_ADMIN.BILLDATATAGRESPONSE
GENEVA_ADMIN,BILLDETAILS,GENEVA_ADMIN.BILLDETAILS
GENEVA_ADMIN,BILLDISCOUNT,GENEVA_ADMIN.BILLDISCOUNT
GENEVA_ADMIN,BILLEVENTSUMMARY,GENEVA_ADMIN.BILLEVENTSUMMARY
GENEVA_ADMIN,BILLEVENTTAX,GENEVA_ADMIN.BILLEVENTTAX
GENEVA_ADMIN,BILLHANDLINGCODE,GENEVA_ADMIN.BILLHANDLINGCODE
GENEVA_ADMIN,BILLHASLATEFEESCHEDULE,GENEVA_ADMIN.BILLHASLATEFEESCHEDULE
GENEVA_ADMIN,BILLINGCONFLICT,GENEVA_ADMIN.BILLINGCONFLICT
GENEVA_ADMIN,BILLINGCONFLICTPARAMETER,GENEVA_ADMIN.BILLINGCONFLICTPARAMETER
GENEVA_ADMIN,BILLINGEDIT,GENEVA_ADMIN.BILLINGEDIT
GENEVA_ADMIN,BILLINGEDITPARAMETER,GENEVA_ADMIN.BILLINGEDITPARAMETER
GENEVA_ADMIN,BILLINGERRORLOG,GENEVA_ADMIN.BILLINGERRORLOG
GENEVA_ADMIN,BILLINGEXPORT,GENEVA_ADMIN.BILLINGEXPORT
GENEVA_ADMIN,BILLINGIMPORT,GENEVA_ADMIN.BILLINGIMPORT
GENEVA_ADMIN,BILLINGOFFER,GENEVA_ADMIN.BILLINGOFFER
GENEVA_ADMIN,BILLINGSUSPREASONTYPE,GENEVA_ADMIN.BILLINGSUSPREASONTYPE
GENEVA_ADMIN,BILLINSERT,GENEVA_ADMIN.BILLINSERT
GENEVA_ADMIN,BILLPRODUCTCHARGE,GENEVA_ADMIN.BILLPRODUCTCHARGE
GENEVA_ADMIN,BILLRECEIVABLE,GENEVA_ADMIN.BILLRECEIVABLE
GENEVA_ADMIN,BILLREQUEST,GENEVA_ADMIN.BILLREQUEST
GENEVA_ADMIN,BILLREQUESTATTRIBUTES,GENEVA_ADMIN.BILLREQUESTATTRIBUTES
GENEVA_ADMIN,BILLRUN,GENEVA_ADMIN.BILLRUN
GENEVA_ADMIN,BILLSTYLE,GENEVA_ADMIN.BILLSTYLE
GENEVA_ADMIN,BILLSTYLEHASPRODUCTFAMILY,GENEVA_ADMIN.BILLSTYLEHASPRODUCTFAMILY
GENEVA_ADMIN,BILLSTYLETYPEHASTEMPLATE,GENEVA_ADMIN.BILLSTYLETYPEHASTEMPLATE
GENEVA_ADMIN,BILLSUMMARY,GENEVA_ADMIN.BILLSUMMARY
GENEVA_ADMIN,BILLSUMMARYARCHIVEDDATA,GENEVA_ADMIN.BILLSUMMARYARCHIVEDDATA
GENEVA_ADMIN,BILLSUMMARYDATAMANAGEMENT,GENEVA_ADMIN.BILLSUMMARYDATAMANAGEMENT
GENEVA_ADMIN,BILLSUMMARYLITE,GENEVA_ADMIN.BILLSUMMARYLITE
GENEVA_ADMIN,BILLSUMMARY_20MAR23,GENEVA_ADMIN.BILLSUMMARY_20MAR23
GENEVA_ADMIN,BILLSUMMARY_21032023,GENEVA_ADMIN.BILLSUMMARY_21032023
GENEVA_ADMIN,BILLSUMMARY_BKP05252022,GENEVA_ADMIN.BILLSUMMARY_BKP05252022
GENEVA_ADMIN,BILLSUMMARY_BKP_020223,GENEVA_ADMIN.BILLSUMMARY_BKP_020223
GENEVA_ADMIN,BILLSUMMARY_BKP_10,GENEVA_ADMIN.BILLSUMMARY_BKP_10
GENEVA_ADMIN,BILLTEMPLATEHASMESSAGE,GENEVA_ADMIN.BILLTEMPLATEHASMESSAGE
GENEVA_ADMIN,BILLTYPE,GENEVA_ADMIN.BILLTYPE
GENEVA_ADMIN,BKP_CMAF,GENEVA_ADMIN.BKP_CMAF
GENEVA_ADMIN,BKP_CUST_LN_PPLAN,GENEVA_ADMIN.BKP_CUST_LN_PPLAN
GENEVA_ADMIN,BLUEDATACHANGE,GENEVA_ADMIN.BLUEDATACHANGE
GENEVA_ADMIN,BLUEDATACHANGEATTRIBUTE,GENEVA_ADMIN.BLUEDATACHANGEATTRIBUTE
GENEVA_ADMIN,BONUS,GENEVA_ADMIN.BONUS
GENEVA_ADMIN,BONUSREASON,GENEVA_ADMIN.BONUSREASON
GENEVA_ADMIN,BONUSSCHEME,GENEVA_ADMIN.BONUSSCHEME
GENEVA_ADMIN,BRTTAXDETAILS,GENEVA_ADMIN.BRTTAXDETAILS
GENEVA_ADMIN,BRTTAXSUMMARY,GENEVA_ADMIN.BRTTAXSUMMARY
GENEVA_ADMIN,BRTTAXTRANSACTION,GENEVA_ADMIN.BRTTAXTRANSACTION
GENEVA_ADMIN,BUCKETUNWINDTRNLOG,GENEVA_ADMIN.BUCKETUNWINDTRNLOG
GENEVA_ADMIN,BUDGETCENTRE,GENEVA_ADMIN.BUDGETCENTRE
GENEVA_ADMIN,BUDGETCENTREGROUP,GENEVA_ADMIN.BUDGETCENTREGROUP
GENEVA_ADMIN,BUDGETCENTREINGROUP,GENEVA_ADMIN.BUDGETCENTREINGROUP
GENEVA_ADMIN,BUDGETCENTREREPORT,GENEVA_ADMIN.BUDGETCENTREREPORT
GENEVA_ADMIN,BUDGETCENTRESUMMARY,GENEVA_ADMIN.BUDGETCENTRESUMMARY
GENEVA_ADMIN,BUDGETPAYMENTPLAN,GENEVA_ADMIN.BUDGETPAYMENTPLAN
GENEVA_ADMIN,BUSINESSROLE,GENEVA_ADMIN.BUSINESSROLE
GENEVA_ADMIN,BUSINESSROLEHASFUNCTION,GENEVA_ADMIN.BUSINESSROLEHASFUNCTION
GENEVA_ADMIN,BUSINESSROLEHASPERMISSION,GENEVA_ADMIN.BUSINESSROLEHASPERMISSION
GENEVA_ADMIN,BUSINESSROLEHASREPORT,GENEVA_ADMIN.BUSINESSROLEHASREPORT
GENEVA_ADMIN,BUSINESSROLEHASTASK,GENEVA_ADMIN.BUSINESSROLEHASTASK
GENEVA_ADMIN,CACHECOMPATIBILITY,GENEVA_ADMIN.CACHECOMPATIBILITY
GENEVA_ADMIN,CACHEDATASET,GENEVA_ADMIN.CACHEDATASET
GENEVA_ADMIN,CACHEDATASETTYPE,GENEVA_ADMIN.CACHEDATASETTYPE
GENEVA_ADMIN,CACHEDTABLE,GENEVA_ADMIN.CACHEDTABLE
GENEVA_ADMIN,CACHEDTABLEMIGRATION,GENEVA_ADMIN.CACHEDTABLEMIGRATION
GENEVA_ADMIN,CACHEINSTANCE,GENEVA_ADMIN.CACHEINSTANCE
GENEVA_ADMIN,CACHEREPLICATIONLATENCY,GENEVA_ADMIN.CACHEREPLICATIONLATENCY
GENEVA_ADMIN,CACHETYPE,GENEVA_ADMIN.CACHETYPE
GENEVA_ADMIN,CACHETYPEKEY,GENEVA_ADMIN.CACHETYPEKEY
GENEVA_ADMIN,CANCELBILLBILLPC,GENEVA_ADMIN.CANCELBILLBILLPC
GENEVA_ADMIN,CANCELBILLBONUSSCHEME,GENEVA_ADMIN.CANCELBILLBONUSSCHEME
GENEVA_ADMIN,CANCELBILLBUDGETPLAN,GENEVA_ADMIN.CANCELBILLBUDGETPLAN
GENEVA_ADMIN,CANCELBILLCHD,GENEVA_ADMIN.CANCELBILLCHD
GENEVA_ADMIN,CANCELBILLCHD_BKUP,GENEVA_ADMIN.CANCELBILLCHD_BKUP
GENEVA_ADMIN,CANCELBILLCPBD,GENEVA_ADMIN.CANCELBILLCPBD
GENEVA_ADMIN,CANCELBILLCPBD_BKUP,GENEVA_ADMIN.CANCELBILLCPBD_BKUP
GENEVA_ADMIN,CANCELBILLCPDP,GENEVA_ADMIN.CANCELBILLCPDP
GENEVA_ADMIN,CANCELBILLCPDP_BKUP,GENEVA_ADMIN.CANCELBILLCPDP_BKUP
GENEVA_ADMIN,CANCELBILLCUSTPC,GENEVA_ADMIN.CANCELBILLCUSTPC
GENEVA_ADMIN,CANCELBILLINFO,GENEVA_ADMIN.CANCELBILLINFO
GENEVA_ADMIN,CANCELBILLINSERT,GENEVA_ADMIN.CANCELBILLINSERT
GENEVA_ADMIN,CANCELBILLREQUEST,GENEVA_ADMIN.CANCELBILLREQUEST
GENEVA_ADMIN,CANCELBILLTAX,GENEVA_ADMIN.CANCELBILLTAX
GENEVA_ADMIN,CANCELCUSTPRODUCTACCOUNT,GENEVA_ADMIN.CANCELCUSTPRODUCTACCOUNT
GENEVA_ADMIN,CAPRULE,GENEVA_ADMIN.CAPRULE
GENEVA_ADMIN,CATALOGUEAUDIT,GENEVA_ADMIN.CATALOGUEAUDIT
GENEVA_ADMIN,CATALOGUECACHE,GENEVA_ADMIN.CATALOGUECACHE
GENEVA_ADMIN,CATALOGUECHANGE,GENEVA_ADMIN.CATALOGUECHANGE
GENEVA_ADMIN,CATALOGUEINTERIMDATA,GENEVA_ADMIN.CATALOGUEINTERIMDATA
GENEVA_ADMIN,CATALOGUETARIFFAUDIT,GENEVA_ADMIN.CATALOGUETARIFFAUDIT
GENEVA_ADMIN,CATDISCOUNTCHANGES,GENEVA_ADMIN.CATDISCOUNTCHANGES
GENEVA_ADMIN,CATDISCOUNTSTATUS,GENEVA_ADMIN.CATDISCOUNTSTATUS
GENEVA_ADMIN,CATEGORYREQUESTGROUP,GENEVA_ADMIN.CATEGORYREQUESTGROUP
GENEVA_ADMIN,CATPUBLISHINGLOG,GENEVA_ADMIN.CATPUBLISHINGLOG
GENEVA_ADMIN,CATPUBLISHINGLOG20211022012126,GENEVA_ADMIN.CATPUBLISHINGLOG20211022012126
GENEVA_ADMIN,CATPUBLISHINGLOG20220804121205,GENEVA_ADMIN.CATPUBLISHINGLOG20220804121205
GENEVA_ADMIN,CATSTOPAFTERXERRORS,GENEVA_ADMIN.CATSTOPAFTERXERRORS
GENEVA_ADMIN,CATVALIDATIONCHANGES,GENEVA_ADMIN.CATVALIDATIONCHANGES
GENEVA_ADMIN,CEFBALANCEDELTATOSYNCUP,GENEVA_ADMIN.CEFBALANCEDELTATOSYNCUP
GENEVA_ADMIN,CEFMISSINGEVENTSLOG,GENEVA_ADMIN.CEFMISSINGEVENTSLOG
GENEVA_ADMIN,CEFVERIFICATIONLOG,GENEVA_ADMIN.CEFVERIFICATIONLOG
GENEVA_ADMIN,CEUPROCESSES,GENEVA_ADMIN.CEUPROCESSES
GENEVA_ADMIN,CHARGEHASDISCOUNT,GENEVA_ADMIN.CHARGEHASDISCOUNT
GENEVA_ADMIN,CHARGEHASDISCOUNT_BKUP,GENEVA_ADMIN.CHARGEHASDISCOUNT_BKUP
GENEVA_ADMIN,CHARGESEGMENT,GENEVA_ADMIN.CHARGESEGMENT
GENEVA_ADMIN,COLLECTIONACTIVITYTYPE,GENEVA_ADMIN.COLLECTIONACTIVITYTYPE
GENEVA_ADMIN,COLLECTIONQUEUE1,GENEVA_ADMIN.COLLECTIONQUEUE1
GENEVA_ADMIN,COLLECTIONQUEUE10,GENEVA_ADMIN.COLLECTIONQUEUE10
GENEVA_ADMIN,COLLECTIONQUEUE11,GENEVA_ADMIN.COLLECTIONQUEUE11
GENEVA_ADMIN,COLLECTIONQUEUE12,GENEVA_ADMIN.COLLECTIONQUEUE12
GENEVA_ADMIN,COLLECTIONQUEUE13,GENEVA_ADMIN.COLLECTIONQUEUE13
GENEVA_ADMIN,COLLECTIONQUEUE14,GENEVA_ADMIN.COLLECTIONQUEUE14
GENEVA_ADMIN,COLLECTIONQUEUE15,GENEVA_ADMIN.COLLECTIONQUEUE15
GENEVA_ADMIN,COLLECTIONQUEUE16,GENEVA_ADMIN.COLLECTIONQUEUE16
GENEVA_ADMIN,COLLECTIONQUEUE17,GENEVA_ADMIN.COLLECTIONQUEUE17
GENEVA_ADMIN,COLLECTIONQUEUE18,GENEVA_ADMIN.COLLECTIONQUEUE18
GENEVA_ADMIN,COLLECTIONQUEUE19,GENEVA_ADMIN.COLLECTIONQUEUE19
GENEVA_ADMIN,COLLECTIONQUEUE2,GENEVA_ADMIN.COLLECTIONQUEUE2
GENEVA_ADMIN,COLLECTIONQUEUE20,GENEVA_ADMIN.COLLECTIONQUEUE20
GENEVA_ADMIN,COLLECTIONQUEUE21,GENEVA_ADMIN.COLLECTIONQUEUE21
GENEVA_ADMIN,COLLECTIONQUEUE22,GENEVA_ADMIN.COLLECTIONQUEUE22
GENEVA_ADMIN,COLLECTIONQUEUE23,GENEVA_ADMIN.COLLECTIONQUEUE23
GENEVA_ADMIN,COLLECTIONQUEUE24,GENEVA_ADMIN.COLLECTIONQUEUE24
GENEVA_ADMIN,COLLECTIONQUEUE25,GENEVA_ADMIN.COLLECTIONQUEUE25
GENEVA_ADMIN,COLLECTIONQUEUE26,GENEVA_ADMIN.COLLECTIONQUEUE26
GENEVA_ADMIN,COLLECTIONQUEUE27,GENEVA_ADMIN.COLLECTIONQUEUE27
GENEVA_ADMIN,COLLECTIONQUEUE28,GENEVA_ADMIN.COLLECTIONQUEUE28
GENEVA_ADMIN,COLLECTIONQUEUE29,GENEVA_ADMIN.COLLECTIONQUEUE29
GENEVA_ADMIN,COLLECTIONQUEUE3,GENEVA_ADMIN.COLLECTIONQUEUE3
GENEVA_ADMIN,COLLECTIONQUEUE30,GENEVA_ADMIN.COLLECTIONQUEUE30
GENEVA_ADMIN,COLLECTIONQUEUE31,GENEVA_ADMIN.COLLECTIONQUEUE31
GENEVA_ADMIN,COLLECTIONQUEUE32,GENEVA_ADMIN.COLLECTIONQUEUE32
GENEVA_ADMIN,COLLECTIONQUEUE33,GENEVA_ADMIN.COLLECTIONQUEUE33
GENEVA_ADMIN,COLLECTIONQUEUE34,GENEVA_ADMIN.COLLECTIONQUEUE34
GENEVA_ADMIN,COLLECTIONQUEUE35,GENEVA_ADMIN.COLLECTIONQUEUE35
GENEVA_ADMIN,COLLECTIONQUEUE36,GENEVA_ADMIN.COLLECTIONQUEUE36
GENEVA_ADMIN,COLLECTIONQUEUE37,GENEVA_ADMIN.COLLECTIONQUEUE37
GENEVA_ADMIN,COLLECTIONQUEUE38,GENEVA_ADMIN.COLLECTIONQUEUE38
GENEVA_ADMIN,COLLECTIONQUEUE39,GENEVA_ADMIN.COLLECTIONQUEUE39
GENEVA_ADMIN,COLLECTIONQUEUE4,GENEVA_ADMIN.COLLECTIONQUEUE4
GENEVA_ADMIN,COLLECTIONQUEUE40,GENEVA_ADMIN.COLLECTIONQUEUE40
GENEVA_ADMIN,COLLECTIONQUEUE41,GENEVA_ADMIN.COLLECTIONQUEUE41
GENEVA_ADMIN,COLLECTIONQUEUE42,GENEVA_ADMIN.COLLECTIONQUEUE42
GENEVA_ADMIN,COLLECTIONQUEUE43,GENEVA_ADMIN.COLLECTIONQUEUE43
GENEVA_ADMIN,COLLECTIONQUEUE44,GENEVA_ADMIN.COLLECTIONQUEUE44
GENEVA_ADMIN,COLLECTIONQUEUE45,GENEVA_ADMIN.COLLECTIONQUEUE45
GENEVA_ADMIN,COLLECTIONQUEUE46,GENEVA_ADMIN.COLLECTIONQUEUE46
GENEVA_ADMIN,COLLECTIONQUEUE47,GENEVA_ADMIN.COLLECTIONQUEUE47
GENEVA_ADMIN,COLLECTIONQUEUE48,GENEVA_ADMIN.COLLECTIONQUEUE48
GENEVA_ADMIN,COLLECTIONQUEUE49,GENEVA_ADMIN.COLLECTIONQUEUE49
GENEVA_ADMIN,COLLECTIONQUEUE5,GENEVA_ADMIN.COLLECTIONQUEUE5
GENEVA_ADMIN,COLLECTIONQUEUE50,GENEVA_ADMIN.COLLECTIONQUEUE50
GENEVA_ADMIN,COLLECTIONQUEUE51,GENEVA_ADMIN.COLLECTIONQUEUE51
GENEVA_ADMIN,COLLECTIONQUEUE52,GENEVA_ADMIN.COLLECTIONQUEUE52
GENEVA_ADMIN,COLLECTIONQUEUE53,GENEVA_ADMIN.COLLECTIONQUEUE53
GENEVA_ADMIN,COLLECTIONQUEUE54,GENEVA_ADMIN.COLLECTIONQUEUE54
GENEVA_ADMIN,COLLECTIONQUEUE55,GENEVA_ADMIN.COLLECTIONQUEUE55
GENEVA_ADMIN,COLLECTIONQUEUE56,GENEVA_ADMIN.COLLECTIONQUEUE56
GENEVA_ADMIN,COLLECTIONQUEUE57,GENEVA_ADMIN.COLLECTIONQUEUE57
GENEVA_ADMIN,COLLECTIONQUEUE58,GENEVA_ADMIN.COLLECTIONQUEUE58
GENEVA_ADMIN,COLLECTIONQUEUE59,GENEVA_ADMIN.COLLECTIONQUEUE59
GENEVA_ADMIN,COLLECTIONQUEUE6,GENEVA_ADMIN.COLLECTIONQUEUE6
GENEVA_ADMIN,COLLECTIONQUEUE60,GENEVA_ADMIN.COLLECTIONQUEUE60
GENEVA_ADMIN,COLLECTIONQUEUE7,GENEVA_ADMIN.COLLECTIONQUEUE7
GENEVA_ADMIN,COLLECTIONQUEUE8,GENEVA_ADMIN.COLLECTIONQUEUE8
GENEVA_ADMIN,COLLECTIONQUEUE9,GENEVA_ADMIN.COLLECTIONQUEUE9
GENEVA_ADMIN,COLLECTIVENOTE,GENEVA_ADMIN.COLLECTIVENOTE
GENEVA_ADMIN,COLLECTIVEVOTE,GENEVA_ADMIN.COLLECTIVEVOTE
GENEVA_ADMIN,COMMUNICATION,GENEVA_ADMIN.COMMUNICATION
GENEVA_ADMIN,COMMUNICATIONACTIONTYPE,GENEVA_ADMIN.COMMUNICATIONACTIONTYPE
GENEVA_ADMIN,COMMUNICATIONTYPE,GENEVA_ADMIN.COMMUNICATIONTYPE
GENEVA_ADMIN,COMMUNITYGROUP,GENEVA_ADMIN.COMMUNITYGROUP
GENEVA_ADMIN,COMMUNITYGROUPCHARGEDETAIL,GENEVA_ADMIN.COMMUNITYGROUPCHARGEDETAIL
GENEVA_ADMIN,COMMUNITYGROUPMEMBER,GENEVA_ADMIN.COMMUNITYGROUPMEMBER
GENEVA_ADMIN,COMMUNITYGROUPTYPE,GENEVA_ADMIN.COMMUNITYGROUPTYPE
GENEVA_ADMIN,COMMUNITYGROUPVERSIONNUM,GENEVA_ADMIN.COMMUNITYGROUPVERSIONNUM
GENEVA_ADMIN,COMPANYDETAILS,GENEVA_ADMIN.COMPANYDETAILS
GENEVA_ADMIN,COMPLEXITYRULE,GENEVA_ADMIN.COMPLEXITYRULE
GENEVA_ADMIN,COMPOSITEFILTER,GENEVA_ADMIN.COMPOSITEFILTER
GENEVA_ADMIN,COMPOSITEPREDICATE,GENEVA_ADMIN.COMPOSITEPREDICATE
GENEVA_ADMIN,CONSOLEAUDIT,GENEVA_ADMIN.CONSOLEAUDIT
GENEVA_ADMIN,CONTACT,GENEVA_ADMIN.CONTACT
GENEVA_ADMIN,CONTACTDETAILS,GENEVA_ADMIN.CONTACTDETAILS
GENEVA_ADMIN,CONTACTTYPE,GENEVA_ADMIN.CONTACTTYPE
GENEVA_ADMIN,CONTRACTEDPOINTOFSUPPLY,GENEVA_ADMIN.CONTRACTEDPOINTOFSUPPLY
GENEVA_ADMIN,CONTRACTTYPE,GENEVA_ADMIN.CONTRACTTYPE
GENEVA_ADMIN,CONTROLLEDINTERFACE,GENEVA_ADMIN.CONTROLLEDINTERFACE
GENEVA_ADMIN,CONTROLLEDINTERFACEPARTY,GENEVA_ADMIN.CONTROLLEDINTERFACEPARTY
GENEVA_ADMIN,COSTBAND,GENEVA_ADMIN.COSTBAND
GENEVA_ADMIN,COSTCENTRE,GENEVA_ADMIN.COSTCENTRE
GENEVA_ADMIN,COSTCODE,GENEVA_ADMIN.COSTCODE
GENEVA_ADMIN,COSTEDEVENT,GENEVA_ADMIN.COSTEDEVENT
GENEVA_ADMIN,COSTEDEVENTEEA,GENEVA_ADMIN.COSTEDEVENTEEA
GENEVA_ADMIN,COSTEDEVENTQUEUEHEAD,GENEVA_ADMIN.COSTEDEVENTQUEUEHEAD
GENEVA_ADMIN,COSTEDEVENTQUEUETAIL,GENEVA_ADMIN.COSTEDEVENTQUEUETAIL
GENEVA_ADMIN,COSTGROUP,GENEVA_ADMIN.COSTGROUP
GENEVA_ADMIN,COSTGROUPXREF,GENEVA_ADMIN.COSTGROUPXREF
GENEVA_ADMIN,COSTINGRULES,GENEVA_ADMIN.COSTINGRULES
GENEVA_ADMIN,COUNTRY,GENEVA_ADMIN.COUNTRY
GENEVA_ADMIN,CPCSPLITBYAMOUNT,GENEVA_ADMIN.CPCSPLITBYAMOUNT
GENEVA_ADMIN,CPDUMANAGEREQUEST,GENEVA_ADMIN.CPDUMANAGEREQUEST
GENEVA_ADMIN,CPRDLIFECYCLE,GENEVA_ADMIN.CPRDLIFECYCLE
GENEVA_ADMIN,CPSADJTYPETAX,GENEVA_ADMIN.CPSADJTYPETAX
GENEVA_ADMIN,CPSEVENTTAX,GENEVA_ADMIN.CPSEVENTTAX
GENEVA_ADMIN,CPSOTCTYPETAX,GENEVA_ADMIN.CPSOTCTYPETAX
GENEVA_ADMIN,CPSOVERRIDETAX,GENEVA_ADMIN.CPSOVERRIDETAX
GENEVA_ADMIN,CPSPRODUCTTAX,GENEVA_ADMIN.CPSPRODUCTTAX
GENEVA_ADMIN,CREATE$JAVA$LOB$TABLE,GENEVA_ADMIN.CREATE$JAVA$LOB$TABLE
GENEVA_ADMIN,CREDITCLASS,GENEVA_ADMIN.CREDITCLASS
GENEVA_ADMIN,CUDSUMMARY,GENEVA_ADMIN.CUDSUMMARY
GENEVA_ADMIN,CURRENCY,GENEVA_ADMIN.CURRENCY
GENEVA_ADMIN,CURRENCYCONVERSION,GENEVA_ADMIN.CURRENCYCONVERSION
GENEVA_ADMIN,CURRENCYROUNDING,GENEVA_ADMIN.CURRENCYROUNDING
GENEVA_ADMIN,CUSTADDRESSTRANSFERHIST,GENEVA_ADMIN.CUSTADDRESSTRANSFERHIST
GENEVA_ADMIN,CUSTCONTACTTRANSFERHIST,GENEVA_ADMIN.CUSTCONTACTTRANSFERHIST
GENEVA_ADMIN,CUSTCONTRACTTRANSFERHIST,GENEVA_ADMIN.CUSTCONTRACTTRANSFERHIST
GENEVA_ADMIN,CUSTEVENTSOURCE,GENEVA_ADMIN.CUSTEVENTSOURCE
GENEVA_ADMIN,CUSTFILTERELEMENT,GENEVA_ADMIN.CUSTFILTERELEMENT
GENEVA_ADMIN,CUSTHASLOYALTYPROG,GENEVA_ADMIN.CUSTHASLOYALTYPROG
GENEVA_ADMIN,CUSTHASPACKAGE,GENEVA_ADMIN.CUSTHASPACKAGE
GENEVA_ADMIN,CUSTHASPRODUCT,GENEVA_ADMIN.CUSTHASPRODUCT
GENEVA_ADMIN,CUSTHASTEMPLATE,GENEVA_ADMIN.CUSTHASTEMPLATE
GENEVA_ADMIN,CUSTLOYALTYCATEGORYTRANS,GENEVA_ADMIN.CUSTLOYALTYCATEGORYTRANS
GENEVA_ADMIN,CUSTOMER,GENEVA_ADMIN.CUSTOMER
GENEVA_ADMIN,CUSTOMERATTRIBUTES,GENEVA_ADMIN.CUSTOMERATTRIBUTES
GENEVA_ADMIN,CUSTOMERAUDIT,GENEVA_ADMIN.CUSTOMERAUDIT
GENEVA_ADMIN,CUSTOMERCONTRACT,GENEVA_ADMIN.CUSTOMERCONTRACT
GENEVA_ADMIN,CUSTOMERFORMATTINGREQUEST,GENEVA_ADMIN.CUSTOMERFORMATTINGREQUEST
GENEVA_ADMIN,CUSTOMERREISSUEREQUEST,GENEVA_ADMIN.CUSTOMERREISSUEREQUEST
GENEVA_ADMIN,CUSTOMERREPORT,GENEVA_ADMIN.CUSTOMERREPORT
GENEVA_ADMIN,CUSTOMERTYPE,GENEVA_ADMIN.CUSTOMERTYPE
GENEVA_ADMIN,CUSTOVERRIDEBILLDISCOUNT,GENEVA_ADMIN.CUSTOVERRIDEBILLDISCOUNT
GENEVA_ADMIN,CUSTOVERRIDEDISCOUNT,GENEVA_ADMIN.CUSTOVERRIDEDISCOUNT
GENEVA_ADMIN,CUSTOVERRIDEDISCOUNTSTEP,GENEVA_ADMIN.CUSTOVERRIDEDISCOUNTSTEP
GENEVA_ADMIN,CUSTOVERRIDEDISCTFRHIST,GENEVA_ADMIN.CUSTOVERRIDEDISCTFRHIST
GENEVA_ADMIN,CUSTOVERRIDEPRICE,GENEVA_ADMIN.CUSTOVERRIDEPRICE
GENEVA_ADMIN,CUSTOVERRIDEPRICETFRHIST,GENEVA_ADMIN.CUSTOVERRIDEPRICETFRHIST
GENEVA_ADMIN,CUSTOVERRIDERATE,GENEVA_ADMIN.CUSTOVERRIDERATE
GENEVA_ADMIN,CUSTOVERRIDERATETFRHIST,GENEVA_ADMIN.CUSTOVERRIDERATETFRHIST
GENEVA_ADMIN,CUSTOVRBILLDISCTFRHIST,GENEVA_ADMIN.CUSTOVRBILLDISCTFRHIST
GENEVA_ADMIN,CUSTPERIODCLOSED,GENEVA_ADMIN.CUSTPERIODCLOSED
GENEVA_ADMIN,CUSTPRODACTIONTHRESHOLD,GENEVA_ADMIN.CUSTPRODACTIONTHRESHOLD
GENEVA_ADMIN,CUSTPRODADDONRATEDETAILS,GENEVA_ADMIN.CUSTPRODADDONRATEDETAILS
GENEVA_ADMIN,CUSTPRODBILLDISCMIGRATION,GENEVA_ADMIN.CUSTPRODBILLDISCMIGRATION
GENEVA_ADMIN,CUSTPRODBILLINGDISCOUNT,GENEVA_ADMIN.CUSTPRODBILLINGDISCOUNT
GENEVA_ADMIN,CUSTPRODBILLINGDISCOUNT_BKUP,GENEVA_ADMIN.CUSTPRODBILLINGDISCOUNT_BKUP
GENEVA_ADMIN,CUSTPRODCHARGINGRULES,GENEVA_ADMIN.CUSTPRODCHARGINGRULES
GENEVA_ADMIN,CUSTPRODCHRGRESETREQUEST,GENEVA_ADMIN.CUSTPRODCHRGRESETREQUEST
GENEVA_ADMIN,CUSTPRODDISCOUNTDETAILS,GENEVA_ADMIN.CUSTPRODDISCOUNTDETAILS
GENEVA_ADMIN,CUSTPRODDISCOUNTPERIOD,GENEVA_ADMIN.CUSTPRODDISCOUNTPERIOD
GENEVA_ADMIN,CUSTPRODDISCOUNTPERIOD_BKUP,GENEVA_ADMIN.CUSTPRODDISCOUNTPERIOD_BKUP
GENEVA_ADMIN,CUSTPRODDISCPARTITIONS,GENEVA_ADMIN.CUSTPRODDISCPARTITIONS
GENEVA_ADMIN,CUSTPRODEXTENDEDATTRDET,GENEVA_ADMIN.CUSTPRODEXTENDEDATTRDET
GENEVA_ADMIN,CUSTPRODINVBONUSLOG,GENEVA_ADMIN.CUSTPRODINVBONUSLOG
GENEVA_ADMIN,CUSTPRODINVDISCEVSRCUSAGE,GENEVA_ADMIN.CUSTPRODINVDISCEVSRCUSAGE
GENEVA_ADMIN,CUSTPRODINVOICEDISCUSAGE,GENEVA_ADMIN.CUSTPRODINVOICEDISCUSAGE
GENEVA_ADMIN,CUSTPRODRATINGDISCOUNT,GENEVA_ADMIN.CUSTPRODRATINGDISCOUNT
GENEVA_ADMIN,CUSTPRODUCTACCOUNT,GENEVA_ADMIN.CUSTPRODUCTACCOUNT
GENEVA_ADMIN,CUSTPRODUCTADDRESS,GENEVA_ADMIN.CUSTPRODUCTADDRESS
GENEVA_ADMIN,CUSTPRODUCTATTRDETAILS,GENEVA_ADMIN.CUSTPRODUCTATTRDETAILS
GENEVA_ADMIN,CUSTPRODUCTCHARGE,GENEVA_ADMIN.CUSTPRODUCTCHARGE
GENEVA_ADMIN,CUSTPRODUCTDETAILS,GENEVA_ADMIN.CUSTPRODUCTDETAILS
GENEVA_ADMIN,CUSTPRODUCTDISCOUNTUSAGE,GENEVA_ADMIN.CUSTPRODUCTDISCOUNTUSAGE
GENEVA_ADMIN,CUSTPRODUCTEVENTTYPES,GENEVA_ADMIN.CUSTPRODUCTEVENTTYPES
GENEVA_ADMIN,CUSTPRODUCTSTATUS,GENEVA_ADMIN.CUSTPRODUCTSTATUS
GENEVA_ADMIN,CUSTPRODUCTTARIFFDETAILS,GENEVA_ADMIN.CUSTPRODUCTTARIFFDETAILS
GENEVA_ADMIN,CUSTPRODUCTTRANSFERAUDIT,GENEVA_ADMIN.CUSTPRODUCTTRANSFERAUDIT
GENEVA_ADMIN,CUSTPRODUCTTRANSFERHIST,GENEVA_ADMIN.CUSTPRODUCTTRANSFERHIST
GENEVA_ADMIN,DAEMONREGISTRATION,GENEVA_ADMIN.DAEMONREGISTRATION
GENEVA_ADMIN,DATABASESERVICENAME,GENEVA_ADMIN.DATABASESERVICENAME
GENEVA_ADMIN,DATAMANAGEMENTCONTROL,GENEVA_ADMIN.DATAMANAGEMENTCONTROL
GENEVA_ADMIN,DBERRORLOG,GENEVA_ADMIN.DBERRORLOG
GENEVA_ADMIN,DEBTAGEBAND,GENEVA_ADMIN.DEBTAGEBAND
GENEVA_ADMIN,DEBTANALYSISREQDFORACC,GENEVA_ADMIN.DEBTANALYSISREQDFORACC
GENEVA_ADMIN,DEBTESCALATIONACTION,GENEVA_ADMIN.DEBTESCALATIONACTION
GENEVA_ADMIN,DEBTESCALATIONREQUEST,GENEVA_ADMIN.DEBTESCALATIONREQUEST
GENEVA_ADMIN,DEBTESCALATIONSCHEDULE,GENEVA_ADMIN.DEBTESCALATIONSCHEDULE
GENEVA_ADMIN,DEBTESCALATIONSYSTEM,GENEVA_ADMIN.DEBTESCALATIONSYSTEM
GENEVA_ADMIN,DEBTESCREQBILL,GENEVA_ADMIN.DEBTESCREQBILL
GENEVA_ADMIN,DEFAULTCREDITCLASS,GENEVA_ADMIN.DEFAULTCREDITCLASS
GENEVA_ADMIN,DELETEDBILLSUMMARY,GENEVA_ADMIN.DELETEDBILLSUMMARY
GENEVA_ADMIN,DELETEDINITIALINDEX1,GENEVA_ADMIN.DELETEDINITIALINDEX1
GENEVA_ADMIN,DELETEDINITIALINDEX2,GENEVA_ADMIN.DELETEDINITIALINDEX2
GENEVA_ADMIN,DELETEDPERIODICINDEX,GENEVA_ADMIN.DELETEDPERIODICINDEX
GENEVA_ADMIN,DELETEEVENT,GENEVA_ADMIN.DELETEEVENT
GENEVA_ADMIN,DELETEEVENTEEA,GENEVA_ADMIN.DELETEEVENTEEA
GENEVA_ADMIN,DELINQUENCYPOLICY,GENEVA_ADMIN.DELINQUENCYPOLICY
GENEVA_ADMIN,DEPOSITBALANCE,GENEVA_ADMIN.DEPOSITBALANCE
GENEVA_ADMIN,DEPOSITREQUEST,GENEVA_ADMIN.DEPOSITREQUEST
GENEVA_ADMIN,DEPOSITTYPE,GENEVA_ADMIN.DEPOSITTYPE
GENEVA_ADMIN,DIAMAVPSDEFINITION,GENEVA_ADMIN.DIAMAVPSDEFINITION
GENEVA_ADMIN,DIAMCOMMANDMAPPINGS,GENEVA_ADMIN.DIAMCOMMANDMAPPINGS
GENEVA_ADMIN,DIAMENUMAVPSDEFINITION,GENEVA_ADMIN.DIAMENUMAVPSDEFINITION
GENEVA_ADMIN,DIAMRESULTCODEANNIDMAP,GENEVA_ADMIN.DIAMRESULTCODEANNIDMAP
GENEVA_ADMIN,DISCACTIONTHRESHOLD,GENEVA_ADMIN.DISCACTIONTHRESHOLD
GENEVA_ADMIN,DISCACTIONTHRESHOLDSET,GENEVA_ADMIN.DISCACTIONTHRESHOLDSET
GENEVA_ADMIN,DISCBUCKETTRNMETADATA,GENEVA_ADMIN.DISCBUCKETTRNMETADATA
GENEVA_ADMIN,DISCHASPOLICYCOUNTER,GENEVA_ADMIN.DISCHASPOLICYCOUNTER
GENEVA_ADMIN,DISCNOMINATEDACCOUNT,GENEVA_ADMIN.DISCNOMINATEDACCOUNT
GENEVA_ADMIN,DISCOUNTACTIONREQUEST,GENEVA_ADMIN.DISCOUNTACTIONREQUEST
GENEVA_ADMIN,DISCOUNTSTATUSACTION,GENEVA_ADMIN.DISCOUNTSTATUSACTION
GENEVA_ADMIN,DISCOUNTSTATUSACTIONSET,GENEVA_ADMIN.DISCOUNTSTATUSACTIONSET
GENEVA_ADMIN,DISPLAYNAME,GENEVA_ADMIN.DISPLAYNAME
GENEVA_ADMIN,DISPUTE,GENEVA_ADMIN.DISPUTE
GENEVA_ADMIN,DISPUTEBILLPRODUCTCHARGE,GENEVA_ADMIN.DISPUTEBILLPRODUCTCHARGE
GENEVA_ADMIN,DISPUTEEVENT,GENEVA_ADMIN.DISPUTEEVENT
GENEVA_ADMIN,DISPUTETYPE,GENEVA_ADMIN.DISPUTETYPE
GENEVA_ADMIN,DISTRIBUTEDRELEASE,GENEVA_ADMIN.DISTRIBUTEDRELEASE
GENEVA_ADMIN,DOMAINEDDATAREPLLATENCY,GENEVA_ADMIN.DOMAINEDDATAREPLLATENCY
GENEVA_ADMIN,DOMAINGROUP,GENEVA_ADMIN.DOMAINGROUP
GENEVA_ADMIN,DOMAINGROUPASSIGNMENT,GENEVA_ADMIN.DOMAINGROUPASSIGNMENT
GENEVA_ADMIN,DOMAINIDCHANGEREQUEST,GENEVA_ADMIN.DOMAINIDCHANGEREQUEST
GENEVA_ADMIN,DOMAINLOOKUP,GENEVA_ADMIN.DOMAINLOOKUP
GENEVA_ADMIN,DONATEDDISCOUNT,GENEVA_ADMIN.DONATEDDISCOUNT
GENEVA_ADMIN,DUNNINGARCHIVELOG,GENEVA_ADMIN.DUNNINGARCHIVELOG
GENEVA_ADMIN,DUNNINGDATA,GENEVA_ADMIN.DUNNINGDATA
GENEVA_ADMIN,DUNNINGLETTER,GENEVA_ADMIN.DUNNINGLETTER
GENEVA_ADMIN,DUNNINGLETTERTEMPLATE,GENEVA_ADMIN.DUNNINGLETTERTEMPLATE
GENEVA_ADMIN,DUPLICATEADJUSTMENT,GENEVA_ADMIN.DUPLICATEADJUSTMENT
GENEVA_ADMIN,DUPLICATECHECK1,GENEVA_ADMIN.DUPLICATECHECK1
GENEVA_ADMIN,DUPLICATECHECK10,GENEVA_ADMIN.DUPLICATECHECK10
GENEVA_ADMIN,DUPLICATECHECK11,GENEVA_ADMIN.DUPLICATECHECK11
GENEVA_ADMIN,DUPLICATECHECK12,GENEVA_ADMIN.DUPLICATECHECK12
GENEVA_ADMIN,DUPLICATECHECK13,GENEVA_ADMIN.DUPLICATECHECK13
GENEVA_ADMIN,DUPLICATECHECK14,GENEVA_ADMIN.DUPLICATECHECK14
GENEVA_ADMIN,DUPLICATECHECK15,GENEVA_ADMIN.DUPLICATECHECK15
GENEVA_ADMIN,DUPLICATECHECK16,GENEVA_ADMIN.DUPLICATECHECK16
GENEVA_ADMIN,DUPLICATECHECK17,GENEVA_ADMIN.DUPLICATECHECK17
GENEVA_ADMIN,DUPLICATECHECK18,GENEVA_ADMIN.DUPLICATECHECK18
GENEVA_ADMIN,DUPLICATECHECK19,GENEVA_ADMIN.DUPLICATECHECK19
GENEVA_ADMIN,DUPLICATECHECK2,GENEVA_ADMIN.DUPLICATECHECK2
GENEVA_ADMIN,DUPLICATECHECK20,GENEVA_ADMIN.DUPLICATECHECK20
GENEVA_ADMIN,DUPLICATECHECK21,GENEVA_ADMIN.DUPLICATECHECK21
GENEVA_ADMIN,DUPLICATECHECK22,GENEVA_ADMIN.DUPLICATECHECK22
GENEVA_ADMIN,DUPLICATECHECK23,GENEVA_ADMIN.DUPLICATECHECK23
GENEVA_ADMIN,DUPLICATECHECK24,GENEVA_ADMIN.DUPLICATECHECK24
GENEVA_ADMIN,DUPLICATECHECK25,GENEVA_ADMIN.DUPLICATECHECK25
GENEVA_ADMIN,DUPLICATECHECK26,GENEVA_ADMIN.DUPLICATECHECK26
GENEVA_ADMIN,DUPLICATECHECK27,GENEVA_ADMIN.DUPLICATECHECK27
GENEVA_ADMIN,DUPLICATECHECK28,GENEVA_ADMIN.DUPLICATECHECK28
GENEVA_ADMIN,DUPLICATECHECK29,GENEVA_ADMIN.DUPLICATECHECK29
GENEVA_ADMIN,DUPLICATECHECK3,GENEVA_ADMIN.DUPLICATECHECK3
GENEVA_ADMIN,DUPLICATECHECK30,GENEVA_ADMIN.DUPLICATECHECK30
GENEVA_ADMIN,DUPLICATECHECK4,GENEVA_ADMIN.DUPLICATECHECK4
GENEVA_ADMIN,DUPLICATECHECK5,GENEVA_ADMIN.DUPLICATECHECK5
GENEVA_ADMIN,DUPLICATECHECK6,GENEVA_ADMIN.DUPLICATECHECK6
GENEVA_ADMIN,DUPLICATECHECK7,GENEVA_ADMIN.DUPLICATECHECK7
GENEVA_ADMIN,DUPLICATECHECK8,GENEVA_ADMIN.DUPLICATECHECK8
GENEVA_ADMIN,DUPLICATECHECK9,GENEVA_ADMIN.DUPLICATECHECK9
GENEVA_ADMIN,DUPLICATEEVENT,GENEVA_ADMIN.DUPLICATEEVENT
GENEVA_ADMIN,DUPLICATEEVENTAUDIT,GENEVA_ADMIN.DUPLICATEEVENTAUDIT
GENEVA_ADMIN,EATREQUEST,GENEVA_ADMIN.EATREQUEST
GENEVA_ADMIN,ECAAUDITTRAIL,GENEVA_ADMIN.ECAAUDITTRAIL
GENEVA_ADMIN,ECATABLEVERSION,GENEVA_ADMIN.ECATABLEVERSION
GENEVA_ADMIN,ESCAUDIT,GENEVA_ADMIN.ESCAUDIT
GENEVA_ADMIN,ESCAUDITSNAPSHOT,GENEVA_ADMIN.ESCAUDITSNAPSHOT
GENEVA_ADMIN,ESGASSIGNMENT,GENEVA_ADMIN.ESGASSIGNMENT
GENEVA_ADMIN,ESGEXCEPTIONLIST,GENEVA_ADMIN.ESGEXCEPTIONLIST
GENEVA_ADMIN,ESGPARTITIONASSIGNMENT,GENEVA_ADMIN.ESGPARTITIONASSIGNMENT
GENEVA_ADMIN,EVDISCNETCHARGEOVERRIDE,GENEVA_ADMIN.EVDISCNETCHARGEOVERRIDE
GENEVA_ADMIN,EVENTACTION,GENEVA_ADMIN.EVENTACTION
GENEVA_ADMIN,EVENTARCHIVELOG,GENEVA_ADMIN.EVENTARCHIVELOG
GENEVA_ADMIN,EVENTATTRIBUTE,GENEVA_ADMIN.EVENTATTRIBUTE
GENEVA_ADMIN,EVENTCATEGORY,GENEVA_ADMIN.EVENTCATEGORY
GENEVA_ADMIN,EVENTCLASS,GENEVA_ADMIN.EVENTCLASS
GENEVA_ADMIN,EVENTDELETIONREQUEST,GENEVA_ADMIN.EVENTDELETIONREQUEST
GENEVA_ADMIN,EVENTDISCOUNT,GENEVA_ADMIN.EVENTDISCOUNT
GENEVA_ADMIN,EVENTDISCOUNTACCOUNT,GENEVA_ADMIN.EVENTDISCOUNTACCOUNT
GENEVA_ADMIN,EVENTDISCOUNTCAPRULE,GENEVA_ADMIN.EVENTDISCOUNTCAPRULE
GENEVA_ADMIN,EVENTDISCOUNTSGROUP,GENEVA_ADMIN.EVENTDISCOUNTSGROUP
GENEVA_ADMIN,EVENTDISCOUNTSTATE,GENEVA_ADMIN.EVENTDISCOUNTSTATE
GENEVA_ADMIN,EVENTDISCOUNTSTEP,GENEVA_ADMIN.EVENTDISCOUNTSTEP
GENEVA_ADMIN,EVENTDISPATCHPROFILE,GENEVA_ADMIN.EVENTDISPATCHPROFILE
GENEVA_ADMIN,EVENTDISPATCHPROFILEDET,GENEVA_ADMIN.EVENTDISPATCHPROFILEDET
GENEVA_ADMIN,EVENTFILEEVENTASA,GENEVA_ADMIN.EVENTFILEEVENTASA
GENEVA_ADMIN,EVENTFILEEVENTATTRIBUTE,GENEVA_ADMIN.EVENTFILEEVENTATTRIBUTE
GENEVA_ADMIN,EVENTFILEEVENTS,GENEVA_ADMIN.EVENTFILEEVENTS
GENEVA_ADMIN,EVENTFILESORTERCURRSLAB,GENEVA_ADMIN.EVENTFILESORTERCURRSLAB
GENEVA_ADMIN,EVENTFILTER,GENEVA_ADMIN.EVENTFILTER
GENEVA_ADMIN,EVENTINDEXCONTROL,GENEVA_ADMIN.EVENTINDEXCONTROL
GENEVA_ADMIN,EVENTLIFECYCLETYPE,GENEVA_ADMIN.EVENTLIFECYCLETYPE
GENEVA_ADMIN,EVENTLOADFAILURE,GENEVA_ADMIN.EVENTLOADFAILURE
GENEVA_ADMIN,EVENTMAPPINGSET,GENEVA_ADMIN.EVENTMAPPINGSET
GENEVA_ADMIN,EVENTMAPPINGSETMATCHRULE,GENEVA_ADMIN.EVENTMAPPINGSETMATCHRULE
GENEVA_ADMIN,EVENTMAPPINGSETMETADATA,GENEVA_ADMIN.EVENTMAPPINGSETMETADATA
GENEVA_ADMIN,EVENTMAPPINGSETVALUE,GENEVA_ADMIN.EVENTMAPPINGSETVALUE
GENEVA_ADMIN,EVENTMASKINGATTRIBUTE,GENEVA_ADMIN.EVENTMASKINGATTRIBUTE
GENEVA_ADMIN,EVENTMASKINGRULE,GENEVA_ADMIN.EVENTMASKINGRULE
GENEVA_ADMIN,EVENTRECEIVABLEAXES,GENEVA_ADMIN.EVENTRECEIVABLEAXES
GENEVA_ADMIN,EVENTRECEIVABLEMAP,GENEVA_ADMIN.EVENTRECEIVABLEMAP
GENEVA_ADMIN,EVENTREQUESTTYPE,GENEVA_ADMIN.EVENTREQUESTTYPE
GENEVA_ADMIN,EVENTRESERVATION,GENEVA_ADMIN.EVENTRESERVATION
GENEVA_ADMIN,EVENTRESERVATIONEEA,GENEVA_ADMIN.EVENTRESERVATIONEEA
GENEVA_ADMIN,EVENTRESERVATIONRAR,GENEVA_ADMIN.EVENTRESERVATIONRAR
GENEVA_ADMIN,EVENTREVENUEAXES,GENEVA_ADMIN.EVENTREVENUEAXES
GENEVA_ADMIN,EVENTREVENUEMAP,GENEVA_ADMIN.EVENTREVENUEMAP
GENEVA_ADMIN,EVENTSOURCEUSAGE,GENEVA_ADMIN.EVENTSOURCEUSAGE
GENEVA_ADMIN,EVENTSUMMARY,GENEVA_ADMIN.EVENTSUMMARY
GENEVA_ADMIN,EVENTSUMMARYACTION,GENEVA_ADMIN.EVENTSUMMARYACTION
GENEVA_ADMIN,EVENTSUMPROFATTRVERSIONNUM,GENEVA_ADMIN.EVENTSUMPROFATTRVERSIONNUM
GENEVA_ADMIN,EVENTTASKMASTERACTIVE,GENEVA_ADMIN.EVENTTASKMASTERACTIVE
GENEVA_ADMIN,EVENTTYPE,GENEVA_ADMIN.EVENTTYPE
GENEVA_ADMIN,EVENTTYPEATTRDETAIL,GENEVA_ADMIN.EVENTTYPEATTRDETAIL
GENEVA_ADMIN,EVENTTYPEATTRIBUTE,GENEVA_ADMIN.EVENTTYPEATTRIBUTE
GENEVA_ADMIN,EVENTTYPEHASANNOUNCEMENT,GENEVA_ADMIN.EVENTTYPEHASANNOUNCEMENT
GENEVA_ADMIN,EVENTTYPEHASBILLDATEATTRNUM,GENEVA_ADMIN.EVENTTYPEHASBILLDATEATTRNUM
GENEVA_ADMIN,EVENTTYPEHASDERIVEDAVP,GENEVA_ADMIN.EVENTTYPEHASDERIVEDAVP
GENEVA_ADMIN,EVENTTYPEHASDROPFILTER,GENEVA_ADMIN.EVENTTYPEHASDROPFILTER
GENEVA_ADMIN,EVENTTYPEHASEVENTMAPPING,GENEVA_ADMIN.EVENTTYPEHASEVENTMAPPING
GENEVA_ADMIN,EVENTTYPEHASFUA,GENEVA_ADMIN.EVENTTYPEHASFUA
GENEVA_ADMIN,EVENTTYPEHASQUOTATHRSHLD,GENEVA_ADMIN.EVENTTYPEHASQUOTATHRSHLD
GENEVA_ADMIN,EVENTTYPEHASREQUIREDAVP,GENEVA_ADMIN.EVENTTYPEHASREQUIREDAVP
GENEVA_ADMIN,EVENTTYPEHASRETURNATTRS,GENEVA_ADMIN.EVENTTYPEHASRETURNATTRS
GENEVA_ADMIN,EVENTTYPEHASSCALARBIND,GENEVA_ADMIN.EVENTTYPEHASSCALARBIND
GENEVA_ADMIN,EVENTTYPEQUALIFIERRULES,GENEVA_ADMIN.EVENTTYPEQUALIFIERRULES
GENEVA_ADMIN,EVENTTYPEQUALIFIERS,GENEVA_ADMIN.EVENTTYPEQUALIFIERS
GENEVA_ADMIN,EVENTTYPEQUALIFIERTERMS,GENEVA_ADMIN.EVENTTYPEQUALIFIERTERMS
GENEVA_ADMIN,EXCEPTIONALBILLCONDITIONS,GENEVA_ADMIN.EXCEPTIONALBILLCONDITIONS
GENEVA_ADMIN,EXPECTEDBUDGETPAYMENT,GENEVA_ADMIN.EXPECTEDBUDGETPAYMENT
GENEVA_ADMIN,EXPORTAUDIT,GENEVA_ADMIN.EXPORTAUDIT
GENEVA_ADMIN,EXPORTDATASET,GENEVA_ADMIN.EXPORTDATASET
GENEVA_ADMIN,EXPORTDATASETTYPE,GENEVA_ADMIN.EXPORTDATASETTYPE
GENEVA_ADMIN,EXTENDEDATTRNAMESPACE,GENEVA_ADMIN.EXTENDEDATTRNAMESPACE
GENEVA_ADMIN,EXTENDEDATTRTABLEDEF,GENEVA_ADMIN.EXTENDEDATTRTABLEDEF
GENEVA_ADMIN,EXTENDEDATTRTABLEHASATTR,GENEVA_ADMIN.EXTENDEDATTRTABLEHASATTR
GENEVA_ADMIN,EXTENDEDATTRVALUEMAP,GENEVA_ADMIN.EXTENDEDATTRVALUEMAP
GENEVA_ADMIN,EXTERNALACCOUNTMAP,GENEVA_ADMIN.EXTERNALACCOUNTMAP
GENEVA_ADMIN,EXTERNALACTION,GENEVA_ADMIN.EXTERNALACTION
GENEVA_ADMIN,EXTERNALACTIONANNIDMAP,GENEVA_ADMIN.EXTERNALACTIONANNIDMAP
GENEVA_ADMIN,EXTERNALACTIONMAPPING,GENEVA_ADMIN.EXTERNALACTIONMAPPING
GENEVA_ADMIN,EXTERNALCONNECTION,GENEVA_ADMIN.EXTERNALCONNECTION
GENEVA_ADMIN,FAILEDACTIONLOG,GENEVA_ADMIN.FAILEDACTIONLOG
GENEVA_ADMIN,FAILEDKAFKAMESSAGE,GENEVA_ADMIN.FAILEDKAFKAMESSAGE
GENEVA_ADMIN,FAILURECODE,GENEVA_ADMIN.FAILURECODE
GENEVA_ADMIN,FEATUREUSESTRIGGER,GENEVA_ADMIN.FEATUREUSESTRIGGER
GENEVA_ADMIN,FEEDAGGREGATEDDAILYDATA,GENEVA_ADMIN.FEEDAGGREGATEDDAILYDATA
GENEVA_ADMIN,FEEDAGGREGATEDDATA,GENEVA_ADMIN.FEEDAGGREGATEDDATA
GENEVA_ADMIN,FEEDALLOCATIONTOINVOICE,GENEVA_ADMIN.FEEDALLOCATIONTOINVOICE
GENEVA_ADMIN,FILEGROUP,GENEVA_ADMIN.FILEGROUP
GENEVA_ADMIN,FILEGROUPLOG,GENEVA_ADMIN.FILEGROUPLOG
GENEVA_ADMIN,FILEGROUPSEQUENCE,GENEVA_ADMIN.FILEGROUPSEQUENCE
GENEVA_ADMIN,FILEGROUP_20210723_105002,GENEVA_ADMIN.FILEGROUP_20210723_105002
GENEVA_ADMIN,FILEGROUP_20210723_105346,GENEVA_ADMIN.FILEGROUP_20210723_105346
GENEVA_ADMIN,FILEGROUP_20210723_111942,GENEVA_ADMIN.FILEGROUP_20210723_111942
GENEVA_ADMIN,FILEGROUP_20210723_135858,GENEVA_ADMIN.FILEGROUP_20210723_135858
GENEVA_ADMIN,FILEGROUP_20210726_152552,GENEVA_ADMIN.FILEGROUP_20210726_152552
GENEVA_ADMIN,FILEGROUP_20210726_165628,GENEVA_ADMIN.FILEGROUP_20210726_165628
GENEVA_ADMIN,FILEGROUP_20210726_184135,GENEVA_ADMIN.FILEGROUP_20210726_184135
GENEVA_ADMIN,FILEGROUP_20210726_204641,GENEVA_ADMIN.FILEGROUP_20210726_204641
GENEVA_ADMIN,FILEGROUP_20210727_131035,GENEVA_ADMIN.FILEGROUP_20210727_131035
GENEVA_ADMIN,FILEGROUP_20210727_140511,GENEVA_ADMIN.FILEGROUP_20210727_140511
GENEVA_ADMIN,FILEGROUP_20210915_045219,GENEVA_ADMIN.FILEGROUP_20210915_045219
GENEVA_ADMIN,FILEGROUP_20210930_072305,GENEVA_ADMIN.FILEGROUP_20210930_072305
GENEVA_ADMIN,FILEGROUP_20210930_111124,GENEVA_ADMIN.FILEGROUP_20210930_111124
GENEVA_ADMIN,FILEGROUP_20210930_144411,GENEVA_ADMIN.FILEGROUP_20210930_144411
GENEVA_ADMIN,FILEGROUP_20211001_015917,GENEVA_ADMIN.FILEGROUP_20211001_015917
GENEVA_ADMIN,FILEGROUP_20211001_020046,GENEVA_ADMIN.FILEGROUP_20211001_020046
GENEVA_ADMIN,FILEGROUP_20211227_013407,GENEVA_ADMIN.FILEGROUP_20211227_013407
GENEVA_ADMIN,FILEGROUP_20211228_020842,GENEVA_ADMIN.FILEGROUP_20211228_020842
GENEVA_ADMIN,FILEGROUP_20211229_041723,GENEVA_ADMIN.FILEGROUP_20211229_041723
GENEVA_ADMIN,FILEGROUP_20211229_080908,GENEVA_ADMIN.FILEGROUP_20211229_080908
GENEVA_ADMIN,FILEGROUP_20211231_054834,GENEVA_ADMIN.FILEGROUP_20211231_054834
GENEVA_ADMIN,FILEGROUP_20220228_044456,GENEVA_ADMIN.FILEGROUP_20220228_044456
GENEVA_ADMIN,FILEGROUP_20220429_093315,GENEVA_ADMIN.FILEGROUP_20220429_093315
GENEVA_ADMIN,FILEGROUP_20220503_080851,GENEVA_ADMIN.FILEGROUP_20220503_080851
GENEVA_ADMIN,FILEGROUP_20220628_091947,GENEVA_ADMIN.FILEGROUP_20220628_091947
GENEVA_ADMIN,FILEGROUP_20220629_050611,GENEVA_ADMIN.FILEGROUP_20220629_050611
GENEVA_ADMIN,FILEGROUP_20220630_053911,GENEVA_ADMIN.FILEGROUP_20220630_053911
GENEVA_ADMIN,FILEGROUP_20220928_061544,GENEVA_ADMIN.FILEGROUP_20220928_061544
GENEVA_ADMIN,FILEGROUP_20221027_072231,GENEVA_ADMIN.FILEGROUP_20221027_072231
GENEVA_ADMIN,FILEGROUP_20221028_050745,GENEVA_ADMIN.FILEGROUP_20221028_050745
GENEVA_ADMIN,FILEGROUP_20221219_083634,GENEVA_ADMIN.FILEGROUP_20221219_083634
GENEVA_ADMIN,FILEGROUP_20230221_084725,GENEVA_ADMIN.FILEGROUP_20230221_084725
GENEVA_ADMIN,FILEGROUP_20230503_065558,GENEVA_ADMIN.FILEGROUP_20230503_065558
GENEVA_ADMIN,FILEGROUP_20230706_054806,GENEVA_ADMIN.FILEGROUP_20230706_054806
GENEVA_ADMIN,FILEGROUP_20230728_020516,GENEVA_ADMIN.FILEGROUP_20230728_020516
GENEVA_ADMIN,FILEGROUP_20230922_011531,GENEVA_ADMIN.FILEGROUP_20230922_011531
GENEVA_ADMIN,FILEGROUP_20231016_015026,GENEVA_ADMIN.FILEGROUP_20231016_015026
GENEVA_ADMIN,FILEGROUP_20231026_070257,GENEVA_ADMIN.FILEGROUP_20231026_070257
GENEVA_ADMIN,FILEGROUP_20231026_183137,GENEVA_ADMIN.FILEGROUP_20231026_183137
GENEVA_ADMIN,FILEGROUP_20231221_215804,GENEVA_ADMIN.FILEGROUP_20231221_215804
GENEVA_ADMIN,FILEGROUP_20240112_134830,GENEVA_ADMIN.FILEGROUP_20240112_134830
GENEVA_ADMIN,FILEGROUP_20240207_050711,GENEVA_ADMIN.FILEGROUP_20240207_050711
GENEVA_ADMIN,FILEGROUP_20240207_121327,GENEVA_ADMIN.FILEGROUP_20240207_121327
GENEVA_ADMIN,FILEGROUP_20240312_114025,GENEVA_ADMIN.FILEGROUP_20240312_114025
GENEVA_ADMIN,FILEGROUP_20240321_040042,GENEVA_ADMIN.FILEGROUP_20240321_040042
GENEVA_ADMIN,FILEGROUP_20240515_132150,GENEVA_ADMIN.FILEGROUP_20240515_132150
GENEVA_ADMIN,FILEGROUP_20240531_072446,GENEVA_ADMIN.FILEGROUP_20240531_072446
GENEVA_ADMIN,FILEGROUP_20240726_070708,GENEVA_ADMIN.FILEGROUP_20240726_070708
GENEVA_ADMIN,FILEGROUP_20240812_085727,GENEVA_ADMIN.FILEGROUP_20240812_085727
GENEVA_ADMIN,FILEGROUP_20241015_030834,GENEVA_ADMIN.FILEGROUP_20241015_030834
GENEVA_ADMIN,FILEGROUP_20241024_070743,GENEVA_ADMIN.FILEGROUP_20241024_070743
GENEVA_ADMIN,FILEGROUP_20250604_072215,GENEVA_ADMIN.FILEGROUP_20250604_072215
GENEVA_ADMIN,FILEGROUP_20250723_045301,GENEVA_ADMIN.FILEGROUP_20250723_045301
GENEVA_ADMIN,FILEGROUP_20250804_045556,GENEVA_ADMIN.FILEGROUP_20250804_045556
GENEVA_ADMIN,FILEGROUP_20250812_060540,GENEVA_ADMIN.FILEGROUP_20250812_060540
GENEVA_ADMIN,FILEGROUP_20250826_083324,GENEVA_ADMIN.FILEGROUP_20250826_083324
GENEVA_ADMIN,FILEGROUP_20250907_104147,GENEVA_ADMIN.FILEGROUP_20250907_104147
GENEVA_ADMIN,FILEGROUP_20250908_144242,GENEVA_ADMIN.FILEGROUP_20250908_144242
GENEVA_ADMIN,FILEINGROUP,GENEVA_ADMIN.FILEINGROUP
GENEVA_ADMIN,FILELOG,GENEVA_ADMIN.FILELOG
GENEVA_ADMIN,FILESUBTYPE,GENEVA_ADMIN.FILESUBTYPE
GENEVA_ADMIN,FILETYPE,GENEVA_ADMIN.FILETYPE
GENEVA_ADMIN,FILTERELEMENT,GENEVA_ADMIN.FILTERELEMENT
GENEVA_ADMIN,FINACCTACCRUALS,GENEVA_ADMIN.FINACCTACCRUALS
GENEVA_ADMIN,FINACCTATTRDETAILS,GENEVA_ADMIN.FINACCTATTRDETAILS
GENEVA_ADMIN,FINACCTATTRIBUTESOURCE,GENEVA_ADMIN.FINACCTATTRIBUTESOURCE
GENEVA_ADMIN,FINACCTATTRMAP,GENEVA_ADMIN.FINACCTATTRMAP
GENEVA_ADMIN,FINACCTCUSTOMFEEDS,GENEVA_ADMIN.FINACCTCUSTOMFEEDS
GENEVA_ADMIN,FINACCTDEFERREDREVENUE,GENEVA_ADMIN.FINACCTDEFERREDREVENUE
GENEVA_ADMIN,FINACCTDERIVEDATTRMAP,GENEVA_ADMIN.FINACCTDERIVEDATTRMAP
GENEVA_ADMIN,FINACCTEXTRACT,GENEVA_ADMIN.FINACCTEXTRACT
GENEVA_ADMIN,FINACCTJOURNAL,GENEVA_ADMIN.FINACCTJOURNAL
GENEVA_ADMIN,FINACCTJOURNALSUMMARY,GENEVA_ADMIN.FINACCTJOURNALSUMMARY
GENEVA_ADMIN,FINACCTPLUGINPREDATTR,GENEVA_ADMIN.FINACCTPLUGINPREDATTR
GENEVA_ADMIN,FINACCTPLUGINPREDICATE,GENEVA_ADMIN.FINACCTPLUGINPREDICATE
GENEVA_ADMIN,FINACCTSOURCECOLUMNS,GENEVA_ADMIN.FINACCTSOURCECOLUMNS
GENEVA_ADMIN,FINACCTSOURCETABLES,GENEVA_ADMIN.FINACCTSOURCETABLES
GENEVA_ADMIN,FINANCIALACCOUNT,GENEVA_ADMIN.FINANCIALACCOUNT
GENEVA_ADMIN,FINANCIALACCOUNTGROUP,GENEVA_ADMIN.FINANCIALACCOUNTGROUP
GENEVA_ADMIN,FINANCIALACCOUNTORIGIN,GENEVA_ADMIN.FINANCIALACCOUNTORIGIN
GENEVA_ADMIN,FISCALYEARTYPE,GENEVA_ADMIN.FISCALYEARTYPE
GENEVA_ADMIN,FORMATTER,GENEVA_ADMIN.FORMATTER
GENEVA_ADMIN,FORMATTERHASFILE,GENEVA_ADMIN.FORMATTERHASFILE
GENEVA_ADMIN,FORMATTINGREQUEST,GENEVA_ADMIN.FORMATTINGREQUEST
GENEVA_ADMIN,GDBHISTORYTEST,GENEVA_ADMIN.GDBHISTORYTEST
GENEVA_ADMIN,GDBTEST,GENEVA_ADMIN.GDBTEST
GENEVA_ADMIN,GENEVAFUNCTION,GENEVA_ADMIN.GENEVAFUNCTION
GENEVA_ADMIN,GENEVALANGUAGE,GENEVA_ADMIN.GENEVALANGUAGE
GENEVA_ADMIN,GENEVAUSER,GENEVA_ADMIN.GENEVAUSER
GENEVA_ADMIN,GENEVAUSERHASBUSINESSROLE,GENEVA_ADMIN.GENEVAUSERHASBUSINESSROLE
GENEVA_ADMIN,GENEVAVERHASSCHEMAVER,GENEVA_ADMIN.GENEVAVERHASSCHEMAVER
GENEVA_ADMIN,GERCONFIGURATION,GENEVA_ADMIN.GERCONFIGURATION
GENEVA_ADMIN,GHOSTEVENTRATINGTARIFF,GENEVA_ADMIN.GHOSTEVENTRATINGTARIFF
GENEVA_ADMIN,GPARAMS,GENEVA_ADMIN.GPARAMS
GENEVA_ADMIN,GPARAMS_20210723_105002,GENEVA_ADMIN.GPARAMS_20210723_105002
GENEVA_ADMIN,GPARAMS_20210723_105346,GENEVA_ADMIN.GPARAMS_20210723_105346
GENEVA_ADMIN,GPARAMS_20210723_111942,GENEVA_ADMIN.GPARAMS_20210723_111942
GENEVA_ADMIN,GPARAMS_20210723_135858,GENEVA_ADMIN.GPARAMS_20210723_135858
GENEVA_ADMIN,GPARAMS_20210726_152552,GENEVA_ADMIN.GPARAMS_20210726_152552
GENEVA_ADMIN,GPARAMS_20210726_165628,GENEVA_ADMIN.GPARAMS_20210726_165628
GENEVA_ADMIN,GPARAMS_20210726_184135,GENEVA_ADMIN.GPARAMS_20210726_184135
GENEVA_ADMIN,GPARAMS_20210726_204641,GENEVA_ADMIN.GPARAMS_20210726_204641
GENEVA_ADMIN,GPARAMS_20210727_131035,GENEVA_ADMIN.GPARAMS_20210727_131035
GENEVA_ADMIN,GPARAMS_20210727_140511,GENEVA_ADMIN.GPARAMS_20210727_140511
GENEVA_ADMIN,GPARAMS_20210915_045219,GENEVA_ADMIN.GPARAMS_20210915_045219
GENEVA_ADMIN,GPARAMS_20210930_072305,GENEVA_ADMIN.GPARAMS_20210930_072305
GENEVA_ADMIN,GPARAMS_20210930_111124,GENEVA_ADMIN.GPARAMS_20210930_111124
GENEVA_ADMIN,GPARAMS_20210930_144411,GENEVA_ADMIN.GPARAMS_20210930_144411
GENEVA_ADMIN,GPARAMS_20211001_015917,GENEVA_ADMIN.GPARAMS_20211001_015917
GENEVA_ADMIN,GPARAMS_20211001_020046,GENEVA_ADMIN.GPARAMS_20211001_020046
GENEVA_ADMIN,GPARAMS_20211227_013407,GENEVA_ADMIN.GPARAMS_20211227_013407
GENEVA_ADMIN,GPARAMS_20211228_020842,GENEVA_ADMIN.GPARAMS_20211228_020842
GENEVA_ADMIN,GPARAMS_20211229_041723,GENEVA_ADMIN.GPARAMS_20211229_041723
GENEVA_ADMIN,GPARAMS_20211229_080908,GENEVA_ADMIN.GPARAMS_20211229_080908
GENEVA_ADMIN,GPARAMS_20211231_054834,GENEVA_ADMIN.GPARAMS_20211231_054834
GENEVA_ADMIN,GPARAMS_20220228_044456,GENEVA_ADMIN.GPARAMS_20220228_044456
GENEVA_ADMIN,GPARAMS_20220301_110425,GENEVA_ADMIN.GPARAMS_20220301_110425
GENEVA_ADMIN,GPARAMS_20220429_093315,GENEVA_ADMIN.GPARAMS_20220429_093315
GENEVA_ADMIN,GPARAMS_20220503_080851,GENEVA_ADMIN.GPARAMS_20220503_080851
GENEVA_ADMIN,GPARAMS_20220628_091947,GENEVA_ADMIN.GPARAMS_20220628_091947
GENEVA_ADMIN,GPARAMS_20220629_050611,GENEVA_ADMIN.GPARAMS_20220629_050611
GENEVA_ADMIN,GPARAMS_20220630_053911,GENEVA_ADMIN.GPARAMS_20220630_053911
GENEVA_ADMIN,GPARAMS_20220928_061544,GENEVA_ADMIN.GPARAMS_20220928_061544
GENEVA_ADMIN,GPARAMS_20221027_072231,GENEVA_ADMIN.GPARAMS_20221027_072231
GENEVA_ADMIN,GPARAMS_20221028_050745,GENEVA_ADMIN.GPARAMS_20221028_050745
GENEVA_ADMIN,GPARAMS_20221219_083634,GENEVA_ADMIN.GPARAMS_20221219_083634
GENEVA_ADMIN,GPARAMS_20230221_084725,GENEVA_ADMIN.GPARAMS_20230221_084725
GENEVA_ADMIN,GPARAMS_20230503_065558,GENEVA_ADMIN.GPARAMS_20230503_065558
GENEVA_ADMIN,GPARAMS_20230706_054806,GENEVA_ADMIN.GPARAMS_20230706_054806
GENEVA_ADMIN,GPARAMS_20230728_020516,GENEVA_ADMIN.GPARAMS_20230728_020516
GENEVA_ADMIN,GPARAMS_20230922_011531,GENEVA_ADMIN.GPARAMS_20230922_011531
GENEVA_ADMIN,GPARAMS_20231016_015026,GENEVA_ADMIN.GPARAMS_20231016_015026
GENEVA_ADMIN,GPARAMS_20231026_070257,GENEVA_ADMIN.GPARAMS_20231026_070257
GENEVA_ADMIN,GPARAMS_20231026_183137,GENEVA_ADMIN.GPARAMS_20231026_183137
GENEVA_ADMIN,GPARAMS_20231221_215804,GENEVA_ADMIN.GPARAMS_20231221_215804
GENEVA_ADMIN,GPARAMS_20240112_134830,GENEVA_ADMIN.GPARAMS_20240112_134830
GENEVA_ADMIN,GPARAMS_20240207_050711,GENEVA_ADMIN.GPARAMS_20240207_050711
GENEVA_ADMIN,GPARAMS_20240207_121327,GENEVA_ADMIN.GPARAMS_20240207_121327
GENEVA_ADMIN,GPARAMS_20240312_114025,GENEVA_ADMIN.GPARAMS_20240312_114025
GENEVA_ADMIN,GPARAMS_20240321_040042,GENEVA_ADMIN.GPARAMS_20240321_040042
GENEVA_ADMIN,GPARAMS_20240515_132150,GENEVA_ADMIN.GPARAMS_20240515_132150
GENEVA_ADMIN,GPARAMS_20240531_072446,GENEVA_ADMIN.GPARAMS_20240531_072446
GENEVA_ADMIN,GPARAMS_20240726_070708,GENEVA_ADMIN.GPARAMS_20240726_070708
GENEVA_ADMIN,GPARAMS_20240812_085727,GENEVA_ADMIN.GPARAMS_20240812_085727
GENEVA_ADMIN,GPARAMS_20241015_030834,GENEVA_ADMIN.GPARAMS_20241015_030834
GENEVA_ADMIN,GPARAMS_20241024_070743,GENEVA_ADMIN.GPARAMS_20241024_070743
GENEVA_ADMIN,GPARAMS_20250604_072215,GENEVA_ADMIN.GPARAMS_20250604_072215
GENEVA_ADMIN,GPARAMS_20250723_045301,GENEVA_ADMIN.GPARAMS_20250723_045301
GENEVA_ADMIN,GPARAMS_20250804_045556,GENEVA_ADMIN.GPARAMS_20250804_045556
GENEVA_ADMIN,GPARAMS_20250812_060540,GENEVA_ADMIN.GPARAMS_20250812_060540
GENEVA_ADMIN,GPARAMS_20250826_083324,GENEVA_ADMIN.GPARAMS_20250826_083324
GENEVA_ADMIN,GPARAMS_20250907_104147,GENEVA_ADMIN.GPARAMS_20250907_104147
GENEVA_ADMIN,GPARAMS_20250908_144242,GENEVA_ADMIN.GPARAMS_20250908_144242
GENEVA_ADMIN,HOLDINGACCOUNT,GENEVA_ADMIN.HOLDINGACCOUNT
GENEVA_ADMIN,HOLIDAYDATE,GENEVA_ADMIN.HOLIDAYDATE
GENEVA_ADMIN,HOLIDAYPROFILE,GENEVA_ADMIN.HOLIDAYPROFILE
GENEVA_ADMIN,HOSTHASSHAREDCACHEDIR,GENEVA_ADMIN.HOSTHASSHAREDCACHEDIR
GENEVA_ADMIN,HYBRIDBALANCESYNC,GENEVA_ADMIN.HYBRIDBALANCESYNC
GENEVA_ADMIN,HYBRIDCUSTDATASYNC,GENEVA_ADMIN.HYBRIDCUSTDATASYNC
GENEVA_ADMIN,HYBRIDCUSTDATASYNCQUEUE,GENEVA_ADMIN.HYBRIDCUSTDATASYNCQUEUE
GENEVA_ADMIN,ICOHASPAYMENTMETHOD,GENEVA_ADMIN.ICOHASPAYMENTMETHOD
GENEVA_ADMIN,ICOHASSUBSCRIPTIONTYPE,GENEVA_ADMIN.ICOHASSUBSCRIPTIONTYPE
GENEVA_ADMIN,ICOPARAMS,GENEVA_ADMIN.ICOPARAMS
GENEVA_ADMIN,IDEMPOTENCYDATA,GENEVA_ADMIN.IDEMPOTENCYDATA
GENEVA_ADMIN,IFACEVERSCOMPATIBILITY,GENEVA_ADMIN.IFACEVERSCOMPATIBILITY
GENEVA_ADMIN,IGNITETABLES,GENEVA_ADMIN.IGNITETABLES
GENEVA_ADMIN,IMDGLOADSTATUS,GENEVA_ADMIN.IMDGLOADSTATUS
GENEVA_ADMIN,IMVRATINGTARIFFTYPE,GENEVA_ADMIN.IMVRATINGTARIFFTYPE
GENEVA_ADMIN,INACTION,GENEVA_ADMIN.INACTION
GENEVA_ADMIN,INHOST,GENEVA_ADMIN.INHOST
GENEVA_ADMIN,INHOSTHASDOMAINGROUP,GENEVA_ADMIN.INHOSTHASDOMAINGROUP
GENEVA_ADMIN,INITIALEVENTINDEX1,GENEVA_ADMIN.INITIALEVENTINDEX1
GENEVA_ADMIN,INITIALEVENTINDEX2,GENEVA_ADMIN.INITIALEVENTINDEX2
GENEVA_ADMIN,INITIALTRACKEDEVENTFILE,GENEVA_ADMIN.INITIALTRACKEDEVENTFILE
GENEVA_ADMIN,INPUTBINDING,GENEVA_ADMIN.INPUTBINDING
GENEVA_ADMIN,INTEREST,GENEVA_ADMIN.INTEREST
GENEVA_ADMIN,INTERESTAPPLIED,GENEVA_ADMIN.INTERESTAPPLIED
GENEVA_ADMIN,INTERESTCONFIGURATION,GENEVA_ADMIN.INTERESTCONFIGURATION
GENEVA_ADMIN,INTERESTDETAILS,GENEVA_ADMIN.INTERESTDETAILS
GENEVA_ADMIN,INTERNALACCOUNTATTRSOURCE,GENEVA_ADMIN.INTERNALACCOUNTATTRSOURCE
GENEVA_ADMIN,INTERNALACCOUNTMAP,GENEVA_ADMIN.INTERNALACCOUNTMAP
GENEVA_ADMIN,INTERNALACCOUNTTYPE,GENEVA_ADMIN.INTERNALACCOUNTTYPE
GENEVA_ADMIN,INVOICEREGISTER,GENEVA_ADMIN.INVOICEREGISTER
GENEVA_ADMIN,INVOICINGCOMPANY,GENEVA_ADMIN.INVOICINGCOMPANY
GENEVA_ADMIN,ITEFCHILD,GENEVA_ADMIN.ITEFCHILD
GENEVA_ADMIN,ITEFDELETEDEVENTCOUNT,GENEVA_ADMIN.ITEFDELETEDEVENTCOUNT
GENEVA_ADMIN,ITEMISATIONORDER,GENEVA_ADMIN.ITEMISATIONORDER
GENEVA_ADMIN,ITEMISATIONORDERACTION,GENEVA_ADMIN.ITEMISATIONORDERACTION
GENEVA_ADMIN,ITEMISATIONOVERRIDE,GENEVA_ADMIN.ITEMISATIONOVERRIDE
GENEVA_ADMIN,ITEMTRANSLATION,GENEVA_ADMIN.ITEMTRANSLATION
GENEVA_ADMIN,JOB,GENEVA_ADMIN.JOB
GENEVA_ADMIN,JOBCORRELATIONAUDIT,GENEVA_ADMIN.JOBCORRELATIONAUDIT
GENEVA_ADMIN,JOBHASFILE,GENEVA_ADMIN.JOBHASFILE
GENEVA_ADMIN,JOBTYPE,GENEVA_ADMIN.JOBTYPE
GENEVA_ADMIN,KAFKAMESSAGE,GENEVA_ADMIN.KAFKAMESSAGE
GENEVA_ADMIN,KAFKAMESSAGELOG,GENEVA_ADMIN.KAFKAMESSAGELOG
GENEVA_ADMIN,KEYMIGRATION,GENEVA_ADMIN.KEYMIGRATION
GENEVA_ADMIN,LASTDELETEMSGFORACC,GENEVA_ADMIN.LASTDELETEMSGFORACC
GENEVA_ADMIN,LATEFEERULE,GENEVA_ADMIN.LATEFEERULE
GENEVA_ADMIN,LATEFEERULECREDITCLASS,GENEVA_ADMIN.LATEFEERULECREDITCLASS
GENEVA_ADMIN,LATEFEERULEMARKETSEGMENT,GENEVA_ADMIN.LATEFEERULEMARKETSEGMENT
GENEVA_ADMIN,LATEFEERULE_BKP_110324,GENEVA_ADMIN.LATEFEERULE_BKP_110324
GENEVA_ADMIN,LIFECYCLEACTIONTYPE,GENEVA_ADMIN.LIFECYCLEACTIONTYPE
GENEVA_ADMIN,LIFECYCLEPROFILE,GENEVA_ADMIN.LIFECYCLEPROFILE
GENEVA_ADMIN,LIFECYCLEPROFILEACTION,GENEVA_ADMIN.LIFECYCLEPROFILEACTION
GENEVA_ADMIN,LIFECYCLEPROFILEATTRVAL,GENEVA_ADMIN.LIFECYCLEPROFILEATTRVAL
GENEVA_ADMIN,LIFECYCLEPROFILEDETAILS,GENEVA_ADMIN.LIFECYCLEPROFILEDETAILS
GENEVA_ADMIN,LIFECYCLEPROFILETYPE,GENEVA_ADMIN.LIFECYCLEPROFILETYPE
GENEVA_ADMIN,LIFECYCLEPROFILETYPEATTR,GENEVA_ADMIN.LIFECYCLEPROFILETYPEATTR
GENEVA_ADMIN,LIFECYCLEPROFILETYPETRAN,GENEVA_ADMIN.LIFECYCLEPROFILETYPETRAN
GENEVA_ADMIN,LIFECYCLESTATE,GENEVA_ADMIN.LIFECYCLESTATE
GENEVA_ADMIN,LOCKEDACCOUNT,GENEVA_ADMIN.LOCKEDACCOUNT
GENEVA_ADMIN,LOCZIPPLUS4,GENEVA_ADMIN.LOCZIPPLUS4
GENEVA_ADMIN,LOYALTYCATEGORY,GENEVA_ADMIN.LOYALTYCATEGORY
GENEVA_ADMIN,LOYALTYPOINTRATE,GENEVA_ADMIN.LOYALTYPOINTRATE
GENEVA_ADMIN,LOYALTYPOINTSOURCE,GENEVA_ADMIN.LOYALTYPOINTSOURCE
GENEVA_ADMIN,LOYALTYPROGHASCATEGORY,GENEVA_ADMIN.LOYALTYPROGHASCATEGORY
GENEVA_ADMIN,LOYALTYPROGRAM,GENEVA_ADMIN.LOYALTYPROGRAM
GENEVA_ADMIN,MANAGEDFILE,GENEVA_ADMIN.MANAGEDFILE
GENEVA_ADMIN,MANAGEDFILEAUDITTRAIL,GENEVA_ADMIN.MANAGEDFILEAUDITTRAIL
GENEVA_ADMIN,MARKETINGMESSAGE,GENEVA_ADMIN.MARKETINGMESSAGE
GENEVA_ADMIN,MARKETSEGMENT,GENEVA_ADMIN.MARKETSEGMENT
GENEVA_ADMIN,MCMCOMMAND,GENEVA_ADMIN.MCMCOMMAND
GENEVA_ADMIN,MCMCOMMANDHASPARAMETER,GENEVA_ADMIN.MCMCOMMANDHASPARAMETER
GENEVA_ADMIN,MCMCOMMANDHASTARGET,GENEVA_ADMIN.MCMCOMMANDHASTARGET
GENEVA_ADMIN,MCMERRORHASPARAMETER,GENEVA_ADMIN.MCMERRORHASPARAMETER
GENEVA_ADMIN,MESSAGETYPE,GENEVA_ADMIN.MESSAGETYPE
GENEVA_ADMIN,MESSAGETYPEATTRIBUTE,GENEVA_ADMIN.MESSAGETYPEATTRIBUTE
GENEVA_ADMIN,MFEBILLINGWORKQUEUE,GENEVA_ADMIN.MFEBILLINGWORKQUEUE
GENEVA_ADMIN,MFMBILLINGWORKQUEUE,GENEVA_ADMIN.MFMBILLINGWORKQUEUE
GENEVA_ADMIN,MFMNEXTJOB,GENEVA_ADMIN.MFMNEXTJOB
GENEVA_ADMIN,MIGRATIONPATHTAKEN,GENEVA_ADMIN.MIGRATIONPATHTAKEN
GENEVA_ADMIN,MIGRATIONPROCESS,GENEVA_ADMIN.MIGRATIONPROCESS
GENEVA_ADMIN,MIREQUEST,GENEVA_ADMIN.MIREQUEST
GENEVA_ADMIN,MODIFIER,GENEVA_ADMIN.MODIFIER
GENEVA_ADMIN,MODIFIERGROUP,GENEVA_ADMIN.MODIFIERGROUP
GENEVA_ADMIN,MULTIOFFERBILLDETAILS,GENEVA_ADMIN.MULTIOFFERBILLDETAILS
GENEVA_ADMIN,MULTIPARTYEVENTMAP,GENEVA_ADMIN.MULTIPARTYEVENTMAP
GENEVA_ADMIN,NETWORKVENDORS,GENEVA_ADMIN.NETWORKVENDORS
GENEVA_ADMIN,OCLRUNHISTORY,GENEVA_ADMIN.OCLRUNHISTORY
GENEVA_ADMIN,OCSPLUGIN,GENEVA_ADMIN.OCSPLUGIN
GENEVA_ADMIN,OEFRCUSTOMTYPE,GENEVA_ADMIN.OEFRCUSTOMTYPE
GENEVA_ADMIN,OEFRCUSTOMTYPEMAPPING,GENEVA_ADMIN.OEFRCUSTOMTYPEMAPPING
GENEVA_ADMIN,OEFRDEMARCATION,GENEVA_ADMIN.OEFRDEMARCATION
GENEVA_ADMIN,OFFERACCBUDGETPLAN,GENEVA_ADMIN.OFFERACCBUDGETPLAN
GENEVA_ADMIN,OFFERACCHASBONUSSCHEME,GENEVA_ADMIN.OFFERACCHASBONUSSCHEME
GENEVA_ADMIN,OFFERACCHASONETIMECHARGE,GENEVA_ADMIN.OFFERACCHASONETIMECHARGE
GENEVA_ADMIN,OFFERACCHASPA,GENEVA_ADMIN.OFFERACCHASPA
GENEVA_ADMIN,OFFERACCOTCATTRDETAILS,GENEVA_ADMIN.OFFERACCOTCATTRDETAILS
GENEVA_ADMIN,OFFERACCOTCINSTDTLSOVERIDE,GENEVA_ADMIN.OFFERACCOTCINSTDTLSOVERIDE
GENEVA_ADMIN,OFFERACCOUNT,GENEVA_ADMIN.OFFERACCOUNT
GENEVA_ADMIN,OFFERACCOUNTATTRIBUTES,GENEVA_ADMIN.OFFERACCOUNTATTRIBUTES
GENEVA_ADMIN,OFFERACCOUNTDETAILS,GENEVA_ADMIN.OFFERACCOUNTDETAILS
GENEVA_ADMIN,OFFERACCOUNTRECEIVABLECL,GENEVA_ADMIN.OFFERACCOUNTRECEIVABLECL
GENEVA_ADMIN,OFFERACCOUNTSTATUS,GENEVA_ADMIN.OFFERACCOUNTSTATUS
GENEVA_ADMIN,OFFERACCPABILLSCHEDULE,GENEVA_ADMIN.OFFERACCPABILLSCHEDULE
GENEVA_ADMIN,OFFERACCPARECEIVABLE,GENEVA_ADMIN.OFFERACCPARECEIVABLE
GENEVA_ADMIN,OFFERADJUSTMENT,GENEVA_ADMIN.OFFERADJUSTMENT
GENEVA_ADMIN,OFFERAHOTCINSTLMNTSUMM,GENEVA_ADMIN.OFFERAHOTCINSTLMNTSUMM
GENEVA_ADMIN,OFFERBILLPRODUCTCHARGE,GENEVA_ADMIN.OFFERBILLPRODUCTCHARGE
GENEVA_ADMIN,OFFERBUDGETCENTRE,GENEVA_ADMIN.OFFERBUDGETCENTRE
GENEVA_ADMIN,OFFERBUDGETCENTREINGROUP,GENEVA_ADMIN.OFFERBUDGETCENTREINGROUP
GENEVA_ADMIN,OFFERCANCELBILLBILLPC,GENEVA_ADMIN.OFFERCANCELBILLBILLPC
GENEVA_ADMIN,OFFERCANCELBILLBONUSSCHM,GENEVA_ADMIN.OFFERCANCELBILLBONUSSCHM
GENEVA_ADMIN,OFFERCANCELBILLBUDGPLAN,GENEVA_ADMIN.OFFERCANCELBILLBUDGPLAN
GENEVA_ADMIN,OFFERCANCELBILLCHD,GENEVA_ADMIN.OFFERCANCELBILLCHD
GENEVA_ADMIN,OFFERCANCELBILLCPBD,GENEVA_ADMIN.OFFERCANCELBILLCPBD
GENEVA_ADMIN,OFFERCANCELBILLCPDP,GENEVA_ADMIN.OFFERCANCELBILLCPDP
GENEVA_ADMIN,OFFERCANCELBILLCUSTPC,GENEVA_ADMIN.OFFERCANCELBILLCUSTPC
GENEVA_ADMIN,OFFERCANCELBILLINFO,GENEVA_ADMIN.OFFERCANCELBILLINFO
GENEVA_ADMIN,OFFERCANCELBILLINSERT,GENEVA_ADMIN.OFFERCANCELBILLINSERT
GENEVA_ADMIN,OFFERCANCELBILLTAX,GENEVA_ADMIN.OFFERCANCELBILLTAX
GENEVA_ADMIN,OFFERCANCELCUSTPRODACC,GENEVA_ADMIN.OFFERCANCELCUSTPRODACC
GENEVA_ADMIN,OFFERCHARGEHASDISCOUNT,GENEVA_ADMIN.OFFERCHARGEHASDISCOUNT
GENEVA_ADMIN,OFFERCPCRESETREQUEST,GENEVA_ADMIN.OFFERCPCRESETREQUEST
GENEVA_ADMIN,OFFERCPCSPLITBYAMOUNT,GENEVA_ADMIN.OFFERCPCSPLITBYAMOUNT
GENEVA_ADMIN,OFFERCUSTADDRESSTFRHIST,GENEVA_ADMIN.OFFERCUSTADDRESSTFRHIST
GENEVA_ADMIN,OFFERCUSTEVENTSOURCE,GENEVA_ADMIN.OFFERCUSTEVENTSOURCE
GENEVA_ADMIN,OFFERCUSTFILTERELEMENT,GENEVA_ADMIN.OFFERCUSTFILTERELEMENT
GENEVA_ADMIN,OFFERCUSTHASPACKAGE,GENEVA_ADMIN.OFFERCUSTHASPACKAGE
GENEVA_ADMIN,OFFERCUSTHASPRODUCT,GENEVA_ADMIN.OFFERCUSTHASPRODUCT
GENEVA_ADMIN,OFFERCUSTOVERRIDEBILLDISC,GENEVA_ADMIN.OFFERCUSTOVERRIDEBILLDISC
GENEVA_ADMIN,OFFERCUSTOVERRIDEDISCSTEP,GENEVA_ADMIN.OFFERCUSTOVERRIDEDISCSTEP
GENEVA_ADMIN,OFFERCUSTOVERRIDEPRICE,GENEVA_ADMIN.OFFERCUSTOVERRIDEPRICE
GENEVA_ADMIN,OFFERCUSTOVERRIDERATE,GENEVA_ADMIN.OFFERCUSTOVERRIDERATE
GENEVA_ADMIN,OFFERCUSTOVRBILLDISCTFRHST,GENEVA_ADMIN.OFFERCUSTOVRBILLDISCTFRHST
GENEVA_ADMIN,OFFERCUSTOVRPRICETFRHIST,GENEVA_ADMIN.OFFERCUSTOVRPRICETFRHIST
GENEVA_ADMIN,OFFERCUSTOVRRATETFRHIST,GENEVA_ADMIN.OFFERCUSTOVRRATETFRHIST
GENEVA_ADMIN,OFFERCUSTPRODADDRATEDET,GENEVA_ADMIN.OFFERCUSTPRODADDRATEDET
GENEVA_ADMIN,OFFERCUSTPRODATTRDETAILS,GENEVA_ADMIN.OFFERCUSTPRODATTRDETAILS
GENEVA_ADMIN,OFFERCUSTPRODBILLINGDISC,GENEVA_ADMIN.OFFERCUSTPRODBILLINGDISC
GENEVA_ADMIN,OFFERCUSTPRODCHARGINGRULES,GENEVA_ADMIN.OFFERCUSTPRODCHARGINGRULES
GENEVA_ADMIN,OFFERCUSTPRODDISCPERIOD,GENEVA_ADMIN.OFFERCUSTPRODDISCPERIOD
GENEVA_ADMIN,OFFERCUSTPRODEVENTTYPES,GENEVA_ADMIN.OFFERCUSTPRODEVENTTYPES
GENEVA_ADMIN,OFFERCUSTPRODEXTNATTRDET,GENEVA_ADMIN.OFFERCUSTPRODEXTNATTRDET
GENEVA_ADMIN,OFFERCUSTPRODTARIFFDET,GENEVA_ADMIN.OFFERCUSTPRODTARIFFDET
GENEVA_ADMIN,OFFERCUSTPRODTRANSFERHIST,GENEVA_ADMIN.OFFERCUSTPRODTRANSFERHIST
GENEVA_ADMIN,OFFERCUSTPRODUCTACCOUNT,GENEVA_ADMIN.OFFERCUSTPRODUCTACCOUNT
GENEVA_ADMIN,OFFERCUSTPRODUCTADDRESS,GENEVA_ADMIN.OFFERCUSTPRODUCTADDRESS
GENEVA_ADMIN,OFFERCUSTPRODUCTCHARGE,GENEVA_ADMIN.OFFERCUSTPRODUCTCHARGE
GENEVA_ADMIN,OFFERCUSTPRODUCTDETAILS,GENEVA_ADMIN.OFFERCUSTPRODUCTDETAILS
GENEVA_ADMIN,OFFERCUSTPRODUCTSTATUS,GENEVA_ADMIN.OFFERCUSTPRODUCTSTATUS
GENEVA_ADMIN,OFFEREXPECTEDBUDGPAYMENT,GENEVA_ADMIN.OFFEREXPECTEDBUDGPAYMENT
GENEVA_ADMIN,OFFERPAPAYMENT,GENEVA_ADMIN.OFFERPAPAYMENT
GENEVA_ADMIN,OFFERPAYMENTREQUEST,GENEVA_ADMIN.OFFERPAYMENTREQUEST
GENEVA_ADMIN,OFFERPRODTFRBILLPRODCHRG,GENEVA_ADMIN.OFFERPRODTFRBILLPRODCHRG
GENEVA_ADMIN,OFFERPRODTFRDISCTFRREQ,GENEVA_ADMIN.OFFERPRODTFRDISCTFRREQ
GENEVA_ADMIN,OFFERPRODUCTDELREQUEST,GENEVA_ADMIN.OFFERPRODUCTDELREQUEST
GENEVA_ADMIN,OFFERSERVICEREQUEST,GENEVA_ADMIN.OFFERSERVICEREQUEST
GENEVA_ADMIN,OFFERSETTLEMENTBUCKET,GENEVA_ADMIN.OFFERSETTLEMENTBUCKET
GENEVA_ADMIN,ONDEMANDBILLREQUESTCHRGS,GENEVA_ADMIN.ONDEMANDBILLREQUESTCHRGS
GENEVA_ADMIN,ONETIMECHARGE,GENEVA_ADMIN.ONETIMECHARGE
GENEVA_ADMIN,ONETIMECHARGEATTRIBUTE,GENEVA_ADMIN.ONETIMECHARGEATTRIBUTE
GENEVA_ADMIN,ONETIMECHARGETARIFF,GENEVA_ADMIN.ONETIMECHARGETARIFF
GENEVA_ADMIN,ONETIMECHARGETYPE,GENEVA_ADMIN.ONETIMECHARGETYPE
GENEVA_ADMIN,ONGOINGCPDUMR,GENEVA_ADMIN.ONGOINGCPDUMR
GENEVA_ADMIN,ONGOINGTRANSACTIONS,GENEVA_ADMIN.ONGOINGTRANSACTIONS
GENEVA_ADMIN,ONLINESVCFAMILYCONFIG,GENEVA_ADMIN.ONLINESVCFAMILYCONFIG
GENEVA_ADMIN,ONLINESVCFAMILYTOCOMP,GENEVA_ADMIN.ONLINESVCFAMILYTOCOMP
GENEVA_ADMIN,ONNETPRODUCTS,GENEVA_ADMIN.ONNETPRODUCTS
GENEVA_ADMIN,OPERATINGSYSTEM,GENEVA_ADMIN.OPERATINGSYSTEM
GENEVA_ADMIN,OSDLDELETEDDATA,GENEVA_ADMIN.OSDLDELETEDDATA
GENEVA_ADMIN,OTCHASMARKETSEGMENT,GENEVA_ADMIN.OTCHASMARKETSEGMENT
GENEVA_ADMIN,OTCINSTALLMENTDETAILS,GENEVA_ADMIN.OTCINSTALLMENTDETAILS
GENEVA_ADMIN,OTCINSTLMNTTRANSFERHIST,GENEVA_ADMIN.OTCINSTLMNTTRANSFERHIST
GENEVA_ADMIN,OTCPRICEATTRDETAILS,GENEVA_ADMIN.OTCPRICEATTRDETAILS
GENEVA_ADMIN,OTCPRICEATTRIBUTE,GENEVA_ADMIN.OTCPRICEATTRIBUTE
GENEVA_ADMIN,OUTBOUNDMESSAGE,GENEVA_ADMIN.OUTBOUNDMESSAGE
GENEVA_ADMIN,OUTBOUNDMESSAGELOG,GENEVA_ADMIN.OUTBOUNDMESSAGELOG
GENEVA_ADMIN,OUTBOUNDMESSAGEQUEUE1,GENEVA_ADMIN.OUTBOUNDMESSAGEQUEUE1
GENEVA_ADMIN,OUTBOUNDMESSAGEQUEUE10,GENEVA_ADMIN.OUTBOUNDMESSAGEQUEUE10
GENEVA_ADMIN,OUTBOUNDMESSAGEQUEUE11,GENEVA_ADMIN.OUTBOUNDMESSAGEQUEUE11
GENEVA_ADMIN,OUTBOUNDMESSAGEQUEUE12,GENEVA_ADMIN.OUTBOUNDMESSAGEQUEUE12
GENEVA_ADMIN,OUTBOUNDMESSAGEQUEUE13,GENEVA_ADMIN.OUTBOUNDMESSAGEQUEUE13
GENEVA_ADMIN,OUTBOUNDMESSAGEQUEUE14,GENEVA_ADMIN.OUTBOUNDMESSAGEQUEUE14
GENEVA_ADMIN,OUTBOUNDMESSAGEQUEUE15,GENEVA_ADMIN.OUTBOUNDMESSAGEQUEUE15
GENEVA_ADMIN,OUTBOUNDMESSAGEQUEUE16,GENEVA_ADMIN.OUTBOUNDMESSAGEQUEUE16
GENEVA_ADMIN,OUTBOUNDMESSAGEQUEUE17,GENEVA_ADMIN.OUTBOUNDMESSAGEQUEUE17
GENEVA_ADMIN,OUTBOUNDMESSAGEQUEUE18,GENEVA_ADMIN.OUTBOUNDMESSAGEQUEUE18
GENEVA_ADMIN,OUTBOUNDMESSAGEQUEUE19,GENEVA_ADMIN.OUTBOUNDMESSAGEQUEUE19
GENEVA_ADMIN,OUTBOUNDMESSAGEQUEUE2,GENEVA_ADMIN.OUTBOUNDMESSAGEQUEUE2
GENEVA_ADMIN,OUTBOUNDMESSAGEQUEUE20,GENEVA_ADMIN.OUTBOUNDMESSAGEQUEUE20
GENEVA_ADMIN,OUTBOUNDMESSAGEQUEUE21,GENEVA_ADMIN.OUTBOUNDMESSAGEQUEUE21
GENEVA_ADMIN,OUTBOUNDMESSAGEQUEUE22,GENEVA_ADMIN.OUTBOUNDMESSAGEQUEUE22
GENEVA_ADMIN,OUTBOUNDMESSAGEQUEUE23,GENEVA_ADMIN.OUTBOUNDMESSAGEQUEUE23
GENEVA_ADMIN,OUTBOUNDMESSAGEQUEUE24,GENEVA_ADMIN.OUTBOUNDMESSAGEQUEUE24
GENEVA_ADMIN,OUTBOUNDMESSAGEQUEUE25,GENEVA_ADMIN.OUTBOUNDMESSAGEQUEUE25
GENEVA_ADMIN,OUTBOUNDMESSAGEQUEUE26,GENEVA_ADMIN.OUTBOUNDMESSAGEQUEUE26
GENEVA_ADMIN,OUTBOUNDMESSAGEQUEUE27,GENEVA_ADMIN.OUTBOUNDMESSAGEQUEUE27
GENEVA_ADMIN,OUTBOUNDMESSAGEQUEUE28,GENEVA_ADMIN.OUTBOUNDMESSAGEQUEUE28
GENEVA_ADMIN,OUTBOUNDMESSAGEQUEUE29,GENEVA_ADMIN.OUTBOUNDMESSAGEQUEUE29
GENEVA_ADMIN,OUTBOUNDMESSAGEQUEUE3,GENEVA_ADMIN.OUTBOUNDMESSAGEQUEUE3
GENEVA_ADMIN,OUTBOUNDMESSAGEQUEUE30,GENEVA_ADMIN.OUTBOUNDMESSAGEQUEUE30
GENEVA_ADMIN,OUTBOUNDMESSAGEQUEUE31,GENEVA_ADMIN.OUTBOUNDMESSAGEQUEUE31
GENEVA_ADMIN,OUTBOUNDMESSAGEQUEUE32,GENEVA_ADMIN.OUTBOUNDMESSAGEQUEUE32
GENEVA_ADMIN,OUTBOUNDMESSAGEQUEUE33,GENEVA_ADMIN.OUTBOUNDMESSAGEQUEUE33
GENEVA_ADMIN,OUTBOUNDMESSAGEQUEUE34,GENEVA_ADMIN.OUTBOUNDMESSAGEQUEUE34
GENEVA_ADMIN,OUTBOUNDMESSAGEQUEUE35,GENEVA_ADMIN.OUTBOUNDMESSAGEQUEUE35
GENEVA_ADMIN,OUTBOUNDMESSAGEQUEUE36,GENEVA_ADMIN.OUTBOUNDMESSAGEQUEUE36
GENEVA_ADMIN,OUTBOUNDMESSAGEQUEUE37,GENEVA_ADMIN.OUTBOUNDMESSAGEQUEUE37
GENEVA_ADMIN,OUTBOUNDMESSAGEQUEUE38,GENEVA_ADMIN.OUTBOUNDMESSAGEQUEUE38
GENEVA_ADMIN,OUTBOUNDMESSAGEQUEUE39,GENEVA_ADMIN.OUTBOUNDMESSAGEQUEUE39
GENEVA_ADMIN,OUTBOUNDMESSAGEQUEUE4,GENEVA_ADMIN.OUTBOUNDMESSAGEQUEUE4
GENEVA_ADMIN,OUTBOUNDMESSAGEQUEUE40,GENEVA_ADMIN.OUTBOUNDMESSAGEQUEUE40
GENEVA_ADMIN,OUTBOUNDMESSAGEQUEUE41,GENEVA_ADMIN.OUTBOUNDMESSAGEQUEUE41
GENEVA_ADMIN,OUTBOUNDMESSAGEQUEUE42,GENEVA_ADMIN.OUTBOUNDMESSAGEQUEUE42
GENEVA_ADMIN,OUTBOUNDMESSAGEQUEUE43,GENEVA_ADMIN.OUTBOUNDMESSAGEQUEUE43
GENEVA_ADMIN,OUTBOUNDMESSAGEQUEUE44,GENEVA_ADMIN.OUTBOUNDMESSAGEQUEUE44
GENEVA_ADMIN,OUTBOUNDMESSAGEQUEUE45,GENEVA_ADMIN.OUTBOUNDMESSAGEQUEUE45
GENEVA_ADMIN,OUTBOUNDMESSAGEQUEUE46,GENEVA_ADMIN.OUTBOUNDMESSAGEQUEUE46
GENEVA_ADMIN,OUTBOUNDMESSAGEQUEUE47,GENEVA_ADMIN.OUTBOUNDMESSAGEQUEUE47
GENEVA_ADMIN,OUTBOUNDMESSAGEQUEUE48,GENEVA_ADMIN.OUTBOUNDMESSAGEQUEUE48
GENEVA_ADMIN,OUTBOUNDMESSAGEQUEUE49,GENEVA_ADMIN.OUTBOUNDMESSAGEQUEUE49
GENEVA_ADMIN,OUTBOUNDMESSAGEQUEUE5,GENEVA_ADMIN.OUTBOUNDMESSAGEQUEUE5
GENEVA_ADMIN,OUTBOUNDMESSAGEQUEUE50,GENEVA_ADMIN.OUTBOUNDMESSAGEQUEUE50
GENEVA_ADMIN,OUTBOUNDMESSAGEQUEUE51,GENEVA_ADMIN.OUTBOUNDMESSAGEQUEUE51
GENEVA_ADMIN,OUTBOUNDMESSAGEQUEUE52,GENEVA_ADMIN.OUTBOUNDMESSAGEQUEUE52
GENEVA_ADMIN,OUTBOUNDMESSAGEQUEUE53,GENEVA_ADMIN.OUTBOUNDMESSAGEQUEUE53
GENEVA_ADMIN,OUTBOUNDMESSAGEQUEUE54,GENEVA_ADMIN.OUTBOUNDMESSAGEQUEUE54
GENEVA_ADMIN,OUTBOUNDMESSAGEQUEUE55,GENEVA_ADMIN.OUTBOUNDMESSAGEQUEUE55
GENEVA_ADMIN,OUTBOUNDMESSAGEQUEUE56,GENEVA_ADMIN.OUTBOUNDMESSAGEQUEUE56
GENEVA_ADMIN,OUTBOUNDMESSAGEQUEUE57,GENEVA_ADMIN.OUTBOUNDMESSAGEQUEUE57
GENEVA_ADMIN,OUTBOUNDMESSAGEQUEUE58,GENEVA_ADMIN.OUTBOUNDMESSAGEQUEUE58
GENEVA_ADMIN,OUTBOUNDMESSAGEQUEUE59,GENEVA_ADMIN.OUTBOUNDMESSAGEQUEUE59
GENEVA_ADMIN,OUTBOUNDMESSAGEQUEUE6,GENEVA_ADMIN.OUTBOUNDMESSAGEQUEUE6
GENEVA_ADMIN,OUTBOUNDMESSAGEQUEUE60,GENEVA_ADMIN.OUTBOUNDMESSAGEQUEUE60
GENEVA_ADMIN,OUTBOUNDMESSAGEQUEUE7,GENEVA_ADMIN.OUTBOUNDMESSAGEQUEUE7
GENEVA_ADMIN,OUTBOUNDMESSAGEQUEUE8,GENEVA_ADMIN.OUTBOUNDMESSAGEQUEUE8
GENEVA_ADMIN,OUTBOUNDMESSAGEQUEUE9,GENEVA_ADMIN.OUTBOUNDMESSAGEQUEUE9
GENEVA_ADMIN,OUTPUTBINDING,GENEVA_ADMIN.OUTPUTBINDING
GENEVA_ADMIN,OUTPUTEVENTFILEREQUEST,GENEVA_ADMIN.OUTPUTEVENTFILEREQUEST
GENEVA_ADMIN,OVERRIDETIMERATE,GENEVA_ADMIN.OVERRIDETIMERATE
GENEVA_ADMIN,P$SUBPARTTEMPLATE,GENEVA_ADMIN.P$SUBPARTTEMPLATE
GENEVA_ADMIN,PACKAGE,GENEVA_ADMIN.PACKAGE
GENEVA_ADMIN,PACKAGEHASMARKETSEGMENT,GENEVA_ADMIN.PACKAGEHASMARKETSEGMENT
GENEVA_ADMIN,PACKAGEHASPRODUCT,GENEVA_ADMIN.PACKAGEHASPRODUCT
GENEVA_ADMIN,PACKAGEPRODUCTRATETARIFF,GENEVA_ADMIN.PACKAGEPRODUCTRATETARIFF
GENEVA_ADMIN,PARAMDEFINITION,GENEVA_ADMIN.PARAMDEFINITION
GENEVA_ADMIN,PARTITION$MANAGER$REPORT,GENEVA_ADMIN.PARTITION$MANAGER$REPORT
GENEVA_ADMIN,PARTITIONMANAGERAUDIT,GENEVA_ADMIN.PARTITIONMANAGERAUDIT
GENEVA_ADMIN,PARTITIONMANAGERLOG,GENEVA_ADMIN.PARTITIONMANAGERLOG
GENEVA_ADMIN,PARTITIONMANAGERSAVE,GENEVA_ADMIN.PARTITIONMANAGERSAVE
GENEVA_ADMIN,PARTLISTLISTTABCONFIG,GENEVA_ADMIN.PARTLISTLISTTABCONFIG
GENEVA_ADMIN,PARTMANAGERINDEXCONFIG,GENEVA_ADMIN.PARTMANAGERINDEXCONFIG
GENEVA_ADMIN,PARTMANAGERLOBCONFIG,GENEVA_ADMIN.PARTMANAGERLOBCONFIG
GENEVA_ADMIN,PARTMANAGERTABLECONFIG,GENEVA_ADMIN.PARTMANAGERTABLECONFIG
GENEVA_ADMIN,PATERMINATIONREASON,GENEVA_ADMIN.PATERMINATIONREASON
GENEVA_ADMIN,PAYMENTARRANGEMENT,GENEVA_ADMIN.PAYMENTARRANGEMENT
GENEVA_ADMIN,PAYMENTBATCH,GENEVA_ADMIN.PAYMENTBATCH
GENEVA_ADMIN,PAYMENTMETHOD,GENEVA_ADMIN.PAYMENTMETHOD
GENEVA_ADMIN,PAYMENTMETHODHASDISCOUNT,GENEVA_ADMIN.PAYMENTMETHODHASDISCOUNT
GENEVA_ADMIN,PAYMENTORIGIN,GENEVA_ADMIN.PAYMENTORIGIN
GENEVA_ADMIN,PAYMENTPRIORITY,GENEVA_ADMIN.PAYMENTPRIORITY
GENEVA_ADMIN,PAYMENTRECHARGEREQQUEUE,GENEVA_ADMIN.PAYMENTRECHARGEREQQUEUE
GENEVA_ADMIN,PAYMENTRECHARGERESPQUEUE,GENEVA_ADMIN.PAYMENTRECHARGERESPQUEUE
GENEVA_ADMIN,PAYMENTREQUEST,GENEVA_ADMIN.PAYMENTREQUEST
GENEVA_ADMIN,PAYMENTSYSTEM,GENEVA_ADMIN.PAYMENTSYSTEM
GENEVA_ADMIN,PAYMETHODHASFAILCODE,GENEVA_ADMIN.PAYMETHODHASFAILCODE
GENEVA_ADMIN,PAYSETTLEMENTACTION,GENEVA_ADMIN.PAYSETTLEMENTACTION
GENEVA_ADMIN,PENDINGACCOUNTPAYATTR,GENEVA_ADMIN.PENDINGACCOUNTPAYATTR
GENEVA_ADMIN,PENDINGACCOUNTPAYMENT,GENEVA_ADMIN.PENDINGACCOUNTPAYMENT
GENEVA_ADMIN,PENDINGALLOCATIONTOBILL,GENEVA_ADMIN.PENDINGALLOCATIONTOBILL
GENEVA_ADMIN,PENDINGCPDUTHRESHREQUEST,GENEVA_ADMIN.PENDINGCPDUTHRESHREQUEST
GENEVA_ADMIN,PENDINGCUSTPRODINVBONUS,GENEVA_ADMIN.PENDINGCUSTPRODINVBONUS
GENEVA_ADMIN,PENDINGHYBRIDDATASYNC,GENEVA_ADMIN.PENDINGHYBRIDDATASYNC
GENEVA_ADMIN,PENDINGPHYSICALPAYMENT,GENEVA_ADMIN.PENDINGPHYSICALPAYMENT
GENEVA_ADMIN,PENDINGRERATEREQUEST,GENEVA_ADMIN.PENDINGRERATEREQUEST
GENEVA_ADMIN,PERIODICEVENTINDEX,GENEVA_ADMIN.PERIODICEVENTINDEX
GENEVA_ADMIN,PERIODICRATEATTR,GENEVA_ADMIN.PERIODICRATEATTR
GENEVA_ADMIN,PERIODICTRACKEDEVENTFILE,GENEVA_ADMIN.PERIODICTRACKEDEVENTFILE
GENEVA_ADMIN,PERMISSION,GENEVA_ADMIN.PERMISSION
GENEVA_ADMIN,PHYSICALPAYATTRIBUTES,GENEVA_ADMIN.PHYSICALPAYATTRIBUTES
GENEVA_ADMIN,PHYSICALPAYMENT,GENEVA_ADMIN.PHYSICALPAYMENT
GENEVA_ADMIN,PLUGIN,GENEVA_ADMIN.PLUGIN
GENEVA_ADMIN,PLUGININPUT,GENEVA_ADMIN.PLUGININPUT
GENEVA_ADMIN,PLUGININSTANCE,GENEVA_ADMIN.PLUGININSTANCE
GENEVA_ADMIN,PLUGININSTANCEINPUT,GENEVA_ADMIN.PLUGININSTANCEINPUT
GENEVA_ADMIN,PLUGININSTANCEOUTPUT,GENEVA_ADMIN.PLUGININSTANCEOUTPUT
GENEVA_ADMIN,PLUGINOUTPUT,GENEVA_ADMIN.PLUGINOUTPUT
GENEVA_ADMIN,POINTSADJUSTMENT,GENEVA_ADMIN.POINTSADJUSTMENT
GENEVA_ADMIN,POINTSADJUSTMENTATTRS,GENEVA_ADMIN.POINTSADJUSTMENTATTRS
GENEVA_ADMIN,POINTSREDEEMED,GENEVA_ADMIN.POINTSREDEEMED
GENEVA_ADMIN,POLICYACTIONATTRIBUTE,GENEVA_ADMIN.POLICYACTIONATTRIBUTE
GENEVA_ADMIN,POLICYCONTROLGROUP,GENEVA_ADMIN.POLICYCONTROLGROUP
GENEVA_ADMIN,POLICYCOUNTERHASSTATE,GENEVA_ADMIN.POLICYCOUNTERHASSTATE
GENEVA_ADMIN,POLICYCOUNTERSTATE,GENEVA_ADMIN.POLICYCOUNTERSTATE
GENEVA_ADMIN,POLICYCOUNTERSTATEHIST,GENEVA_ADMIN.POLICYCOUNTERSTATEHIST
GENEVA_ADMIN,POLICYCOUNTERVERSION,GENEVA_ADMIN.POLICYCOUNTERVERSION
GENEVA_ADMIN,POLICYEVENTBIND,GENEVA_ADMIN.POLICYEVENTBIND
GENEVA_ADMIN,POLICYHASACTION,GENEVA_ADMIN.POLICYHASACTION
GENEVA_ADMIN,POLICYHASDIARY,GENEVA_ADMIN.POLICYHASDIARY
GENEVA_ADMIN,POLICYTYPE,GENEVA_ADMIN.POLICYTYPE
GENEVA_ADMIN,PREDICATE,GENEVA_ADMIN.PREDICATE
GENEVA_ADMIN,PREDICATEATTRIBUTE,GENEVA_ADMIN.PREDICATEATTRIBUTE
GENEVA_ADMIN,PREDICATEATTRIBUTEVALUE,GENEVA_ADMIN.PREDICATEATTRIBUTEVALUE
GENEVA_ADMIN,PREDICATEATTRPLUGINBIND,GENEVA_ADMIN.PREDICATEATTRPLUGINBIND
GENEVA_ADMIN,PREDICATEEVENTBINDING,GENEVA_ADMIN.PREDICATEEVENTBINDING
GENEVA_ADMIN,PREDICATELCPROFTYPEBIND,GENEVA_ADMIN.PREDICATELCPROFTYPEBIND
GENEVA_ADMIN,PREDICATEPRODUCTBINDING,GENEVA_ADMIN.PREDICATEPRODUCTBINDING
GENEVA_ADMIN,PRMANDATE,GENEVA_ADMIN.PRMANDATE
GENEVA_ADMIN,PROCESSDEFINITION,GENEVA_ADMIN.PROCESSDEFINITION
GENEVA_ADMIN,PROCESSINGPHASE,GENEVA_ADMIN.PROCESSINGPHASE
GENEVA_ADMIN,PROCESSINSTANCELOG,GENEVA_ADMIN.PROCESSINSTANCELOG
GENEVA_ADMIN,PROCESSLOG,GENEVA_ADMIN.PROCESSLOG
GENEVA_ADMIN,PROCESSPLAN,GENEVA_ADMIN.PROCESSPLAN
GENEVA_ADMIN,PROCESSPLANDISTRIBUTION,GENEVA_ADMIN.PROCESSPLANDISTRIBUTION
GENEVA_ADMIN,PROCESSSTATUS,GENEVA_ADMIN.PROCESSSTATUS
GENEVA_ADMIN,PRODTFRBILLPRODUCTCHARGE,GENEVA_ADMIN.PRODTFRBILLPRODUCTCHARGE
GENEVA_ADMIN,PRODTFRDISCOUNTBALANCE,GENEVA_ADMIN.PRODTFRDISCOUNTBALANCE
GENEVA_ADMIN,PRODTFRDISCOUNTTFRREQUEST,GENEVA_ADMIN.PRODTFRDISCOUNTTFRREQUEST
GENEVA_ADMIN,PRODUCT,GENEVA_ADMIN.PRODUCT
GENEVA_ADMIN,PRODUCTATTRIBUTE,GENEVA_ADMIN.PRODUCTATTRIBUTE
GENEVA_ADMIN,PRODUCTCHARGEPROFILE,GENEVA_ADMIN.PRODUCTCHARGEPROFILE
GENEVA_ADMIN,PRODUCTCHRGEPROFBILLTYPE,GENEVA_ADMIN.PRODUCTCHRGEPROFBILLTYPE
GENEVA_ADMIN,PRODUCTCONFLICT,GENEVA_ADMIN.PRODUCTCONFLICT
GENEVA_ADMIN,PRODUCTCONFLICTPARAMETER,GENEVA_ADMIN.PRODUCTCONFLICTPARAMETER
GENEVA_ADMIN,PRODUCTDELETIONREQUEST,GENEVA_ADMIN.PRODUCTDELETIONREQUEST
GENEVA_ADMIN,PRODUCTEDIT,GENEVA_ADMIN.PRODUCTEDIT
GENEVA_ADMIN,PRODUCTEDITPARAMETER,GENEVA_ADMIN.PRODUCTEDITPARAMETER
GENEVA_ADMIN,PRODUCTEVENTBIND,GENEVA_ADMIN.PRODUCTEVENTBIND
GENEVA_ADMIN,PRODUCTEXPORT,GENEVA_ADMIN.PRODUCTEXPORT
GENEVA_ADMIN,PRODUCTFAMILY,GENEVA_ADMIN.PRODUCTFAMILY
GENEVA_ADMIN,PRODUCTHASEVENTTYPE,GENEVA_ADMIN.PRODUCTHASEVENTTYPE
GENEVA_ADMIN,PRODUCTHASPARENTPRODUCT,GENEVA_ADMIN.PRODUCTHASPARENTPRODUCT
GENEVA_ADMIN,PRODUCTIMPORT,GENEVA_ADMIN.PRODUCTIMPORT
GENEVA_ADMIN,PRODUCTPRICEATTRIBUTE,GENEVA_ADMIN.PRODUCTPRICEATTRIBUTE
GENEVA_ADMIN,PROFILESUMMARY,GENEVA_ADMIN.PROFILESUMMARY
GENEVA_ADMIN,PROMOTIONQUEUE1,GENEVA_ADMIN.PROMOTIONQUEUE1
GENEVA_ADMIN,PROMOTIONQUEUE10,GENEVA_ADMIN.PROMOTIONQUEUE10
GENEVA_ADMIN,PROMOTIONQUEUE11,GENEVA_ADMIN.PROMOTIONQUEUE11
GENEVA_ADMIN,PROMOTIONQUEUE12,GENEVA_ADMIN.PROMOTIONQUEUE12
GENEVA_ADMIN,PROMOTIONQUEUE13,GENEVA_ADMIN.PROMOTIONQUEUE13
GENEVA_ADMIN,PROMOTIONQUEUE14,GENEVA_ADMIN.PROMOTIONQUEUE14
GENEVA_ADMIN,PROMOTIONQUEUE15,GENEVA_ADMIN.PROMOTIONQUEUE15
GENEVA_ADMIN,PROMOTIONQUEUE16,GENEVA_ADMIN.PROMOTIONQUEUE16
GENEVA_ADMIN,PROMOTIONQUEUE17,GENEVA_ADMIN.PROMOTIONQUEUE17
GENEVA_ADMIN,PROMOTIONQUEUE18,GENEVA_ADMIN.PROMOTIONQUEUE18
GENEVA_ADMIN,PROMOTIONQUEUE19,GENEVA_ADMIN.PROMOTIONQUEUE19
GENEVA_ADMIN,PROMOTIONQUEUE2,GENEVA_ADMIN.PROMOTIONQUEUE2
GENEVA_ADMIN,PROMOTIONQUEUE20,GENEVA_ADMIN.PROMOTIONQUEUE20
GENEVA_ADMIN,PROMOTIONQUEUE21,GENEVA_ADMIN.PROMOTIONQUEUE21
GENEVA_ADMIN,PROMOTIONQUEUE22,GENEVA_ADMIN.PROMOTIONQUEUE22
GENEVA_ADMIN,PROMOTIONQUEUE23,GENEVA_ADMIN.PROMOTIONQUEUE23
GENEVA_ADMIN,PROMOTIONQUEUE24,GENEVA_ADMIN.PROMOTIONQUEUE24
GENEVA_ADMIN,PROMOTIONQUEUE25,GENEVA_ADMIN.PROMOTIONQUEUE25
GENEVA_ADMIN,PROMOTIONQUEUE26,GENEVA_ADMIN.PROMOTIONQUEUE26
GENEVA_ADMIN,PROMOTIONQUEUE27,GENEVA_ADMIN.PROMOTIONQUEUE27
GENEVA_ADMIN,PROMOTIONQUEUE28,GENEVA_ADMIN.PROMOTIONQUEUE28
GENEVA_ADMIN,PROMOTIONQUEUE29,GENEVA_ADMIN.PROMOTIONQUEUE29
GENEVA_ADMIN,PROMOTIONQUEUE3,GENEVA_ADMIN.PROMOTIONQUEUE3
GENEVA_ADMIN,PROMOTIONQUEUE30,GENEVA_ADMIN.PROMOTIONQUEUE30
GENEVA_ADMIN,PROMOTIONQUEUE31,GENEVA_ADMIN.PROMOTIONQUEUE31
GENEVA_ADMIN,PROMOTIONQUEUE32,GENEVA_ADMIN.PROMOTIONQUEUE32
GENEVA_ADMIN,PROMOTIONQUEUE33,GENEVA_ADMIN.PROMOTIONQUEUE33
GENEVA_ADMIN,PROMOTIONQUEUE34,GENEVA_ADMIN.PROMOTIONQUEUE34
GENEVA_ADMIN,PROMOTIONQUEUE35,GENEVA_ADMIN.PROMOTIONQUEUE35
GENEVA_ADMIN,PROMOTIONQUEUE36,GENEVA_ADMIN.PROMOTIONQUEUE36
GENEVA_ADMIN,PROMOTIONQUEUE37,GENEVA_ADMIN.PROMOTIONQUEUE37
GENEVA_ADMIN,PROMOTIONQUEUE38,GENEVA_ADMIN.PROMOTIONQUEUE38
GENEVA_ADMIN,PROMOTIONQUEUE39,GENEVA_ADMIN.PROMOTIONQUEUE39
GENEVA_ADMIN,PROMOTIONQUEUE4,GENEVA_ADMIN.PROMOTIONQUEUE4
GENEVA_ADMIN,PROMOTIONQUEUE40,GENEVA_ADMIN.PROMOTIONQUEUE40
GENEVA_ADMIN,PROMOTIONQUEUE41,GENEVA_ADMIN.PROMOTIONQUEUE41
GENEVA_ADMIN,PROMOTIONQUEUE42,GENEVA_ADMIN.PROMOTIONQUEUE42
GENEVA_ADMIN,PROMOTIONQUEUE43,GENEVA_ADMIN.PROMOTIONQUEUE43
GENEVA_ADMIN,PROMOTIONQUEUE44,GENEVA_ADMIN.PROMOTIONQUEUE44
GENEVA_ADMIN,PROMOTIONQUEUE45,GENEVA_ADMIN.PROMOTIONQUEUE45
GENEVA_ADMIN,PROMOTIONQUEUE46,GENEVA_ADMIN.PROMOTIONQUEUE46
GENEVA_ADMIN,PROMOTIONQUEUE47,GENEVA_ADMIN.PROMOTIONQUEUE47
GENEVA_ADMIN,PROMOTIONQUEUE48,GENEVA_ADMIN.PROMOTIONQUEUE48
GENEVA_ADMIN,PROMOTIONQUEUE49,GENEVA_ADMIN.PROMOTIONQUEUE49
GENEVA_ADMIN,PROMOTIONQUEUE5,GENEVA_ADMIN.PROMOTIONQUEUE5
GENEVA_ADMIN,PROMOTIONQUEUE50,GENEVA_ADMIN.PROMOTIONQUEUE50
GENEVA_ADMIN,PROMOTIONQUEUE51,GENEVA_ADMIN.PROMOTIONQUEUE51
GENEVA_ADMIN,PROMOTIONQUEUE52,GENEVA_ADMIN.PROMOTIONQUEUE52
GENEVA_ADMIN,PROMOTIONQUEUE53,GENEVA_ADMIN.PROMOTIONQUEUE53
GENEVA_ADMIN,PROMOTIONQUEUE54,GENEVA_ADMIN.PROMOTIONQUEUE54
GENEVA_ADMIN,PROMOTIONQUEUE55,GENEVA_ADMIN.PROMOTIONQUEUE55
GENEVA_ADMIN,PROMOTIONQUEUE56,GENEVA_ADMIN.PROMOTIONQUEUE56
GENEVA_ADMIN,PROMOTIONQUEUE57,GENEVA_ADMIN.PROMOTIONQUEUE57
GENEVA_ADMIN,PROMOTIONQUEUE58,GENEVA_ADMIN.PROMOTIONQUEUE58
GENEVA_ADMIN,PROMOTIONQUEUE59,GENEVA_ADMIN.PROMOTIONQUEUE59
GENEVA_ADMIN,PROMOTIONQUEUE6,GENEVA_ADMIN.PROMOTIONQUEUE6
GENEVA_ADMIN,PROMOTIONQUEUE60,GENEVA_ADMIN.PROMOTIONQUEUE60
GENEVA_ADMIN,PROMOTIONQUEUE7,GENEVA_ADMIN.PROMOTIONQUEUE7
GENEVA_ADMIN,PROMOTIONQUEUE8,GENEVA_ADMIN.PROMOTIONQUEUE8
GENEVA_ADMIN,PROMOTIONQUEUE9,GENEVA_ADMIN.PROMOTIONQUEUE9
GENEVA_ADMIN,PROVIDER,GENEVA_ADMIN.PROVIDER
GENEVA_ADMIN,PROVISIONINGSYSTEM,GENEVA_ADMIN.PROVISIONINGSYSTEM
GENEVA_ADMIN,PTEFDELETEDEVENTCOUNT,GENEVA_ADMIN.PTEFDELETEDEVENTCOUNT
GENEVA_ADMIN,PURGEREQUEST,GENEVA_ADMIN.PURGEREQUEST
GENEVA_ADMIN,RATERDATACATALOGUE,GENEVA_ADMIN.RATERDATACATALOGUE
GENEVA_ADMIN,RATERDATAPROPERTIES,GENEVA_ADMIN.RATERDATAPROPERTIES
GENEVA_ADMIN,RATINGCACHEQUEUE,GENEVA_ADMIN.RATINGCACHEQUEUE
GENEVA_ADMIN,RATINGCATALOGUE,GENEVA_ADMIN.RATINGCATALOGUE
GENEVA_ADMIN,RATINGCHARGE,GENEVA_ADMIN.RATINGCHARGE
GENEVA_ADMIN,RATINGCONFLICT,GENEVA_ADMIN.RATINGCONFLICT
GENEVA_ADMIN,RATINGCONFLICTPARAMETER,GENEVA_ADMIN.RATINGCONFLICTPARAMETER
GENEVA_ADMIN,RATINGEDIT,GENEVA_ADMIN.RATINGEDIT
GENEVA_ADMIN,RATINGEDITPARAMETER,GENEVA_ADMIN.RATINGEDITPARAMETER
GENEVA_ADMIN,RATINGELEMENT,GENEVA_ADMIN.RATINGELEMENT
GENEVA_ADMIN,RATINGEVENTSUMMARY,GENEVA_ADMIN.RATINGEVENTSUMMARY
GENEVA_ADMIN,RATINGEVENTSUMMARYKEY,GENEVA_ADMIN.RATINGEVENTSUMMARYKEY
GENEVA_ADMIN,RATINGEVENTSUMMKEYBYEVSEQ,GENEVA_ADMIN.RATINGEVENTSUMMKEYBYEVSEQ
GENEVA_ADMIN,RATINGEVENTSUMMKEYBYEVSEQ_BKP_09OCT25,GENEVA_ADMIN.RATINGEVENTSUMMKEYBYEVSEQ_BKP_09OCT25
GENEVA_ADMIN,RATINGEVENTSUMMKEYBYEVSEQ_BKP_10OCT25,GENEVA_ADMIN.RATINGEVENTSUMMKEYBYEVSEQ_BKP_10OCT25
GENEVA_ADMIN,RATINGEXPORT,GENEVA_ADMIN.RATINGEXPORT
GENEVA_ADMIN,RATINGGROUP,GENEVA_ADMIN.RATINGGROUP
GENEVA_ADMIN,RATINGGROUPATTRIBUTE,GENEVA_ADMIN.RATINGGROUPATTRIBUTE
GENEVA_ADMIN,RATINGGROUPPOLICY,GENEVA_ADMIN.RATINGGROUPPOLICY
GENEVA_ADMIN,RATINGGROUPRATINGTARIFF,GENEVA_ADMIN.RATINGGROUPRATINGTARIFF
GENEVA_ADMIN,RATINGHOST,GENEVA_ADMIN.RATINGHOST
GENEVA_ADMIN,RATINGHOSTHASDOMAINGROUP,GENEVA_ADMIN.RATINGHOSTHASDOMAINGROUP
GENEVA_ADMIN,RATINGIMPORT,GENEVA_ADMIN.RATINGIMPORT
GENEVA_ADMIN,RATINGPOOL,GENEVA_ADMIN.RATINGPOOL
GENEVA_ADMIN,RATINGREVENUESUMMARY,GENEVA_ADMIN.RATINGREVENUESUMMARY
GENEVA_ADMIN,RATINGSERVICE,GENEVA_ADMIN.RATINGSERVICE
GENEVA_ADMIN,RATINGTARIFF,GENEVA_ADMIN.RATINGTARIFF
GENEVA_ADMIN,RATINGTARIFFTYPE,GENEVA_ADMIN.RATINGTARIFFTYPE
GENEVA_ADMIN,RBAPARAMS,GENEVA_ADMIN.RBAPARAMS
GENEVA_ADMIN,REALTIMEBILLREQUESTQUEUE,GENEVA_ADMIN.REALTIMEBILLREQUESTQUEUE
GENEVA_ADMIN,REALTIMEBILLRESPQUEUE,GENEVA_ADMIN.REALTIMEBILLRESPQUEUE
GENEVA_ADMIN,REALTIMECANCELREQQUEUE,GENEVA_ADMIN.REALTIMECANCELREQQUEUE
GENEVA_ADMIN,REALTIMECANCELRESPQUEUE,GENEVA_ADMIN.REALTIMECANCELRESPQUEUE
GENEVA_ADMIN,REALTIMEROUTING,GENEVA_ADMIN.REALTIMEROUTING
GENEVA_ADMIN,REAUTHORISATIONREQUEST,GENEVA_ADMIN.REAUTHORISATIONREQUEST
GENEVA_ADMIN,RECEIVABLECLASS,GENEVA_ADMIN.RECEIVABLECLASS
GENEVA_ADMIN,RECEIVABLEGROUP,GENEVA_ADMIN.RECEIVABLEGROUP
GENEVA_ADMIN,RECHARGEEVENTPAYMENT,GENEVA_ADMIN.RECHARGEEVENTPAYMENT
GENEVA_ADMIN,RECONCILEDCASH,GENEVA_ADMIN.RECONCILEDCASH
GENEVA_ADMIN,REDEMPTIONOPTION,GENEVA_ADMIN.REDEMPTIONOPTION
GENEVA_ADMIN,REISSUEREQUEST,GENEVA_ADMIN.REISSUEREQUEST
GENEVA_ADMIN,REJECTEVENT,GENEVA_ADMIN.REJECTEVENT
GENEVA_ADMIN,REJECTEVENTQUEUEHEAD,GENEVA_ADMIN.REJECTEVENTQUEUEHEAD
GENEVA_ADMIN,REJECTEVENTQUEUETAIL,GENEVA_ADMIN.REJECTEVENTQUEUETAIL
GENEVA_ADMIN,REPORT,GENEVA_ADMIN.REPORT
GENEVA_ADMIN,REPORTHASPARAMETER,GENEVA_ADMIN.REPORTHASPARAMETER
GENEVA_ADMIN,REPORTINTERIMDATA,GENEVA_ADMIN.REPORTINTERIMDATA
GENEVA_ADMIN,REPORTPARAMETER,GENEVA_ADMIN.REPORTPARAMETER
GENEVA_ADMIN,REPORTRUNHISTORY,GENEVA_ADMIN.REPORTRUNHISTORY
GENEVA_ADMIN,REPORTRUNLOG,GENEVA_ADMIN.REPORTRUNLOG
GENEVA_ADMIN,RERATEREQUEST,GENEVA_ADMIN.RERATEREQUEST
GENEVA_ADMIN,RESTSERVICEHISTORY,GENEVA_ADMIN.RESTSERVICEHISTORY
GENEVA_ADMIN,REVENUECODE,GENEVA_ADMIN.REVENUECODE
GENEVA_ADMIN,REVENUEFEED,GENEVA_ADMIN.REVENUEFEED
GENEVA_ADMIN,REVENUEFEEDATTRIBUTE,GENEVA_ADMIN.REVENUEFEEDATTRIBUTE
GENEVA_ADMIN,REVENUEFEEDATTRIBUTEMAP,GENEVA_ADMIN.REVENUEFEEDATTRIBUTEMAP
GENEVA_ADMIN,REVENUEFEEDSOURCE,GENEVA_ADMIN.REVENUEFEEDSOURCE
GENEVA_ADMIN,REVENUEFEEDSOURCEATTR,GENEVA_ADMIN.REVENUEFEEDSOURCEATTR
GENEVA_ADMIN,REVENUEFEEDSOURCECLASS,GENEVA_ADMIN.REVENUEFEEDSOURCECLASS
GENEVA_ADMIN,REVENUERECOGNITIONCLASS,GENEVA_ADMIN.REVENUERECOGNITIONCLASS
GENEVA_ADMIN,ROAMERUSTTAXDETAILS,GENEVA_ADMIN.ROAMERUSTTAXDETAILS
GENEVA_ADMIN,ROAMERUSTTAXTRANSACTION,GENEVA_ADMIN.ROAMERUSTTAXTRANSACTION
GENEVA_ADMIN,ROLETRANSACTIONLIMIT,GENEVA_ADMIN.ROLETRANSACTIONLIMIT
GENEVA_ADMIN,RTCCHOST,GENEVA_ADMIN.RTCCHOST
GENEVA_ADMIN,RTCCSITE,GENEVA_ADMIN.RTCCSITE
GENEVA_ADMIN,RTCCUNIT,GENEVA_ADMIN.RTCCUNIT
GENEVA_ADMIN,SBSCRPPRIMINGRESERVATION,GENEVA_ADMIN.SBSCRPPRIMINGRESERVATION
GENEVA_ADMIN,SBSCRPPRIMINGSTATUS,GENEVA_ADMIN.SBSCRPPRIMINGSTATUS
GENEVA_ADMIN,SCHEDULE,GENEVA_ADMIN.SCHEDULE
GENEVA_ADMIN,SCHEDULEHASTASK,GENEVA_ADMIN.SCHEDULEHASTASK
GENEVA_ADMIN,SCHEDULELOG,GENEVA_ADMIN.SCHEDULELOG
GENEVA_ADMIN,SCHEDULETIME,GENEVA_ADMIN.SCHEDULETIME
GENEVA_ADMIN,SCHEMASTATSLOG,GENEVA_ADMIN.SCHEMASTATSLOG
GENEVA_ADMIN,SCHEMAVERHASVIEW,GENEVA_ADMIN.SCHEMAVERHASVIEW
GENEVA_ADMIN,SERVICEPOLICYCONTROL,GENEVA_ADMIN.SERVICEPOLICYCONTROL
GENEVA_ADMIN,SERVICEREQUEST,GENEVA_ADMIN.SERVICEREQUEST
GENEVA_ADMIN,SETTLEMENTBUCKET,GENEVA_ADMIN.SETTLEMENTBUCKET
GENEVA_ADMIN,SETTLEMENTCALENDAR,GENEVA_ADMIN.SETTLEMENTCALENDAR
GENEVA_ADMIN,SETTLEMENTPAYMENTBUCKET,GENEVA_ADMIN.SETTLEMENTPAYMENTBUCKET
GENEVA_ADMIN,SETTLEMENTPERIOD,GENEVA_ADMIN.SETTLEMENTPERIOD
GENEVA_ADMIN,SETTLEMENTPERIODTYPE,GENEVA_ADMIN.SETTLEMENTPERIODTYPE
GENEVA_ADMIN,SHADOWEVSRCMAP,GENEVA_ADMIN.SHADOWEVSRCMAP
GENEVA_ADMIN,SHAREDCACHE,GENEVA_ADMIN.SHAREDCACHE
GENEVA_ADMIN,SHAREDCACHEKEY,GENEVA_ADMIN.SHAREDCACHEKEY
GENEVA_ADMIN,SHAREDCACHESET,GENEVA_ADMIN.SHAREDCACHESET
GENEVA_ADMIN,SHAREDCACHESETFILE,GENEVA_ADMIN.SHAREDCACHESETFILE
GENEVA_ADMIN,SHAREDCACHESETLOG,GENEVA_ADMIN.SHAREDCACHESETLOG
GENEVA_ADMIN,SHAREDCACHESTATS,GENEVA_ADMIN.SHAREDCACHESTATS
GENEVA_ADMIN,SITE,GENEVA_ADMIN.SITE
GENEVA_ADMIN,SITESEQUENCE,GENEVA_ADMIN.SITESEQUENCE
GENEVA_ADMIN,SNMPTRAP,GENEVA_ADMIN.SNMPTRAP
GENEVA_ADMIN,SORTMERGEDETAILS,GENEVA_ADMIN.SORTMERGEDETAILS
GENEVA_ADMIN,SOURCETYPE,GENEVA_ADMIN.SOURCETYPE
GENEVA_ADMIN,STAGEDRELEASE,GENEVA_ADMIN.STAGEDRELEASE
GENEVA_ADMIN,STATEMENTDATA,GENEVA_ADMIN.STATEMENTDATA
GENEVA_ADMIN,STEPGROUP,GENEVA_ADMIN.STEPGROUP
GENEVA_ADMIN,STEPTHRESHOLD,GENEVA_ADMIN.STEPTHRESHOLD
GENEVA_ADMIN,SUMMARYSTATEMENTTEMPLATE,GENEVA_ADMIN.SUMMARYSTATEMENTTEMPLATE
GENEVA_ADMIN,SUMMARYSTYLE,GENEVA_ADMIN.SUMMARYSTYLE
GENEVA_ADMIN,SYS_IOT_OVER_69437,GENEVA_ADMIN.SYS_IOT_OVER_69437
GENEVA_ADMIN,SYS_IOT_OVER_69466,GENEVA_ADMIN.SYS_IOT_OVER_69466
GENEVA_ADMIN,SYS_IOT_OVER_69495,GENEVA_ADMIN.SYS_IOT_OVER_69495
GENEVA_ADMIN,SYS_IOT_OVER_69520,GENEVA_ADMIN.SYS_IOT_OVER_69520
GENEVA_ADMIN,SYS_IOT_OVER_69545,GENEVA_ADMIN.SYS_IOT_OVER_69545
GENEVA_ADMIN,SYS_IOT_OVER_69570,GENEVA_ADMIN.SYS_IOT_OVER_69570
GENEVA_ADMIN,SYS_IOT_OVER_69595,GENEVA_ADMIN.SYS_IOT_OVER_69595
GENEVA_ADMIN,SYS_IOT_OVER_69620,GENEVA_ADMIN.SYS_IOT_OVER_69620
GENEVA_ADMIN,SYS_IOT_OVER_69645,GENEVA_ADMIN.SYS_IOT_OVER_69645
GENEVA_ADMIN,SYS_IOT_OVER_69670,GENEVA_ADMIN.SYS_IOT_OVER_69670
GENEVA_ADMIN,SYS_IOT_OVER_69695,GENEVA_ADMIN.SYS_IOT_OVER_69695
GENEVA_ADMIN,SYS_IOT_OVER_69720,GENEVA_ADMIN.SYS_IOT_OVER_69720
GENEVA_ADMIN,SYS_IOT_OVER_69745,GENEVA_ADMIN.SYS_IOT_OVER_69745
GENEVA_ADMIN,SYS_IOT_OVER_69770,GENEVA_ADMIN.SYS_IOT_OVER_69770
GENEVA_ADMIN,SYS_IOT_OVER_69795,GENEVA_ADMIN.SYS_IOT_OVER_69795
GENEVA_ADMIN,SYS_IOT_OVER_69820,GENEVA_ADMIN.SYS_IOT_OVER_69820
GENEVA_ADMIN,SYS_IOT_OVER_69845,GENEVA_ADMIN.SYS_IOT_OVER_69845
GENEVA_ADMIN,SYS_IOT_OVER_69870,GENEVA_ADMIN.SYS_IOT_OVER_69870
GENEVA_ADMIN,SYS_IOT_OVER_69895,GENEVA_ADMIN.SYS_IOT_OVER_69895
GENEVA_ADMIN,SYS_IOT_OVER_69920,GENEVA_ADMIN.SYS_IOT_OVER_69920
GENEVA_ADMIN,SYS_IOT_OVER_69945,GENEVA_ADMIN.SYS_IOT_OVER_69945
GENEVA_ADMIN,SYS_IOT_OVER_69970,GENEVA_ADMIN.SYS_IOT_OVER_69970
GENEVA_ADMIN,SYS_IOT_OVER_69995,GENEVA_ADMIN.SYS_IOT_OVER_69995
GENEVA_ADMIN,SYS_IOT_OVER_70020,GENEVA_ADMIN.SYS_IOT_OVER_70020
GENEVA_ADMIN,SYS_IOT_OVER_70045,GENEVA_ADMIN.SYS_IOT_OVER_70045
GENEVA_ADMIN,SYS_IOT_OVER_70070,GENEVA_ADMIN.SYS_IOT_OVER_70070
GENEVA_ADMIN,SYS_IOT_OVER_70095,GENEVA_ADMIN.SYS_IOT_OVER_70095
GENEVA_ADMIN,SYS_IOT_OVER_70120,GENEVA_ADMIN.SYS_IOT_OVER_70120
GENEVA_ADMIN,SYS_IOT_OVER_70145,GENEVA_ADMIN.SYS_IOT_OVER_70145
GENEVA_ADMIN,SYS_IOT_OVER_70170,GENEVA_ADMIN.SYS_IOT_OVER_70170
GENEVA_ADMIN,SYS_IOT_OVER_70195,GENEVA_ADMIN.SYS_IOT_OVER_70195
GENEVA_ADMIN,SYS_IOT_OVER_70220,GENEVA_ADMIN.SYS_IOT_OVER_70220
GENEVA_ADMIN,SYS_IOT_OVER_70245,GENEVA_ADMIN.SYS_IOT_OVER_70245
GENEVA_ADMIN,SYS_IOT_OVER_70270,GENEVA_ADMIN.SYS_IOT_OVER_70270
GENEVA_ADMIN,SYS_IOT_OVER_70295,GENEVA_ADMIN.SYS_IOT_OVER_70295
GENEVA_ADMIN,SYS_IOT_OVER_70320,GENEVA_ADMIN.SYS_IOT_OVER_70320
GENEVA_ADMIN,SYS_IOT_OVER_70345,GENEVA_ADMIN.SYS_IOT_OVER_70345
GENEVA_ADMIN,SYS_IOT_OVER_70370,GENEVA_ADMIN.SYS_IOT_OVER_70370
GENEVA_ADMIN,SYS_IOT_OVER_70395,GENEVA_ADMIN.SYS_IOT_OVER_70395
GENEVA_ADMIN,SYS_IOT_OVER_70420,GENEVA_ADMIN.SYS_IOT_OVER_70420
GENEVA_ADMIN,SYS_IOT_OVER_70445,GENEVA_ADMIN.SYS_IOT_OVER_70445
GENEVA_ADMIN,SYS_IOT_OVER_70470,GENEVA_ADMIN.SYS_IOT_OVER_70470
GENEVA_ADMIN,SYS_IOT_OVER_70495,GENEVA_ADMIN.SYS_IOT_OVER_70495
GENEVA_ADMIN,SYS_IOT_OVER_70520,GENEVA_ADMIN.SYS_IOT_OVER_70520
GENEVA_ADMIN,SYS_IOT_OVER_70545,GENEVA_ADMIN.SYS_IOT_OVER_70545
GENEVA_ADMIN,SYS_IOT_OVER_70570,GENEVA_ADMIN.SYS_IOT_OVER_70570
GENEVA_ADMIN,SYS_IOT_OVER_70595,GENEVA_ADMIN.SYS_IOT_OVER_70595
GENEVA_ADMIN,SYS_IOT_OVER_70620,GENEVA_ADMIN.SYS_IOT_OVER_70620
GENEVA_ADMIN,SYS_IOT_OVER_70645,GENEVA_ADMIN.SYS_IOT_OVER_70645
GENEVA_ADMIN,SYS_IOT_OVER_70670,GENEVA_ADMIN.SYS_IOT_OVER_70670
GENEVA_ADMIN,SYS_IOT_OVER_70695,GENEVA_ADMIN.SYS_IOT_OVER_70695
GENEVA_ADMIN,SYS_IOT_OVER_70720,GENEVA_ADMIN.SYS_IOT_OVER_70720
GENEVA_ADMIN,SYS_IOT_OVER_70745,GENEVA_ADMIN.SYS_IOT_OVER_70745
GENEVA_ADMIN,SYS_IOT_OVER_70770,GENEVA_ADMIN.SYS_IOT_OVER_70770
GENEVA_ADMIN,SYS_IOT_OVER_70795,GENEVA_ADMIN.SYS_IOT_OVER_70795
GENEVA_ADMIN,SYS_IOT_OVER_70820,GENEVA_ADMIN.SYS_IOT_OVER_70820
GENEVA_ADMIN,SYS_IOT_OVER_70845,GENEVA_ADMIN.SYS_IOT_OVER_70845
GENEVA_ADMIN,SYS_IOT_OVER_70870,GENEVA_ADMIN.SYS_IOT_OVER_70870
GENEVA_ADMIN,SYS_IOT_OVER_70895,GENEVA_ADMIN.SYS_IOT_OVER_70895
GENEVA_ADMIN,SYS_IOT_OVER_70920,GENEVA_ADMIN.SYS_IOT_OVER_70920
GENEVA_ADMIN,SYS_IOT_OVER_70945,GENEVA_ADMIN.SYS_IOT_OVER_70945
GENEVA_ADMIN,SYS_IOT_OVER_70970,GENEVA_ADMIN.SYS_IOT_OVER_70970
GENEVA_ADMIN,SYS_IOT_OVER_71261,GENEVA_ADMIN.SYS_IOT_OVER_71261
GENEVA_ADMIN,SYS_IOT_OVER_71286,GENEVA_ADMIN.SYS_IOT_OVER_71286
GENEVA_ADMIN,SYS_IOT_OVER_71311,GENEVA_ADMIN.SYS_IOT_OVER_71311
GENEVA_ADMIN,SYS_IOT_OVER_71336,GENEVA_ADMIN.SYS_IOT_OVER_71336
GENEVA_ADMIN,SYS_IOT_OVER_71361,GENEVA_ADMIN.SYS_IOT_OVER_71361
GENEVA_ADMIN,SYS_IOT_OVER_71386,GENEVA_ADMIN.SYS_IOT_OVER_71386
GENEVA_ADMIN,SYS_IOT_OVER_71411,GENEVA_ADMIN.SYS_IOT_OVER_71411
GENEVA_ADMIN,SYS_IOT_OVER_71436,GENEVA_ADMIN.SYS_IOT_OVER_71436
GENEVA_ADMIN,SYS_IOT_OVER_71461,GENEVA_ADMIN.SYS_IOT_OVER_71461
GENEVA_ADMIN,SYS_IOT_OVER_71486,GENEVA_ADMIN.SYS_IOT_OVER_71486
GENEVA_ADMIN,SYS_IOT_OVER_71511,GENEVA_ADMIN.SYS_IOT_OVER_71511
GENEVA_ADMIN,SYS_IOT_OVER_71536,GENEVA_ADMIN.SYS_IOT_OVER_71536
GENEVA_ADMIN,SYS_IOT_OVER_71561,GENEVA_ADMIN.SYS_IOT_OVER_71561
GENEVA_ADMIN,SYS_IOT_OVER_71586,GENEVA_ADMIN.SYS_IOT_OVER_71586
GENEVA_ADMIN,SYS_IOT_OVER_71611,GENEVA_ADMIN.SYS_IOT_OVER_71611
GENEVA_ADMIN,SYS_IOT_OVER_71636,GENEVA_ADMIN.SYS_IOT_OVER_71636
GENEVA_ADMIN,SYS_IOT_OVER_71661,GENEVA_ADMIN.SYS_IOT_OVER_71661
GENEVA_ADMIN,SYS_IOT_OVER_71686,GENEVA_ADMIN.SYS_IOT_OVER_71686
GENEVA_ADMIN,SYS_IOT_OVER_71711,GENEVA_ADMIN.SYS_IOT_OVER_71711
GENEVA_ADMIN,SYS_IOT_OVER_71736,GENEVA_ADMIN.SYS_IOT_OVER_71736
GENEVA_ADMIN,SYS_IOT_OVER_71761,GENEVA_ADMIN.SYS_IOT_OVER_71761
GENEVA_ADMIN,SYS_IOT_OVER_71786,GENEVA_ADMIN.SYS_IOT_OVER_71786
GENEVA_ADMIN,SYS_IOT_OVER_71811,GENEVA_ADMIN.SYS_IOT_OVER_71811
GENEVA_ADMIN,SYS_IOT_OVER_71836,GENEVA_ADMIN.SYS_IOT_OVER_71836
GENEVA_ADMIN,SYS_IOT_OVER_71861,GENEVA_ADMIN.SYS_IOT_OVER_71861
GENEVA_ADMIN,SYS_IOT_OVER_71886,GENEVA_ADMIN.SYS_IOT_OVER_71886
GENEVA_ADMIN,SYS_IOT_OVER_71911,GENEVA_ADMIN.SYS_IOT_OVER_71911
GENEVA_ADMIN,SYS_IOT_OVER_71936,GENEVA_ADMIN.SYS_IOT_OVER_71936
GENEVA_ADMIN,SYS_IOT_OVER_71961,GENEVA_ADMIN.SYS_IOT_OVER_71961
GENEVA_ADMIN,SYS_IOT_OVER_71986,GENEVA_ADMIN.SYS_IOT_OVER_71986
GENEVA_ADMIN,SYS_IOT_OVER_72011,GENEVA_ADMIN.SYS_IOT_OVER_72011
GENEVA_ADMIN,SYS_IOT_OVER_72036,GENEVA_ADMIN.SYS_IOT_OVER_72036
GENEVA_ADMIN,SYS_IOT_OVER_72061,GENEVA_ADMIN.SYS_IOT_OVER_72061
GENEVA_ADMIN,SYS_IOT_OVER_72086,GENEVA_ADMIN.SYS_IOT_OVER_72086
GENEVA_ADMIN,SYS_IOT_OVER_72111,GENEVA_ADMIN.SYS_IOT_OVER_72111
GENEVA_ADMIN,SYS_IOT_OVER_72136,GENEVA_ADMIN.SYS_IOT_OVER_72136
GENEVA_ADMIN,SYS_IOT_OVER_72161,GENEVA_ADMIN.SYS_IOT_OVER_72161
GENEVA_ADMIN,SYS_IOT_OVER_72186,GENEVA_ADMIN.SYS_IOT_OVER_72186
GENEVA_ADMIN,SYS_IOT_OVER_72211,GENEVA_ADMIN.SYS_IOT_OVER_72211
GENEVA_ADMIN,SYS_IOT_OVER_72236,GENEVA_ADMIN.SYS_IOT_OVER_72236
GENEVA_ADMIN,SYS_IOT_OVER_72261,GENEVA_ADMIN.SYS_IOT_OVER_72261
GENEVA_ADMIN,SYS_IOT_OVER_72286,GENEVA_ADMIN.SYS_IOT_OVER_72286
GENEVA_ADMIN,SYS_IOT_OVER_72311,GENEVA_ADMIN.SYS_IOT_OVER_72311
GENEVA_ADMIN,SYS_IOT_OVER_72336,GENEVA_ADMIN.SYS_IOT_OVER_72336
GENEVA_ADMIN,SYS_IOT_OVER_72361,GENEVA_ADMIN.SYS_IOT_OVER_72361
GENEVA_ADMIN,SYS_IOT_OVER_72386,GENEVA_ADMIN.SYS_IOT_OVER_72386
GENEVA_ADMIN,SYS_IOT_OVER_72411,GENEVA_ADMIN.SYS_IOT_OVER_72411
GENEVA_ADMIN,SYS_IOT_OVER_72436,GENEVA_ADMIN.SYS_IOT_OVER_72436
GENEVA_ADMIN,SYS_IOT_OVER_72461,GENEVA_ADMIN.SYS_IOT_OVER_72461
GENEVA_ADMIN,SYS_IOT_OVER_72486,GENEVA_ADMIN.SYS_IOT_OVER_72486
GENEVA_ADMIN,SYS_IOT_OVER_72511,GENEVA_ADMIN.SYS_IOT_OVER_72511
GENEVA_ADMIN,SYS_IOT_OVER_72536,GENEVA_ADMIN.SYS_IOT_OVER_72536
GENEVA_ADMIN,SYS_IOT_OVER_72561,GENEVA_ADMIN.SYS_IOT_OVER_72561
GENEVA_ADMIN,SYS_IOT_OVER_72586,GENEVA_ADMIN.SYS_IOT_OVER_72586
GENEVA_ADMIN,SYS_IOT_OVER_72611,GENEVA_ADMIN.SYS_IOT_OVER_72611
GENEVA_ADMIN,SYS_IOT_OVER_72636,GENEVA_ADMIN.SYS_IOT_OVER_72636
GENEVA_ADMIN,SYS_IOT_OVER_72661,GENEVA_ADMIN.SYS_IOT_OVER_72661
GENEVA_ADMIN,SYS_IOT_OVER_72686,GENEVA_ADMIN.SYS_IOT_OVER_72686
GENEVA_ADMIN,SYS_IOT_OVER_72711,GENEVA_ADMIN.SYS_IOT_OVER_72711
GENEVA_ADMIN,SYS_IOT_OVER_72736,GENEVA_ADMIN.SYS_IOT_OVER_72736
GENEVA_ADMIN,SYS_IOT_OVER_73001,GENEVA_ADMIN.SYS_IOT_OVER_73001
GENEVA_ADMIN,SYS_IOT_OVER_73070,GENEVA_ADMIN.SYS_IOT_OVER_73070
GENEVA_ADMIN,SYS_IOT_OVER_73095,GENEVA_ADMIN.SYS_IOT_OVER_73095
GENEVA_ADMIN,SYS_IOT_OVER_73120,GENEVA_ADMIN.SYS_IOT_OVER_73120
GENEVA_ADMIN,SYS_IOT_OVER_73145,GENEVA_ADMIN.SYS_IOT_OVER_73145
GENEVA_ADMIN,SYS_IOT_OVER_73170,GENEVA_ADMIN.SYS_IOT_OVER_73170
GENEVA_ADMIN,SYS_IOT_OVER_73195,GENEVA_ADMIN.SYS_IOT_OVER_73195
GENEVA_ADMIN,SYS_IOT_OVER_73220,GENEVA_ADMIN.SYS_IOT_OVER_73220
GENEVA_ADMIN,SYS_IOT_OVER_73245,GENEVA_ADMIN.SYS_IOT_OVER_73245
GENEVA_ADMIN,SYS_IOT_OVER_73270,GENEVA_ADMIN.SYS_IOT_OVER_73270
GENEVA_ADMIN,SYS_IOT_OVER_73295,GENEVA_ADMIN.SYS_IOT_OVER_73295
GENEVA_ADMIN,SYS_IOT_OVER_73320,GENEVA_ADMIN.SYS_IOT_OVER_73320
GENEVA_ADMIN,SYS_IOT_OVER_73345,GENEVA_ADMIN.SYS_IOT_OVER_73345
GENEVA_ADMIN,SYS_IOT_OVER_73370,GENEVA_ADMIN.SYS_IOT_OVER_73370
GENEVA_ADMIN,SYS_IOT_OVER_73395,GENEVA_ADMIN.SYS_IOT_OVER_73395
GENEVA_ADMIN,SYS_IOT_OVER_73420,GENEVA_ADMIN.SYS_IOT_OVER_73420
GENEVA_ADMIN,SYS_IOT_OVER_73445,GENEVA_ADMIN.SYS_IOT_OVER_73445
GENEVA_ADMIN,SYS_IOT_OVER_73470,GENEVA_ADMIN.SYS_IOT_OVER_73470
GENEVA_ADMIN,SYS_IOT_OVER_73495,GENEVA_ADMIN.SYS_IOT_OVER_73495
GENEVA_ADMIN,SYS_IOT_OVER_73520,GENEVA_ADMIN.SYS_IOT_OVER_73520
GENEVA_ADMIN,SYS_IOT_OVER_73545,GENEVA_ADMIN.SYS_IOT_OVER_73545
GENEVA_ADMIN,SYS_IOT_OVER_73570,GENEVA_ADMIN.SYS_IOT_OVER_73570
GENEVA_ADMIN,SYS_IOT_OVER_73595,GENEVA_ADMIN.SYS_IOT_OVER_73595
GENEVA_ADMIN,SYS_IOT_OVER_73620,GENEVA_ADMIN.SYS_IOT_OVER_73620
GENEVA_ADMIN,SYS_IOT_OVER_73645,GENEVA_ADMIN.SYS_IOT_OVER_73645
GENEVA_ADMIN,SYS_IOT_OVER_73670,GENEVA_ADMIN.SYS_IOT_OVER_73670
GENEVA_ADMIN,SYS_IOT_OVER_73695,GENEVA_ADMIN.SYS_IOT_OVER_73695
GENEVA_ADMIN,SYS_IOT_OVER_73720,GENEVA_ADMIN.SYS_IOT_OVER_73720
GENEVA_ADMIN,SYS_IOT_OVER_73745,GENEVA_ADMIN.SYS_IOT_OVER_73745
GENEVA_ADMIN,SYS_IOT_OVER_73770,GENEVA_ADMIN.SYS_IOT_OVER_73770
GENEVA_ADMIN,SYS_IOT_OVER_73795,GENEVA_ADMIN.SYS_IOT_OVER_73795
GENEVA_ADMIN,SYS_IOT_OVER_73820,GENEVA_ADMIN.SYS_IOT_OVER_73820
GENEVA_ADMIN,SYS_IOT_OVER_73845,GENEVA_ADMIN.SYS_IOT_OVER_73845
GENEVA_ADMIN,SYS_IOT_OVER_73870,GENEVA_ADMIN.SYS_IOT_OVER_73870
GENEVA_ADMIN,SYS_IOT_OVER_73895,GENEVA_ADMIN.SYS_IOT_OVER_73895
GENEVA_ADMIN,SYS_IOT_OVER_73920,GENEVA_ADMIN.SYS_IOT_OVER_73920
GENEVA_ADMIN,SYS_IOT_OVER_73945,GENEVA_ADMIN.SYS_IOT_OVER_73945
GENEVA_ADMIN,SYS_IOT_OVER_73970,GENEVA_ADMIN.SYS_IOT_OVER_73970
GENEVA_ADMIN,SYS_IOT_OVER_73995,GENEVA_ADMIN.SYS_IOT_OVER_73995
GENEVA_ADMIN,SYS_IOT_OVER_74020,GENEVA_ADMIN.SYS_IOT_OVER_74020
GENEVA_ADMIN,SYS_IOT_OVER_74045,GENEVA_ADMIN.SYS_IOT_OVER_74045
GENEVA_ADMIN,SYS_IOT_OVER_74070,GENEVA_ADMIN.SYS_IOT_OVER_74070
GENEVA_ADMIN,SYS_IOT_OVER_74095,GENEVA_ADMIN.SYS_IOT_OVER_74095
GENEVA_ADMIN,SYS_IOT_OVER_74120,GENEVA_ADMIN.SYS_IOT_OVER_74120
GENEVA_ADMIN,SYS_IOT_OVER_74145,GENEVA_ADMIN.SYS_IOT_OVER_74145
GENEVA_ADMIN,SYS_IOT_OVER_74170,GENEVA_ADMIN.SYS_IOT_OVER_74170
GENEVA_ADMIN,SYS_IOT_OVER_74195,GENEVA_ADMIN.SYS_IOT_OVER_74195
GENEVA_ADMIN,SYS_IOT_OVER_74220,GENEVA_ADMIN.SYS_IOT_OVER_74220
GENEVA_ADMIN,SYS_IOT_OVER_74245,GENEVA_ADMIN.SYS_IOT_OVER_74245
GENEVA_ADMIN,SYS_IOT_OVER_74270,GENEVA_ADMIN.SYS_IOT_OVER_74270
GENEVA_ADMIN,SYS_IOT_OVER_74295,GENEVA_ADMIN.SYS_IOT_OVER_74295
GENEVA_ADMIN,SYS_IOT_OVER_74320,GENEVA_ADMIN.SYS_IOT_OVER_74320
GENEVA_ADMIN,SYS_IOT_OVER_74345,GENEVA_ADMIN.SYS_IOT_OVER_74345
GENEVA_ADMIN,SYS_IOT_OVER_74370,GENEVA_ADMIN.SYS_IOT_OVER_74370
GENEVA_ADMIN,SYS_IOT_OVER_74395,GENEVA_ADMIN.SYS_IOT_OVER_74395
GENEVA_ADMIN,SYS_IOT_OVER_74420,GENEVA_ADMIN.SYS_IOT_OVER_74420
GENEVA_ADMIN,SYS_IOT_OVER_74445,GENEVA_ADMIN.SYS_IOT_OVER_74445
GENEVA_ADMIN,SYS_IOT_OVER_74470,GENEVA_ADMIN.SYS_IOT_OVER_74470
GENEVA_ADMIN,SYS_IOT_OVER_74495,GENEVA_ADMIN.SYS_IOT_OVER_74495
GENEVA_ADMIN,SYS_IOT_OVER_74520,GENEVA_ADMIN.SYS_IOT_OVER_74520
GENEVA_ADMIN,SYS_IOT_OVER_74545,GENEVA_ADMIN.SYS_IOT_OVER_74545
GENEVA_ADMIN,SYS_IOT_OVER_74836,GENEVA_ADMIN.SYS_IOT_OVER_74836
GENEVA_ADMIN,SYS_IOT_OVER_74861,GENEVA_ADMIN.SYS_IOT_OVER_74861
GENEVA_ADMIN,SYS_IOT_OVER_74886,GENEVA_ADMIN.SYS_IOT_OVER_74886
GENEVA_ADMIN,SYS_IOT_OVER_74911,GENEVA_ADMIN.SYS_IOT_OVER_74911
GENEVA_ADMIN,SYS_IOT_OVER_74936,GENEVA_ADMIN.SYS_IOT_OVER_74936
GENEVA_ADMIN,SYS_IOT_OVER_74961,GENEVA_ADMIN.SYS_IOT_OVER_74961
GENEVA_ADMIN,SYS_IOT_OVER_74986,GENEVA_ADMIN.SYS_IOT_OVER_74986
GENEVA_ADMIN,SYS_IOT_OVER_75011,GENEVA_ADMIN.SYS_IOT_OVER_75011
GENEVA_ADMIN,SYS_IOT_OVER_75036,GENEVA_ADMIN.SYS_IOT_OVER_75036
GENEVA_ADMIN,SYS_IOT_OVER_75061,GENEVA_ADMIN.SYS_IOT_OVER_75061
GENEVA_ADMIN,SYS_IOT_OVER_75086,GENEVA_ADMIN.SYS_IOT_OVER_75086
GENEVA_ADMIN,SYS_IOT_OVER_75111,GENEVA_ADMIN.SYS_IOT_OVER_75111
GENEVA_ADMIN,SYS_IOT_OVER_75136,GENEVA_ADMIN.SYS_IOT_OVER_75136
GENEVA_ADMIN,SYS_IOT_OVER_75161,GENEVA_ADMIN.SYS_IOT_OVER_75161
GENEVA_ADMIN,SYS_IOT_OVER_75186,GENEVA_ADMIN.SYS_IOT_OVER_75186
GENEVA_ADMIN,SYS_IOT_OVER_75211,GENEVA_ADMIN.SYS_IOT_OVER_75211
GENEVA_ADMIN,SYS_IOT_OVER_75236,GENEVA_ADMIN.SYS_IOT_OVER_75236
GENEVA_ADMIN,SYS_IOT_OVER_75261,GENEVA_ADMIN.SYS_IOT_OVER_75261
GENEVA_ADMIN,SYS_IOT_OVER_75286,GENEVA_ADMIN.SYS_IOT_OVER_75286
GENEVA_ADMIN,SYS_IOT_OVER_75311,GENEVA_ADMIN.SYS_IOT_OVER_75311
GENEVA_ADMIN,SYS_IOT_OVER_75336,GENEVA_ADMIN.SYS_IOT_OVER_75336
GENEVA_ADMIN,SYS_IOT_OVER_75361,GENEVA_ADMIN.SYS_IOT_OVER_75361
GENEVA_ADMIN,SYS_IOT_OVER_75386,GENEVA_ADMIN.SYS_IOT_OVER_75386
GENEVA_ADMIN,SYS_IOT_OVER_75411,GENEVA_ADMIN.SYS_IOT_OVER_75411
GENEVA_ADMIN,SYS_IOT_OVER_75436,GENEVA_ADMIN.SYS_IOT_OVER_75436
GENEVA_ADMIN,SYS_IOT_OVER_75461,GENEVA_ADMIN.SYS_IOT_OVER_75461
GENEVA_ADMIN,SYS_IOT_OVER_75486,GENEVA_ADMIN.SYS_IOT_OVER_75486
GENEVA_ADMIN,SYS_IOT_OVER_75511,GENEVA_ADMIN.SYS_IOT_OVER_75511
GENEVA_ADMIN,SYS_IOT_OVER_75536,GENEVA_ADMIN.SYS_IOT_OVER_75536
GENEVA_ADMIN,SYS_IOT_OVER_75561,GENEVA_ADMIN.SYS_IOT_OVER_75561
GENEVA_ADMIN,SYS_IOT_OVER_75586,GENEVA_ADMIN.SYS_IOT_OVER_75586
GENEVA_ADMIN,SYS_IOT_OVER_75611,GENEVA_ADMIN.SYS_IOT_OVER_75611
GENEVA_ADMIN,SYS_IOT_OVER_75636,GENEVA_ADMIN.SYS_IOT_OVER_75636
GENEVA_ADMIN,SYS_IOT_OVER_75661,GENEVA_ADMIN.SYS_IOT_OVER_75661
GENEVA_ADMIN,SYS_IOT_OVER_75686,GENEVA_ADMIN.SYS_IOT_OVER_75686
GENEVA_ADMIN,SYS_IOT_OVER_75711,GENEVA_ADMIN.SYS_IOT_OVER_75711
GENEVA_ADMIN,SYS_IOT_OVER_75736,GENEVA_ADMIN.SYS_IOT_OVER_75736
GENEVA_ADMIN,SYS_IOT_OVER_75761,GENEVA_ADMIN.SYS_IOT_OVER_75761
GENEVA_ADMIN,SYS_IOT_OVER_75786,GENEVA_ADMIN.SYS_IOT_OVER_75786
GENEVA_ADMIN,SYS_IOT_OVER_75811,GENEVA_ADMIN.SYS_IOT_OVER_75811
GENEVA_ADMIN,SYS_IOT_OVER_75836,GENEVA_ADMIN.SYS_IOT_OVER_75836
GENEVA_ADMIN,SYS_IOT_OVER_75861,GENEVA_ADMIN.SYS_IOT_OVER_75861
GENEVA_ADMIN,SYS_IOT_OVER_75886,GENEVA_ADMIN.SYS_IOT_OVER_75886
GENEVA_ADMIN,SYS_IOT_OVER_75911,GENEVA_ADMIN.SYS_IOT_OVER_75911
GENEVA_ADMIN,SYS_IOT_OVER_75936,GENEVA_ADMIN.SYS_IOT_OVER_75936
GENEVA_ADMIN,SYS_IOT_OVER_75961,GENEVA_ADMIN.SYS_IOT_OVER_75961
GENEVA_ADMIN,SYS_IOT_OVER_75986,GENEVA_ADMIN.SYS_IOT_OVER_75986
GENEVA_ADMIN,SYS_IOT_OVER_76011,GENEVA_ADMIN.SYS_IOT_OVER_76011
GENEVA_ADMIN,SYS_IOT_OVER_76036,GENEVA_ADMIN.SYS_IOT_OVER_76036
GENEVA_ADMIN,SYS_IOT_OVER_76061,GENEVA_ADMIN.SYS_IOT_OVER_76061
GENEVA_ADMIN,SYS_IOT_OVER_76086,GENEVA_ADMIN.SYS_IOT_OVER_76086
GENEVA_ADMIN,SYS_IOT_OVER_76111,GENEVA_ADMIN.SYS_IOT_OVER_76111
GENEVA_ADMIN,SYS_IOT_OVER_76136,GENEVA_ADMIN.SYS_IOT_OVER_76136
GENEVA_ADMIN,SYS_IOT_OVER_76161,GENEVA_ADMIN.SYS_IOT_OVER_76161
GENEVA_ADMIN,SYS_IOT_OVER_76186,GENEVA_ADMIN.SYS_IOT_OVER_76186
GENEVA_ADMIN,SYS_IOT_OVER_76211,GENEVA_ADMIN.SYS_IOT_OVER_76211
GENEVA_ADMIN,SYS_IOT_OVER_76236,GENEVA_ADMIN.SYS_IOT_OVER_76236
GENEVA_ADMIN,SYS_IOT_OVER_76261,GENEVA_ADMIN.SYS_IOT_OVER_76261
GENEVA_ADMIN,SYS_IOT_OVER_76286,GENEVA_ADMIN.SYS_IOT_OVER_76286
GENEVA_ADMIN,SYS_IOT_OVER_76311,GENEVA_ADMIN.SYS_IOT_OVER_76311
GENEVA_ADMIN,SYS_IOT_OVER_76576,GENEVA_ADMIN.SYS_IOT_OVER_76576
GENEVA_ADMIN,SYS_IOT_OVER_76657,GENEVA_ADMIN.SYS_IOT_OVER_76657
GENEVA_ADMIN,SYS_IOT_OVER_76686,GENEVA_ADMIN.SYS_IOT_OVER_76686
GENEVA_ADMIN,TABLESDATASTORE,GENEVA_ADMIN.TABLESDATASTORE
GENEVA_ADMIN,TARIFF,GENEVA_ADMIN.TARIFF
GENEVA_ADMIN,TARIFFBASIS,GENEVA_ADMIN.TARIFFBASIS
GENEVA_ADMIN,TARIFFELEMENT,GENEVA_ADMIN.TARIFFELEMENT
GENEVA_ADMIN,TARIFFELEMENTATTRDETAILS,GENEVA_ADMIN.TARIFFELEMENTATTRDETAILS
GENEVA_ADMIN,TARIFFELEMENTBAND,GENEVA_ADMIN.TARIFFELEMENTBAND
GENEVA_ADMIN,TARIFFELEMENTCOGTYPE,GENEVA_ADMIN.TARIFFELEMENTCOGTYPE
GENEVA_ADMIN,TARIFFELEMENTDISCOUNT,GENEVA_ADMIN.TARIFFELEMENTDISCOUNT
GENEVA_ADMIN,TARIFFELEMENTHASMKTSEGMENT,GENEVA_ADMIN.TARIFFELEMENTHASMKTSEGMENT
GENEVA_ADMIN,TARIFFELEMENTOTC,GENEVA_ADMIN.TARIFFELEMENTOTC
GENEVA_ADMIN,TARIFFELEMENTOVERRIDE,GENEVA_ADMIN.TARIFFELEMENTOVERRIDE
GENEVA_ADMIN,TARIFFEVENTBIND,GENEVA_ADMIN.TARIFFEVENTBIND
GENEVA_ADMIN,TARIFFHASRATINGTARIFF,GENEVA_ADMIN.TARIFFHASRATINGTARIFF
GENEVA_ADMIN,TASK,GENEVA_ADMIN.TASK
GENEVA_ADMIN,TASKHASPROCESSPLAN,GENEVA_ADMIN.TASKHASPROCESSPLAN
GENEVA_ADMIN,TASKLOG,GENEVA_ADMIN.TASKLOG
GENEVA_ADMIN,TASKMASTERACTIVE,GENEVA_ADMIN.TASKMASTERACTIVE
GENEVA_ADMIN,TASKREQUEST,GENEVA_ADMIN.TASKREQUEST
GENEVA_ADMIN,TAXCODE,GENEVA_ADMIN.TAXCODE
GENEVA_ADMIN,TAXCODEDETAILS,GENEVA_ADMIN.TAXCODEDETAILS
GENEVA_ADMIN,TAXOVERRIDE,GENEVA_ADMIN.TAXOVERRIDE
GENEVA_ADMIN,TAXSET,GENEVA_ADMIN.TAXSET
GENEVA_ADMIN,TAXSETCODES,GENEVA_ADMIN.TAXSETCODES
GENEVA_ADMIN,TAXTYPE,GENEVA_ADMIN.TAXTYPE
GENEVA_ADMIN,TEMPLATE,GENEVA_ADMIN.TEMPLATE
GENEVA_ADMIN,TEMPLATEADDCOMPATIBILITY,GENEVA_ADMIN.TEMPLATEADDCOMPATIBILITY
GENEVA_ADMIN,TEMPLATECHANGE,GENEVA_ADMIN.TEMPLATECHANGE
GENEVA_ADMIN,TEMPLATECHANGEATTRIBUTE,GENEVA_ADMIN.TEMPLATECHANGEATTRIBUTE
GENEVA_ADMIN,TEMPLATEDATA,GENEVA_ADMIN.TEMPLATEDATA
GENEVA_ADMIN,TEMPLATELOG,GENEVA_ADMIN.TEMPLATELOG
GENEVA_ADMIN,TEMPLATEMIGCOMPATIBILITY,GENEVA_ADMIN.TEMPLATEMIGCOMPATIBILITY
GENEVA_ADMIN,TEMPLATEMIGRATION,GENEVA_ADMIN.TEMPLATEMIGRATION
GENEVA_ADMIN,TEMPLATESCHEMAVERSION,GENEVA_ADMIN.TEMPLATESCHEMAVERSION
GENEVA_ADMIN,TEMPLATEVOLUMEDATA,GENEVA_ADMIN.TEMPLATEVOLUMEDATA
GENEVA_ADMIN,TEMPLATEVOLUMELIMIT,GENEVA_ADMIN.TEMPLATEVOLUMELIMIT
GENEVA_ADMIN,TERMINATIONREASON,GENEVA_ADMIN.TERMINATIONREASON
GENEVA_ADMIN,TESTBILLDATADRIVER,GENEVA_ADMIN.TESTBILLDATADRIVER
GENEVA_ADMIN,TESTBILLDATAQUERY,GENEVA_ADMIN.TESTBILLDATAQUERY
GENEVA_ADMIN,TESTBILLDATAQUERYBINDING,GENEVA_ADMIN.TESTBILLDATAQUERYBINDING
GENEVA_ADMIN,TESTBILLDETAILS,GENEVA_ADMIN.TESTBILLDETAILS
GENEVA_ADMIN,TESTBILLSUMMARY,GENEVA_ADMIN.TESTBILLSUMMARY
GENEVA_ADMIN,TESTTREPREQUEST,GENEVA_ADMIN.TESTTREPREQUEST
GENEVA_ADMIN,TESTUSTLINESPERIODCOUNT,GENEVA_ADMIN.TESTUSTLINESPERIODCOUNT
GENEVA_ADMIN,TESTUSTLINESPERIODPRODCNT,GENEVA_ADMIN.TESTUSTLINESPERIODPRODCNT
GENEVA_ADMIN,TESTUSTTAXBILLDETAILS,GENEVA_ADMIN.TESTUSTTAXBILLDETAILS
GENEVA_ADMIN,TESTUSTTAXDETAILS,GENEVA_ADMIN.TESTUSTTAXDETAILS
GENEVA_ADMIN,TESTUSTTAXREENGGDETAILS,GENEVA_ADMIN.TESTUSTTAXREENGGDETAILS
GENEVA_ADMIN,TESTUSTTAXTRANSACTION,GENEVA_ADMIN.TESTUSTTAXTRANSACTION
GENEVA_ADMIN,TESTVATTAXESDATA,GENEVA_ADMIN.TESTVATTAXESDATA
GENEVA_ADMIN,TEST_TABLE,GENEVA_ADMIN.TEST_TABLE
GENEVA_ADMIN,THRESHOLDREDEMPTION,GENEVA_ADMIN.THRESHOLDREDEMPTION
GENEVA_ADMIN,TICKETQUEUE,GENEVA_ADMIN.TICKETQUEUE
GENEVA_ADMIN,TIMERATE,GENEVA_ADMIN.TIMERATE
GENEVA_ADMIN,TIMERATEDIARY,GENEVA_ADMIN.TIMERATEDIARY
GENEVA_ADMIN,TMPACCDELTAEVENTSUMMARY,GENEVA_ADMIN.TMPACCDELTAEVENTSUMMARY
GENEVA_ADMIN,TMPACCRATINGEVENTSUMMARY,GENEVA_ADMIN.TMPACCRATINGEVENTSUMMARY
GENEVA_ADMIN,TMPANTIEVENTMATCHING,GENEVA_ADMIN.TMPANTIEVENTMATCHING
GENEVA_ADMIN,TMPBILLINGLISTACC,GENEVA_ADMIN.TMPBILLINGLISTACC
GENEVA_ADMIN,TMPBILLINGLISTCUST,GENEVA_ADMIN.TMPBILLINGLISTCUST
GENEVA_ADMIN,TMPCOSTEDEVENT,GENEVA_ADMIN.TMPCOSTEDEVENT
GENEVA_ADMIN,TMPCUSTPRODRATINGDISCOUNT,GENEVA_ADMIN.TMPCUSTPRODRATINGDISCOUNT
GENEVA_ADMIN,TMPDISCOUNTGUIDING,GENEVA_ADMIN.TMPDISCOUNTGUIDING
GENEVA_ADMIN,TMPDISCOUNTLOOKUPPRIMARY,GENEVA_ADMIN.TMPDISCOUNTLOOKUPPRIMARY
GENEVA_ADMIN,TMPDISCOUNTRETRIEVAL,GENEVA_ADMIN.TMPDISCOUNTRETRIEVAL
GENEVA_ADMIN,TMPEVENTGUIDING,GENEVA_ADMIN.TMPEVENTGUIDING
GENEVA_ADMIN,TMPFORMATTINGREQQUEUEDATA,GENEVA_ADMIN.TMPFORMATTINGREQQUEUEDATA
GENEVA_ADMIN,TMPPAYMENTALLOCATION,GENEVA_ADMIN.TMPPAYMENTALLOCATION
GENEVA_ADMIN,TMPPEERANDPOLICYGUIDING,GENEVA_ADMIN.TMPPEERANDPOLICYGUIDING
GENEVA_ADMIN,TMPRATINGEVENTSUMMARY,GENEVA_ADMIN.TMPRATINGEVENTSUMMARY
GENEVA_ADMIN,TMPTRANSFERBATCHINFO,GENEVA_ADMIN.TMPTRANSFERBATCHINFO
GENEVA_ADMIN,TRANSACTION,GENEVA_ADMIN.TRANSACTION
GENEVA_ADMIN,TRANSCONFIGURATIONDIF,GENEVA_ADMIN.TRANSCONFIGURATIONDIF
GENEVA_ADMIN,TRANSCONFIGURATIONLOG,GENEVA_ADMIN.TRANSCONFIGURATIONLOG
GENEVA_ADMIN,TRANSCONFIGURATIONSET,GENEVA_ADMIN.TRANSCONFIGURATIONSET
GENEVA_ADMIN,TRANSFERLOG,GENEVA_ADMIN.TRANSFERLOG
GENEVA_ADMIN,TRANSFERREQUEST,GENEVA_ADMIN.TRANSFERREQUEST
GENEVA_ADMIN,TRANSFERREQUESTDETAILS,GENEVA_ADMIN.TRANSFERREQUESTDETAILS
GENEVA_ADMIN,TRANSIENTANTIEVENT,GENEVA_ADMIN.TRANSIENTANTIEVENT
GENEVA_ADMIN,TRANSLATABLEITEM,GENEVA_ADMIN.TRANSLATABLEITEM
GENEVA_ADMIN,TREATMENTSCHEDULE,GENEVA_ADMIN.TREATMENTSCHEDULE
GENEVA_ADMIN,TREATMENTSCHEDULEACTION,GENEVA_ADMIN.TREATMENTSCHEDULEACTION
GENEVA_ADMIN,TREATMENTTYPE,GENEVA_ADMIN.TREATMENTTYPE
GENEVA_ADMIN,TREATMENTTYPEATTRIBUTE,GENEVA_ADMIN.TREATMENTTYPEATTRIBUTE
GENEVA_ADMIN,TREATMENTTYPEDETAILS,GENEVA_ADMIN.TREATMENTTYPEDETAILS
GENEVA_ADMIN,TREPREQUEST,GENEVA_ADMIN.TREPREQUEST
GENEVA_ADMIN,TRIGGEREVENTTYPE,GENEVA_ADMIN.TRIGGEREVENTTYPE
GENEVA_ADMIN,TXNREQUEST,GENEVA_ADMIN.TXNREQUEST
GENEVA_ADMIN,UAAUDIT,GENEVA_ADMIN.UAAUDIT
GENEVA_ADMIN,UDRCHANGE,GENEVA_ADMIN.UDRCHANGE
GENEVA_ADMIN,UNBILLEDREVENUE,GENEVA_ADMIN.UNBILLEDREVENUE
GENEVA_ADMIN,UNBILLEDREVENUEEXTRACT,GENEVA_ADMIN.UNBILLEDREVENUEEXTRACT
GENEVA_ADMIN,UNLOADEVENT,GENEVA_ADMIN.UNLOADEVENT
GENEVA_ADMIN,UNLOADEVENTAUDIT,GENEVA_ADMIN.UNLOADEVENTAUDIT
GENEVA_ADMIN,UPARAMS,GENEVA_ADMIN.UPARAMS
GENEVA_ADMIN,USAGE,GENEVA_ADMIN.USAGE
GENEVA_ADMIN,USAGECONVERSION,GENEVA_ADMIN.USAGECONVERSION
GENEVA_ADMIN,USAGETYPE,GENEVA_ADMIN.USAGETYPE
GENEVA_ADMIN,USERTRANSACTIONLIMIT,GENEVA_ADMIN.USERTRANSACTIONLIMIT
GENEVA_ADMIN,USTACCOUNTCLASS,GENEVA_ADMIN.USTACCOUNTCLASS
GENEVA_ADMIN,USTACCOUNTHASEXEMPTION,GENEVA_ADMIN.USTACCOUNTHASEXEMPTION
GENEVA_ADMIN,USTBUNDLEDETAILS,GENEVA_ADMIN.USTBUNDLEDETAILS
GENEVA_ADMIN,USTCATEGORY,GENEVA_ADMIN.USTCATEGORY
GENEVA_ADMIN,USTCATEGORYCODEVALID,GENEVA_ADMIN.USTCATEGORYCODEVALID
GENEVA_ADMIN,USTCHARGEGROUP,GENEVA_ADMIN.USTCHARGEGROUP
GENEVA_ADMIN,USTCODE,GENEVA_ADMIN.USTCODE
GENEVA_ADMIN,USTCUSTHASEXEMPTION,GENEVA_ADMIN.USTCUSTHASEXEMPTION
GENEVA_ADMIN,USTEVENTBINDING,GENEVA_ADMIN.USTEVENTBINDING
GENEVA_ADMIN,USTEXTERNALTAXTYPE,GENEVA_ADMIN.USTEXTERNALTAXTYPE
GENEVA_ADMIN,USTLINESANDLOCSPERIOD,GENEVA_ADMIN.USTLINESANDLOCSPERIOD
GENEVA_ADMIN,USTLINESPERIODCOUNT,GENEVA_ADMIN.USTLINESPERIODCOUNT
GENEVA_ADMIN,USTLINESPERIODPRODCOUNT,GENEVA_ADMIN.USTLINESPERIODPRODCOUNT
GENEVA_ADMIN,USTLOCSPERIODCOUNT,GENEVA_ADMIN.USTLOCSPERIODCOUNT
GENEVA_ADMIN,USTMAXTAXAGGREGATIONKEY,GENEVA_ADMIN.USTMAXTAXAGGREGATIONKEY
GENEVA_ADMIN,USTMAXTAXTRANSACTION,GENEVA_ADMIN.USTMAXTAXTRANSACTION
GENEVA_ADMIN,USTMISSINGURMCONFIGLOG,GENEVA_ADMIN.USTMISSINGURMCONFIGLOG
GENEVA_ADMIN,USTPREPAIDBUNDLEDETAILS,GENEVA_ADMIN.USTPREPAIDBUNDLEDETAILS
GENEVA_ADMIN,USTPREPAIDLINETAXREQUEST,GENEVA_ADMIN.USTPREPAIDLINETAXREQUEST
GENEVA_ADMIN,USTPREPAIDTAXDETAILS,GENEVA_ADMIN.USTPREPAIDTAXDETAILS
GENEVA_ADMIN,USTPREPAIDTAXSUMMARY,GENEVA_ADMIN.USTPREPAIDTAXSUMMARY
GENEVA_ADMIN,USTPREPAIDTAXTRANSACTION,GENEVA_ADMIN.USTPREPAIDTAXTRANSACTION
GENEVA_ADMIN,USTPRODUCTCATEGORYCODE,GENEVA_ADMIN.USTPRODUCTCATEGORYCODE
GENEVA_ADMIN,USTPRODUCTCLASS,GENEVA_ADMIN.USTPRODUCTCLASS
GENEVA_ADMIN,USTRESULTMAP,GENEVA_ADMIN.USTRESULTMAP
GENEVA_ADMIN,USTRULEOPTION,GENEVA_ADMIN.USTRULEOPTION
GENEVA_ADMIN,USTTARIFFCATEGORYCODE,GENEVA_ADMIN.USTTARIFFCATEGORYCODE
GENEVA_ADMIN,USTTAXBILLDETAILS,GENEVA_ADMIN.USTTAXBILLDETAILS
GENEVA_ADMIN,USTTAXDETAILS,GENEVA_ADMIN.USTTAXDETAILS
GENEVA_ADMIN,USTTAXREENGGDETAILS,GENEVA_ADMIN.USTTAXREENGGDETAILS
GENEVA_ADMIN,USTTAXSUMMARY,GENEVA_ADMIN.USTTAXSUMMARY
GENEVA_ADMIN,USTTAXTRANSACTION,GENEVA_ADMIN.USTTAXTRANSACTION
GENEVA_ADMIN,VALUELISTTYPE,GENEVA_ADMIN.VALUELISTTYPE
GENEVA_ADMIN,VALUELISTVALUE,GENEVA_ADMIN.VALUELISTVALUE
GENEVA_ADMIN,VARIABLEPERIODUNIT,GENEVA_ADMIN.VARIABLEPERIODUNIT
GENEVA_ADMIN,VATTAXESDATA,GENEVA_ADMIN.VATTAXESDATA
GENEVA_ADMIN,VATTAXTRANSDETAILSECA,GENEVA_ADMIN.VATTAXTRANSDETAILSECA
GENEVA_ADMIN,VERSION_NRM_2020,GENEVA_ADMIN.VERSION_NRM_2020
GENEVA_ADMIN,VHBANDMAP,GENEVA_ADMIN.VHBANDMAP
GENEVA_ADMIN,VPUCALENDARINFO,GENEVA_ADMIN.VPUCALENDARINFO
GENEVA_ADMIN,WRITEOFFEVENTSTATISTICS,GENEVA_ADMIN.WRITEOFFEVENTSTATISTICS
INF_ADMIN,CMPNT_SCHEMA_PARAMS,INF_ADMIN.CMPNT_SCHEMA_PARAMS
INF_ADMIN,COMPONENTS_VERSIONS,INF_ADMIN.COMPONENTS_VERSIONS
INF_ADMIN,COMPONENTS_VERSIONS_HISTORY,INF_ADMIN.COMPONENTS_VERSIONS_HISTORY
INF_ADMIN,COMPONENT_TYPES,INF_ADMIN.COMPONENT_TYPES
INF_ADMIN,CS_COLUMNS,INF_ADMIN.CS_COLUMNS
INF_ADMIN,CS_CONSTRAINTS,INF_ADMIN.CS_CONSTRAINTS
INF_ADMIN,CS_INDEXES,INF_ADMIN.CS_INDEXES
INF_ADMIN,CS_QUEUES,INF_ADMIN.CS_QUEUES
INF_ADMIN,CS_SEQUENCES,INF_ADMIN.CS_SEQUENCES
INF_ADMIN,CS_SOURCE,INF_ADMIN.CS_SOURCE
INF_ADMIN,CS_TABLES,INF_ADMIN.CS_TABLES
INF_ADMIN,CS_TRIGGERS,INF_ADMIN.CS_TRIGGERS
INF_ADMIN,CS_VIEWS,INF_ADMIN.CS_VIEWS
INF_ADMIN,INFINYS_COMPONENTS,INF_ADMIN.INFINYS_COMPONENTS
INF_ADMIN,INFINYS_COMP_DEPENDS,INF_ADMIN.INFINYS_COMP_DEPENDS
INF_ADMIN,INFINYS_COMP_OWNERS,INF_ADMIN.INFINYS_COMP_OWNERS
INF_ADMIN,INFINYS_QUEUES,INF_ADMIN.INFINYS_QUEUES
INF_ADMIN,INFINYS_ROLES,INF_ADMIN.INFINYS_ROLES
INF_ADMIN,INFINYS_ROLE_PRIVS,INF_ADMIN.INFINYS_ROLE_PRIVS
INF_ADMIN,INFINYS_SYNONYMS,INF_ADMIN.INFINYS_SYNONYMS
INF_ADMIN,INFINYS_SYS_PRIVS,INF_ADMIN.INFINYS_SYS_PRIVS
INF_ADMIN,INFINYS_TAB_PRIVS,INF_ADMIN.INFINYS_TAB_PRIVS
INF_ADMIN,INFINYS_USERS,INF_ADMIN.INFINYS_USERS
INF_ADMIN,INFINYS_VERSION,INF_ADMIN.INFINYS_VERSION
INF_ADMIN,INTEGRATION_VERSIONS,INF_ADMIN.INTEGRATION_VERSIONS
INF_ADMIN,INTEGRATION_VERSIONS_HISTORY,INF_ADMIN.INTEGRATION_VERSIONS_HISTORY
INF_ADMIN,MIGRATION_STATE,INF_ADMIN.MIGRATION_STATE
INF_ADMIN,MIG_REPORT_XSL,INF_ADMIN.MIG_REPORT_XSL
INF_ADMIN,SCHEMA_PARAMS,INF_ADMIN.SCHEMA_PARAMS
INF_ADMIN,STAGE_MANIFEST,INF_ADMIN.STAGE_MANIFEST
INF_ADMIN,STAGE_SCHEMA,INF_ADMIN.STAGE_SCHEMA
INT_RBM_FLOW,INT_PROCESSING_LIST,INT_RBM_FLOW.INT_PROCESSING_LIST
INT_RBM_FLOW,INT_PROCESSING_LIST_EXT,INT_RBM_FLOW.INT_PROCESSING_LIST_EXT
IPF_ADMIN,AAF_COMPONENT,IPF_ADMIN.AAF_COMPONENT
IPF_ADMIN,AAF_HISTORICAL_PASSWORD,IPF_ADMIN.AAF_HISTORICAL_PASSWORD
IPF_ADMIN,AAF_PERM_CLASS_MAP,IPF_ADMIN.AAF_PERM_CLASS_MAP
IPF_ADMIN,AAF_PROPERTY,IPF_ADMIN.AAF_PROPERTY
IPF_ADMIN,AAF_RESOURCE_PERM,IPF_ADMIN.AAF_RESOURCE_PERM
IPF_ADMIN,AAF_ROLE,IPF_ADMIN.AAF_ROLE
IPF_ADMIN,AAF_ROLE_MEMBER,IPF_ADMIN.AAF_ROLE_MEMBER
IPF_ADMIN,AAF_ROLE_RESOURCE_PERM,IPF_ADMIN.AAF_ROLE_RESOURCE_PERM
IPF_ADMIN,AAF_USER,IPF_ADMIN.AAF_USER
IPF_ADMIN,AAF_USER_ATTRIBUTE,IPF_ADMIN.AAF_USER_ATTRIBUTE
IPF_ADMIN,AAF_USER_MEMBER,IPF_ADMIN.AAF_USER_MEMBER
IPF_ADMIN,AQ$_PF_DISPATCHER_QT_G,IPF_ADMIN.AQ$_PF_DISPATCHER_QT_G
IPF_ADMIN,AQ$_PF_DISPATCHER_QT_H,IPF_ADMIN.AQ$_PF_DISPATCHER_QT_H
IPF_ADMIN,AQ$_PF_DISPATCHER_QT_I,IPF_ADMIN.AQ$_PF_DISPATCHER_QT_I
IPF_ADMIN,AQ$_PF_DISPATCHER_QT_L,IPF_ADMIN.AQ$_PF_DISPATCHER_QT_L
IPF_ADMIN,AQ$_PF_DISPATCHER_QT_S,IPF_ADMIN.AQ$_PF_DISPATCHER_QT_S
IPF_ADMIN,AQ$_PF_DISPATCHER_QT_T,IPF_ADMIN.AQ$_PF_DISPATCHER_QT_T
IPF_ADMIN,AQ$_PF_FAILED_MESSAGE_QT_G,IPF_ADMIN.AQ$_PF_FAILED_MESSAGE_QT_G
IPF_ADMIN,AQ$_PF_FAILED_MESSAGE_QT_H,IPF_ADMIN.AQ$_PF_FAILED_MESSAGE_QT_H
IPF_ADMIN,AQ$_PF_FAILED_MESSAGE_QT_I,IPF_ADMIN.AQ$_PF_FAILED_MESSAGE_QT_I
IPF_ADMIN,AQ$_PF_FAILED_MESSAGE_QT_L,IPF_ADMIN.AQ$_PF_FAILED_MESSAGE_QT_L
IPF_ADMIN,AQ$_PF_FAILED_MESSAGE_QT_S,IPF_ADMIN.AQ$_PF_FAILED_MESSAGE_QT_S
IPF_ADMIN,AQ$_PF_FAILED_MESSAGE_QT_T,IPF_ADMIN.AQ$_PF_FAILED_MESSAGE_QT_T
IPF_ADMIN,CREATE$JAVA$LOB$TABLE,IPF_ADMIN.CREATE$JAVA$LOB$TABLE
IPF_ADMIN,JAVA$OPTIONS,IPF_ADMIN.JAVA$OPTIONS
IPF_ADMIN,PFMESSAGE,IPF_ADMIN.PFMESSAGE
IPF_ADMIN,PF_ARCHIVE,IPF_ADMIN.PF_ARCHIVE
IPF_ADMIN,PF_ATTR_COLUMN_NAMES,IPF_ADMIN.PF_ATTR_COLUMN_NAMES
IPF_ADMIN,PF_ATTR_DEFN,IPF_ADMIN.PF_ATTR_DEFN
IPF_ADMIN,PF_ATTR_DISPLAY_DEFN,IPF_ADMIN.PF_ATTR_DISPLAY_DEFN
IPF_ADMIN,PF_ATTR_ENTITY,IPF_ADMIN.PF_ATTR_ENTITY
IPF_ADMIN,PF_ATTR_ENTITY_MODE,IPF_ADMIN.PF_ATTR_ENTITY_MODE
IPF_ADMIN,PF_ATTR_ENTITY_SUBTYPE,IPF_ADMIN.PF_ATTR_ENTITY_SUBTYPE
IPF_ADMIN,PF_ATTR_MODE_DEFN,IPF_ADMIN.PF_ATTR_MODE_DEFN
IPF_ADMIN,PF_ATTR_SUBTYPE_VALUE,IPF_ADMIN.PF_ATTR_SUBTYPE_VALUE
IPF_ADMIN,PF_ATTR_VALUE,IPF_ADMIN.PF_ATTR_VALUE
IPF_ADMIN,PF_AUDIT_CONFIG,IPF_ADMIN.PF_AUDIT_CONFIG
IPF_ADMIN,PF_AUDIT_LOG,IPF_ADMIN.PF_AUDIT_LOG
IPF_ADMIN,PF_BUILD_FILE,IPF_ADMIN.PF_BUILD_FILE
IPF_ADMIN,PF_COMMAND,IPF_ADMIN.PF_COMMAND
IPF_ADMIN,PF_COMMAND_ARGUMENT,IPF_ADMIN.PF_COMMAND_ARGUMENT
IPF_ADMIN,PF_COMP_ENCRYPT_STATUS,IPF_ADMIN.PF_COMP_ENCRYPT_STATUS
IPF_ADMIN,PF_DATA_STORE,IPF_ADMIN.PF_DATA_STORE
IPF_ADMIN,PF_DISPATCHER_QT,IPF_ADMIN.PF_DISPATCHER_QT
IPF_ADMIN,PF_ENCRYPTION_KEY_MAP,IPF_ADMIN.PF_ENCRYPTION_KEY_MAP
IPF_ADMIN,PF_FAILED_MESSAGE_QT,IPF_ADMIN.PF_FAILED_MESSAGE_QT
IPF_ADMIN,PF_IDEMPOTENT_API_CALL,IPF_ADMIN.PF_IDEMPOTENT_API_CALL
IPF_ADMIN,PF_LANG_TRAN_ITEM,IPF_ADMIN.PF_LANG_TRAN_ITEM
IPF_ADMIN,PF_LOCALE,IPF_ADMIN.PF_LOCALE
IPF_ADMIN,PF_PERFORMANCE_LOG,IPF_ADMIN.PF_PERFORMANCE_LOG
IPF_ADMIN,PF_PERFORMANCE_LOG_CONFIG,IPF_ADMIN.PF_PERFORMANCE_LOG_CONFIG
IPF_ADMIN,PF_SCHED_BLOB_TRIGGERS,IPF_ADMIN.PF_SCHED_BLOB_TRIGGERS
IPF_ADMIN,PF_SCHED_CALENDARS,IPF_ADMIN.PF_SCHED_CALENDARS
IPF_ADMIN,PF_SCHED_CRON_TRIGGERS,IPF_ADMIN.PF_SCHED_CRON_TRIGGERS
IPF_ADMIN,PF_SCHED_FIRED_TRIGGERS,IPF_ADMIN.PF_SCHED_FIRED_TRIGGERS
IPF_ADMIN,PF_SCHED_JOB_DETAILS,IPF_ADMIN.PF_SCHED_JOB_DETAILS
IPF_ADMIN,PF_SCHED_JOB_LISTENERS,IPF_ADMIN.PF_SCHED_JOB_LISTENERS
IPF_ADMIN,PF_SCHED_LOCKS,IPF_ADMIN.PF_SCHED_LOCKS
IPF_ADMIN,PF_SCHED_PAUSED_TRIGGER_GRPS,IPF_ADMIN.PF_SCHED_PAUSED_TRIGGER_GRPS
IPF_ADMIN,PF_SCHED_SCHEDULER_STATE,IPF_ADMIN.PF_SCHED_SCHEDULER_STATE
IPF_ADMIN,PF_SCHED_SIMPLE_TRIGGERS,IPF_ADMIN.PF_SCHED_SIMPLE_TRIGGERS
IPF_ADMIN,PF_SCHED_TRIGGERS,IPF_ADMIN.PF_SCHED_TRIGGERS
IPF_ADMIN,PF_SCHED_TRIGGER_LISTENERS,IPF_ADMIN.PF_SCHED_TRIGGER_LISTENERS
IPF_ADMIN,PF_TASK,IPF_ADMIN.PF_TASK
IPF_ADMIN,PF_TASK_EXECUTION,IPF_ADMIN.PF_TASK_EXECUTION
IPF_ADMIN,PF_TASK_STATE,IPF_ADMIN.PF_TASK_STATE
IPF_ADMIN,PF_UAPI_PLUGPOINT_REQD_COMP,IPF_ADMIN.PF_UAPI_PLUGPOINT_REQD_COMP
IPF_ADMIN,PLATFORMAUDITTRAIL,IPF_ADMIN.PLATFORMAUDITTRAIL
IPF_ADMIN,SYSTEMREGISTRYENTRY,IPF_ADMIN.SYSTEMREGISTRYENTRY
IPF_ADMIN,SYS_IOT_OVER_67311,IPF_ADMIN.SYS_IOT_OVER_67311
IPF_ADMIN,SYS_IOT_OVER_67340,IPF_ADMIN.SYS_IOT_OVER_67340
IPF_ADMIN,TRACE_LEVEL,IPF_ADMIN.TRACE_LEVEL
IPF_AUDIT_ADMIN,PF_AUDIT_SENS_DATA,IPF_AUDIT_ADMIN.PF_AUDIT_SENS_DATA
IPF_SEC_ADMIN,CREATE$JAVA$LOB$TABLE,IPF_SEC_ADMIN.CREATE$JAVA$LOB$TABLE
IPF_SEC_ADMIN,PF_ENCRYPTED_PROP,IPF_SEC_ADMIN.PF_ENCRYPTED_PROP
JITR_RPTG,ACCOUNT_DIM,JITR_RPTG.ACCOUNT_DIM
JITR_RPTG,ACCOUNT_LVL_STG,JITR_RPTG.ACCOUNT_LVL_STG
JITR_RPTG,ACCT_LATE_USAGE_BILLABLE,JITR_RPTG.ACCT_LATE_USAGE_BILLABLE
JITR_RPTG,ACCT_LVL_OVERAGE,JITR_RPTG.ACCT_LVL_OVERAGE
JITR_RPTG,ACCT_LVL_SPLAN_USAGE_BILLABLE,JITR_RPTG.ACCT_LVL_SPLAN_USAGE_BILLABLE
JITR_RPTG,ACCT_LVL_SPLAN_USAGE_UDR,JITR_RPTG.ACCT_LVL_SPLAN_USAGE_UDR
JITR_RPTG,ACCT_NEXT_CYCLE_CO,JITR_RPTG.ACCT_NEXT_CYCLE_CO
JITR_RPTG,ACCT_REV_IMPACTING_PRODUCTS,JITR_RPTG.ACCT_REV_IMPACTING_PRODUCTS
JITR_RPTG,ACCT_SRV_PLAN_CHANGE,JITR_RPTG.ACCT_SRV_PLAN_CHANGE
JITR_RPTG,B2B_REPORT_REFDATA,JITR_RPTG.B2B_REPORT_REFDATA
JITR_RPTG,BATCH_CONTROL,JITR_RPTG.BATCH_CONTROL
JITR_RPTG,BATCH_JOB_CONTROL,JITR_RPTG.BATCH_JOB_CONTROL
JITR_RPTG,BILL_PERIOD_DIM,JITR_RPTG.BILL_PERIOD_DIM
JITR_RPTG,CURRENT_BATCH,JITR_RPTG.CURRENT_BATCH
JITR_RPTG,CUST_ECPD_PROFILE_MAP,JITR_RPTG.CUST_ECPD_PROFILE_MAP
JITR_RPTG,DAILY_USAGE_DATA,JITR_RPTG.DAILY_USAGE_DATA
JITR_RPTG,DATA_AGGR_SHRGRP_DTL_SUMMARY,JITR_RPTG.DATA_AGGR_SHRGRP_DTL_SUMMARY
JITR_RPTG,DATA_AGGR_SHRGRP_SUMMARY,JITR_RPTG.DATA_AGGR_SHRGRP_SUMMARY
JITR_RPTG,DATA_EDP_SHARE_LINELVL_SUMMARY,JITR_RPTG.DATA_EDP_SHARE_LINELVL_SUMMARY
JITR_RPTG,DATA_EDP_SHARE_OVERALL_SUMMARY,JITR_RPTG.DATA_EDP_SHARE_OVERALL_SUMMARY
JITR_RPTG,DATA_EPB_SUMMARY,JITR_RPTG.DATA_EPB_SUMMARY
JITR_RPTG,DATA_LINE_LEVEL_FACT,JITR_RPTG.DATA_LINE_LEVEL_FACT
JITR_RPTG,DATA_LINE_LEVEL_SUMMARY,JITR_RPTG.DATA_LINE_LEVEL_SUMMARY
JITR_RPTG,DATA_SHRGRP_LINE_LEVEL_SUMMARY,JITR_RPTG.DATA_SHRGRP_LINE_LEVEL_SUMMARY
JITR_RPTG,DATA_SHRGRP_OVERALL_SUMMARY,JITR_RPTG.DATA_SHRGRP_OVERALL_SUMMARY
JITR_RPTG,DATA_SPLAN_FACT,JITR_RPTG.DATA_SPLAN_FACT
JITR_RPTG,DATA_SPLAN_SUMMARY,JITR_RPTG.DATA_SPLAN_SUMMARY
JITR_RPTG,DATA_TDP_LINE_LEVEL_SUMMARY,JITR_RPTG.DATA_TDP_LINE_LEVEL_SUMMARY
JITR_RPTG,DATA_TDP_OVERALL_SUMMARY,JITR_RPTG.DATA_TDP_OVERALL_SUMMARY
JITR_RPTG,DATA_USAGE_FACT,JITR_RPTG.DATA_USAGE_FACT
JITR_RPTG,DATA_USAGE_PRODUCT_FACT,JITR_RPTG.DATA_USAGE_PRODUCT_FACT
JITR_RPTG,DOMAINGROUP,JITR_RPTG.DOMAINGROUP
JITR_RPTG,ETL_JOB_DEFINITION,JITR_RPTG.ETL_JOB_DEFINITION
JITR_RPTG,ETL_JOB_LOG,JITR_RPTG.ETL_JOB_LOG
JITR_RPTG,ETL_JOB_PROCEDURE,JITR_RPTG.ETL_JOB_PROCEDURE
JITR_RPTG,ETL_JOB_STATUS,JITR_RPTG.ETL_JOB_STATUS
JITR_RPTG,ETL_PARAMS,JITR_RPTG.ETL_PARAMS
JITR_RPTG,ETL_SRC_EXTRACT_LOG,JITR_RPTG.ETL_SRC_EXTRACT_LOG
JITR_RPTG,FACTDIMSTGTBL,JITR_RPTG.FACTDIMSTGTBL
JITR_RPTG,GTT_DATA_EPB_SUMMARY,JITR_RPTG.GTT_DATA_EPB_SUMMARY
JITR_RPTG,GTT_DATA_LINE_LEVEL_FACT,JITR_RPTG.GTT_DATA_LINE_LEVEL_FACT
JITR_RPTG,GTT_DATA_USAGE_PRODUCT_FACT,JITR_RPTG.GTT_DATA_USAGE_PRODUCT_FACT
JITR_RPTG,GTT_MSG_DAILY_USAGE_SUMMARY,JITR_RPTG.GTT_MSG_DAILY_USAGE_SUMMARY
JITR_RPTG,GTT_MSG_RUM_SUMMARY,JITR_RPTG.GTT_MSG_RUM_SUMMARY
JITR_RPTG,GTT_PRODUCT_ALL_DIM,JITR_RPTG.GTT_PRODUCT_ALL_DIM
JITR_RPTG,GTT_SPLAN_FACT,JITR_RPTG.GTT_SPLAN_FACT
JITR_RPTG,KIDS_LINE_LEVEL_DATA,JITR_RPTG.KIDS_LINE_LEVEL_DATA
JITR_RPTG,MDN_DIM,JITR_RPTG.MDN_DIM
JITR_RPTG,MSG_ACCT_ALLOWANCE_FACT,JITR_RPTG.MSG_ACCT_ALLOWANCE_FACT
JITR_RPTG,MSG_ACCT_STAGING,JITR_RPTG.MSG_ACCT_STAGING
JITR_RPTG,MSG_DAILY_USAGE_SUMMARY,JITR_RPTG.MSG_DAILY_USAGE_SUMMARY
JITR_RPTG,MSG_LINE_LEVEL_USAGE_FACT,JITR_RPTG.MSG_LINE_LEVEL_USAGE_FACT
JITR_RPTG,MSG_RATING_USAGE_CTRL_SUMMARY,JITR_RPTG.MSG_RATING_USAGE_CTRL_SUMMARY
JITR_RPTG,MSG_SHRGRP_LINE_LEVEL_SUMMARY,JITR_RPTG.MSG_SHRGRP_LINE_LEVEL_SUMMARY
JITR_RPTG,MSG_SHRGRP_OVERALL_SUMMARY,JITR_RPTG.MSG_SHRGRP_OVERALL_SUMMARY
JITR_RPTG,MSG_TRAVEL_PASS_REPORT,JITR_RPTG.MSG_TRAVEL_PASS_REPORT
JITR_RPTG,PRODUCT_ALL_DIM,JITR_RPTG.PRODUCT_ALL_DIM
JITR_RPTG,PRODUCT_ALL_MSG_DIM,JITR_RPTG.PRODUCT_ALL_MSG_DIM
JITR_RPTG,PRODUCT_DIM,JITR_RPTG.PRODUCT_DIM
JITR_RPTG,REPORT_ACTIVITY_LOG,JITR_RPTG.REPORT_ACTIVITY_LOG
JITR_RPTG,SHR_GRP_DIM,JITR_RPTG.SHR_GRP_DIM
JITR_RPTG,UNBILLSHRGRPMDN_SUMMARY,JITR_RPTG.UNBILLSHRGRPMDN_SUMMARY
JITR_RPTG,UNBILLSHRGRP_SUMMARY,JITR_RPTG.UNBILLSHRGRP_SUMMARY
JITR_RPTG,VISION_RBM_MAP,JITR_RPTG.VISION_RBM_MAP
PAY_CUSTOM,VZPAYALLOCATIONTOBILLDELETE,PAY_CUSTOM.VZPAYALLOCATIONTOBILLDELETE
PAY_CUSTOM,VZPAYALLOCATIONTOBILLLOAN,PAY_CUSTOM.VZPAYALLOCATIONTOBILLLOAN
PAY_CUSTOM,VZPAYAPPLERRORLOG,PAY_CUSTOM.VZPAYAPPLERRORLOG
PAY_CUSTOM,VZPAYAUDITEXTRACT,PAY_CUSTOM.VZPAYAUDITEXTRACT
PAY_CUSTOM,VZPAYCDDTLS,PAY_CUSTOM.VZPAYCDDTLS
PAY_CUSTOM,VZPAYCREDITALLOCREPORTWIP,PAY_CUSTOM.VZPAYCREDITALLOCREPORTWIP
PAY_CUSTOM,VZPAYCREDITALLOCWIP,PAY_CUSTOM.VZPAYCREDITALLOCWIP
PAY_CUSTOM,VZPAYDOMAINGROUPREF,PAY_CUSTOM.VZPAYDOMAINGROUPREF
PAY_CUSTOM,VZPAYFILESTATUSLOG,PAY_CUSTOM.VZPAYFILESTATUSLOG
PAY_CUSTOM,VZPAYINTERFACELOG,PAY_CUSTOM.VZPAYINTERFACELOG
PAY_CUSTOM,VZPAYINTERFACELOG_INSERTERRORS,PAY_CUSTOM.VZPAYINTERFACELOG_INSERTERRORS
PAY_CUSTOM,VZPAYLOANINFO,PAY_CUSTOM.VZPAYLOANINFO
PAY_CUSTOM,VZPAYLOANINFO_INSERTERRORS,PAY_CUSTOM.VZPAYLOANINFO_INSERTERRORS
PAY_CUSTOM,VZPAYPARAMS,PAY_CUSTOM.VZPAYPARAMS
PAY_CUSTOM,VZPAYPMTTRANSLOG,PAY_CUSTOM.VZPAYPMTTRANSLOG
PAY_CUSTOM,VZPAYREFUNDEXCEPTION,PAY_CUSTOM.VZPAYREFUNDEXCEPTION
PAY_CUSTOM,VZPAYUNAPPLPAYMENTREPORTWIP,PAY_CUSTOM.VZPAYUNAPPLPAYMENTREPORTWIP
PAY_CUSTOM,VZPAY_ALLOCATION_TODEPOSIT_DELETE,PAY_CUSTOM.VZPAY_ALLOCATION_TODEPOSIT_DELETE
PAY_CUSTOM,VZPAY_AUTORELIEF_ALLOC_WIP,PAY_CUSTOM.VZPAY_AUTORELIEF_ALLOC_WIP
PAY_CUSTOM,VZPAY_CACS_EXTRACT,PAY_CUSTOM.VZPAY_CACS_EXTRACT
PAY_CUSTOM,VZPAY_COLL_TRANS,PAY_CUSTOM.VZPAY_COLL_TRANS
PAY_CUSTOM,VZPAY_COLL_TRANS_BKP,PAY_CUSTOM.VZPAY_COLL_TRANS_BKP
PAY_CUSTOM,VZPAY_POSTBILLING_STATUS,PAY_CUSTOM.VZPAY_POSTBILLING_STATUS
PAY_CUSTOM,VZPAY_SECURITY_DEPOSIT,PAY_CUSTOM.VZPAY_SECURITY_DEPOSIT
PAY_CUSTOM,VZPAY_SEC_DEP_ACCT_TYP,PAY_CUSTOM.VZPAY_SEC_DEP_ACCT_TYP
PAY_CUSTOM,VZPAY_SEC_DEP_AP_OFFSET,PAY_CUSTOM.VZPAY_SEC_DEP_AP_OFFSET
PAY_CUSTOM,VZPAY_SEC_DEP_CNTL,PAY_CUSTOM.VZPAY_SEC_DEP_CNTL
PAY_CUSTOM,VZPAY_SEC_DEP_INTR_ACCR,PAY_CUSTOM.VZPAY_SEC_DEP_INTR_ACCR
PAY_CUSTOM,VZPAY_SEC_DEP_REFUND,PAY_CUSTOM.VZPAY_SEC_DEP_REFUND
PAY_CUSTOM,VZPAY_SEC_DEP_TYP_INTER,PAY_CUSTOM.VZPAY_SEC_DEP_TYP_INTER
PAY_CUSTOM,VZPAY_SINGLE_BL_STAT,PAY_CUSTOM.VZPAY_SINGLE_BL_STAT
PAY_CUSTOM,VZPAY_WRITE_OFFS,PAY_CUSTOM.VZPAY_WRITE_OFFS
PROFILE_CUSTOM,BA_THIRD_PARTY_ENROLL,PROFILE_CUSTOM.BA_THIRD_PARTY_ENROLL
PROFILE_CUSTOM,BL_ACCT_GROUP_ID,PROFILE_CUSTOM.BL_ACCT_GROUP_ID
PROFILE_CUSTOM,BPR_CUST_FIXES_BKP,PROFILE_CUSTOM.BPR_CUST_FIXES_BKP
PROFILE_CUSTOM,BPR_RECON_PROCESSING_LIST,PROFILE_CUSTOM.BPR_RECON_PROCESSING_LIST
PROFILE_CUSTOM,BPR_RECON_PROCESSING_LIST_BAKUP,PROFILE_CUSTOM.BPR_RECON_PROCESSING_LIST_BAKUP
PROFILE_CUSTOM,CUST_DEFINED_INFO,PROFILE_CUSTOM.CUST_DEFINED_INFO
PROFILE_CUSTOM,CUST_LN_DEFINED_INFO,PROFILE_CUSTOM.CUST_LN_DEFINED_INFO
PROFILE_CUSTOM,EPOD_CLIN,PROFILE_CUSTOM.EPOD_CLIN
PROFILE_CUSTOM,SUB_BPR_FIXES,PROFILE_CUSTOM.SUB_BPR_FIXES
PROFILE_CUSTOM,TEST_CASE_011,PROFILE_CUSTOM.TEST_CASE_011
RBA_ADMIN,ACCTACTIVITY,RBA_ADMIN.ACCTACTIVITY
RBA_ADMIN,ACCTNBD,RBA_ADMIN.ACCTNBD
RBA_ADMIN,AGGREGATIONINFO,RBA_ADMIN.AGGREGATIONINFO
RBA_ADMIN,B2BMSGRERATE,RBA_ADMIN.B2BMSGRERATE
RBA_ADMIN,BOXSTATS,RBA_ADMIN.BOXSTATS
RBA_ADMIN,BOXSTATSTHRESH,RBA_ADMIN.BOXSTATSTHRESH
RBA_ADMIN,CATDISCOUNTSTATUSNBB,RBA_ADMIN.CATDISCOUNTSTATUSNBB
RBA_ADMIN,CETPARTITIONS,RBA_ADMIN.CETPARTITIONS
RBA_ADMIN,CPDUMRBACKUP,RBA_ADMIN.CPDUMRBACKUP
RBA_ADMIN,CSCONFIG,RBA_ADMIN.CSCONFIG
RBA_ADMIN,CSHIST,RBA_ADMIN.CSHIST
RBA_ADMIN,CUSTCPDUDRIVER,RBA_ADMIN.CUSTCPDUDRIVER
RBA_ADMIN,CYCLE28ACCTS,RBA_ADMIN.CYCLE28ACCTS
RBA_ADMIN,DAILYTASKSTATUS,RBA_ADMIN.DAILYTASKSTATUS
RBA_ADMIN,DR_RERATE_ACCOUNT,RBA_ADMIN.DR_RERATE_ACCOUNT
RBA_ADMIN,DUWINPUTVALIDATION,RBA_ADMIN.DUWINPUTVALIDATION
RBA_ADMIN,EATREQUESTBACKUP,RBA_ADMIN.EATREQUESTBACKUP
RBA_ADMIN,EMPLOYEEDATA,RBA_ADMIN.EMPLOYEEDATA
RBA_ADMIN,EMPLOYEESCHED,RBA_ADMIN.EMPLOYEESCHED
RBA_ADMIN,EVENTMAP,RBA_ADMIN.EVENTMAP
RBA_ADMIN,EVENTTYPETABLE,RBA_ADMIN.EVENTTYPETABLE
RBA_ADMIN,FLOW,RBA_ADMIN.FLOW
RBA_ADMIN,FLOWHIST,RBA_ADMIN.FLOWHIST
RBA_ADMIN,FLOWINSTANCE,RBA_ADMIN.FLOWINSTANCE
RBA_ADMIN,IAMHIST,RBA_ADMIN.IAMHIST
RBA_ADMIN,IAMLATENCY,RBA_ADMIN.IAMLATENCY
RBA_ADMIN,IAMSTATSGROUP,RBA_ADMIN.IAMSTATSGROUP
RBA_ADMIN,IAMWFSTATUS,RBA_ADMIN.IAMWFSTATUS
RBA_ADMIN,INCIDENTSCHED,RBA_ADMIN.INCIDENTSCHED
RBA_ADMIN,INCIDENTTRACKING,RBA_ADMIN.INCIDENTTRACKING
RBA_ADMIN,INCIDENTTRIGGER,RBA_ADMIN.INCIDENTTRIGGER
RBA_ADMIN,INPUTFILESTATS,RBA_ADMIN.INPUTFILESTATS
RBA_ADMIN,INVALIDBUCKETS,RBA_ADMIN.INVALIDBUCKETS
RBA_ADMIN,JMXHIST,RBA_ADMIN.JMXHIST
RBA_ADMIN,JMXINSTANCE,RBA_ADMIN.JMXINSTANCE
RBA_ADMIN,JMXMBEANGROUP,RBA_ADMIN.JMXMBEANGROUP
RBA_ADMIN,JMXMBEANS,RBA_ADMIN.JMXMBEANS
RBA_ADMIN,JMXMONGROUP,RBA_ADMIN.JMXMONGROUP
RBA_ADMIN,JMXSTATUS,RBA_ADMIN.JMXSTATUS
RBA_ADMIN,JMXTHRESH,RBA_ADMIN.JMXTHRESH
RBA_ADMIN,LARGEACCTRR,RBA_ADMIN.LARGEACCTRR
RBA_ADMIN,LOGDEFS,RBA_ADMIN.LOGDEFS
RBA_ADMIN,LOGFILTER,RBA_ADMIN.LOGFILTER
RBA_ADMIN,LOGFILTERHIST,RBA_ADMIN.LOGFILTERHIST
RBA_ADMIN,LOGSCRAPERPT,RBA_ADMIN.LOGSCRAPERPT
RBA_ADMIN,MFSTATS,RBA_ADMIN.MFSTATS
RBA_ADMIN,MIBITEMS,RBA_ADMIN.MIBITEMS
RBA_ADMIN,NOTIFICATIONGROUP,RBA_ADMIN.NOTIFICATIONGROUP
RBA_ADMIN,NOTIFICATIONHIST,RBA_ADMIN.NOTIFICATIONHIST
RBA_ADMIN,PATHSTATSTABLE,RBA_ADMIN.PATHSTATSTABLE
RBA_ADMIN,PENDINGBILLING,RBA_ADMIN.PENDINGBILLING
RBA_ADMIN,PERFRULE,RBA_ADMIN.PERFRULE
RBA_ADMIN,PERFSTATS,RBA_ADMIN.PERFSTATS
RBA_ADMIN,PERFSTATSRT,RBA_ADMIN.PERFSTATSRT
RBA_ADMIN,PKGACTIVITY,RBA_ADMIN.PKGACTIVITY
RBA_ADMIN,PLUG,RBA_ADMIN.PLUG
RBA_ADMIN,PLUGPOINT,RBA_ADMIN.PLUGPOINT
RBA_ADMIN,PLUGPOINTGROUP,RBA_ADMIN.PLUGPOINTGROUP
RBA_ADMIN,PLUGPOINTHIST,RBA_ADMIN.PLUGPOINTHIST
RBA_ADMIN,PROCSTATUS,RBA_ADMIN.PROCSTATUS
RBA_ADMIN,PROCSTATUSHIST,RBA_ADMIN.PROCSTATUSHIST
RBA_ADMIN,PSUP27579ESGASSIGNMENT,RBA_ADMIN.PSUP27579ESGASSIGNMENT
RBA_ADMIN,PURGECONFIG,RBA_ADMIN.PURGECONFIG
RBA_ADMIN,PVAACCOUNTS,RBA_ADMIN.PVAACCOUNTS
RBA_ADMIN,RATEHOURLY,RBA_ADMIN.RATEHOURLY
RBA_ADMIN,RATEMEMSTATS,RBA_ADMIN.RATEMEMSTATS
RBA_ADMIN,RATEMETRICS,RBA_ADMIN.RATEMETRICS
RBA_ADMIN,RATESTATS,RBA_ADMIN.RATESTATS
RBA_ADMIN,RATESTATSDTL,RBA_ADMIN.RATESTATSDTL
RBA_ADMIN,RBAESGASSIGNMENT,RBA_ADMIN.RBAESGASSIGNMENT
RBA_ADMIN,RBAPARAMS,RBA_ADMIN.RBAPARAMS
RBA_ADMIN,RBAVERSION,RBA_ADMIN.RBAVERSION
RBA_ADMIN,RBAVERSIONHISTORY,RBA_ADMIN.RBAVERSIONHISTORY
RBA_ADMIN,REALTIMEEVENTCNT,RBA_ADMIN.REALTIMEEVENTCNT
RBA_ADMIN,REALTIMEMON,RBA_ADMIN.REALTIMEMON
RBA_ADMIN,REBILLACCTS,RBA_ADMIN.REBILLACCTS
RBA_ADMIN,RECOVERHISTORY,RBA_ADMIN.RECOVERHISTORY
RBA_ADMIN,REMOTEDATABASE,RBA_ADMIN.REMOTEDATABASE
RBA_ADMIN,REMOTEPROCESSDEF,RBA_ADMIN.REMOTEPROCESSDEF
RBA_ADMIN,REPORTCFG,RBA_ADMIN.REPORTCFG
RBA_ADMIN,REPORTGRAPH,RBA_ADMIN.REPORTGRAPH
RBA_ADMIN,REPORTHISTORY,RBA_ADMIN.REPORTHISTORY
RBA_ADMIN,REPORTSCHED,RBA_ADMIN.REPORTSCHED
RBA_ADMIN,REPORTSCHEDHISTORY,RBA_ADMIN.REPORTSCHEDHISTORY
RBA_ADMIN,RERATERQUESTDRIVER,RBA_ADMIN.RERATERQUESTDRIVER
RBA_ADMIN,RERATERQUESTUNIQUE,RBA_ADMIN.RERATERQUESTUNIQUE
RBA_ADMIN,RRESEQRECOVER,RBA_ADMIN.RRESEQRECOVER
RBA_ADMIN,RTRICOLLECT,RBA_ADMIN.RTRICOLLECT
RBA_ADMIN,RTRISTATS,RBA_ADMIN.RTRISTATS
RBA_ADMIN,SAVECOSTEDVENT47,RBA_ADMIN.SAVECOSTEDVENT47
RBA_ADMIN,SAVERERATEREQUEST,RBA_ADMIN.SAVERERATEREQUEST
RBA_ADMIN,SNMPAGENTS,RBA_ADMIN.SNMPAGENTS
RBA_ADMIN,SNMPGROUP,RBA_ADMIN.SNMPGROUP
RBA_ADMIN,SNMPHIST,RBA_ADMIN.SNMPHIST
RBA_ADMIN,SNMPSTATUS,RBA_ADMIN.SNMPSTATUS
RBA_ADMIN,SNMPTRAPLOG,RBA_ADMIN.SNMPTRAPLOG
RBA_ADMIN,SOLUTIONHOSTS,RBA_ADMIN.SOLUTIONHOSTS
RBA_ADMIN,SOLUTIONHOSTSHIST,RBA_ADMIN.SOLUTIONHOSTSHIST
RBA_ADMIN,TASKDIR,RBA_ADMIN.TASKDIR
RBA_ADMIN,TASKSLA,RBA_ADMIN.TASKSLA
RBA_ADMIN,TASKSLAEXCEPTION,RBA_ADMIN.TASKSLAEXCEPTION
RBA_ADMIN,TASKSLAHIST,RBA_ADMIN.TASKSLAHIST
RBA_ADMIN,TEMPCETEST,RBA_ADMIN.TEMPCETEST
RBA_ADMIN,TMPACCTMDNCLEAN,RBA_ADMIN.TMPACCTMDNCLEAN
RBA_ADMIN,TMPCPDUMR,RBA_ADMIN.TMPCPDUMR
RBA_ADMIN,TMPCUSTCPRR,RBA_ADMIN.TMPCUSTCPRR
RBA_ADMIN,TMPRERATELARGE,RBA_ADMIN.TMPRERATELARGE
RBA_ADMIN,TRANSFERHIST,RBA_ADMIN.TRANSFERHIST
RBA_ADMIN,UDMAUDIT,RBA_ADMIN.UDMAUDIT
RBA_ADMIN,UDRAUDIT,RBA_ADMIN.UDRAUDIT
RBA_ADMIN,USERPASS,RBA_ADMIN.USERPASS
RBA_ADMIN,VZW_ACCOUNTPROCESS,RBA_ADMIN.VZW_ACCOUNTPROCESS
RBA_ADMIN,ZENSTATUS,RBA_ADMIN.ZENSTATUS
RBMUBSR,OBR_PROCESSING_LIST,RBMUBSR.OBR_PROCESSING_LIST
RBMUBSR,PRODUCT_LIST,RBMUBSR.PRODUCT_LIST
RBMUBSR,RECON_FULL_PROCESSING_LIST,RBMUBSR.RECON_FULL_PROCESSING_LIST
RBMUBSR,RECON_GATE_VALIDATION_AUDIT,RBMUBSR.RECON_GATE_VALIDATION_AUDIT
RBMUBSR,RECON_MINI_PROCESSING_LIST,RBMUBSR.RECON_MINI_PROCESSING_LIST
RBMUBSR,RECON_NONCUST_PROCESSING_LIST,RBMUBSR.RECON_NONCUST_PROCESSING_LIST
RBMUBSR,RECON_ODR_PROCESSING_LIST,RBMUBSR.RECON_ODR_PROCESSING_LIST
RBMUBSR,RECON_PRBL_PROCESSING_LIST,RBMUBSR.RECON_PRBL_PROCESSING_LIST
RB_CUSTOM,BAAF_CONTENT_U,RB_CUSTOM.BAAF_CONTENT_U
RB_CUSTOM,BANKRUPTCY_CASE_BA,RB_CUSTOM.BANKRUPTCY_CASE_BA
RB_CUSTOM,BANKRUPTCY_CASE_STAT,RB_CUSTOM.BANKRUPTCY_CASE_STAT
RB_CUSTOM,BANKRUPTCY_STAT_CODE,RB_CUSTOM.BANKRUPTCY_STAT_CODE
RB_CUSTOM,BASECONFIG_SERVICEPOLICYCONTROL,RB_CUSTOM.BASECONFIG_SERVICEPOLICYCONTROL
RB_CUSTOM,BA_ADM_FEE_U_ADDL_COL,RB_CUSTOM.BA_ADM_FEE_U_ADDL_COL
RB_CUSTOM,BA_CONTENT_ADDR_TX_GEO,RB_CUSTOM.BA_CONTENT_ADDR_TX_GEO
RB_CUSTOM,BA_CONTENT_CHRG_U,RB_CUSTOM.BA_CONTENT_CHRG_U
RB_CUSTOM,BA_CONT_CHRG_ADDL_INFO,RB_CUSTOM.BA_CONT_CHRG_ADDL_INFO
RB_CUSTOM,BL_ACCT_ADM_FEE_U,RB_CUSTOM.BL_ACCT_ADM_FEE_U
RB_CUSTOM,BL_ACCT_CUST_MTN,RB_CUSTOM.BL_ACCT_CUST_MTN
RB_CUSTOM,BL_ACCT_LN_STAT,RB_CUSTOM.BL_ACCT_LN_STAT
RB_CUSTOM,CATVALIDATIONLOG,RB_CUSTOM.CATVALIDATIONLOG
RB_CUSTOM,CMAF_CALL_ADJ_U,RB_CUSTOM.CMAF_CALL_ADJ_U
RB_CUSTOM,CMAF_CHGBCK_TAX_U,RB_CUSTOM.CMAF_CHGBCK_TAX_U
RB_CUSTOM,CMAF_COMPS_B,RB_CUSTOM.CMAF_COMPS_B
RB_CUSTOM,CMAF_CONTENT_U,RB_CUSTOM.CMAF_CONTENT_U
RB_CUSTOM,CMAF_DATA_USG_U,RB_CUSTOM.CMAF_DATA_USG_U
RB_CUSTOM,CMAF_TXTPIX_U,RB_CUSTOM.CMAF_TXTPIX_U
RB_CUSTOM,CMAF_U,RB_CUSTOM.CMAF_U
RB_CUSTOM,CMD_CONTENT,RB_CUSTOM.CMD_CONTENT
RB_CUSTOM,COMMON_ERROR_TABLE,RB_CUSTOM.COMMON_ERROR_TABLE
RB_CUSTOM,CONTENT_COMPONENTS,RB_CUSTOM.CONTENT_COMPONENTS
RB_CUSTOM,CONTENT_SVC_DLVR_ADDR,RB_CUSTOM.CONTENT_SVC_DLVR_ADDR
RB_CUSTOM,CUST_LN_TX_GEO_CD,RB_CUSTOM.CUST_LN_TX_GEO_CD
RB_CUSTOM,CUST_MTN_TX_GEO_CD,RB_CUSTOM.CUST_MTN_TX_GEO_CD
RB_CUSTOM,EDR_DESC,RB_CUSTOM.EDR_DESC
RB_CUSTOM,EQUIP_CHRG_U,RB_CUSTOM.EQUIP_CHRG_U
RB_CUSTOM,IBI_AUDIT_CNT,RB_CUSTOM.IBI_AUDIT_CNT
RB_CUSTOM,IBI_AUDIT_CNT_OLD,RB_CUSTOM.IBI_AUDIT_CNT_OLD
RB_CUSTOM,IBI_V1_V2_TABLE_XREF,RB_CUSTOM.IBI_V1_V2_TABLE_XREF
RB_CUSTOM,IBI_V1_V2_TABLE_XREF_OLD,RB_CUSTOM.IBI_V1_V2_TABLE_XREF_OLD
RB_CUSTOM,LN_OF_SVC_CUST_BA,RB_CUSTOM.LN_OF_SVC_CUST_BA
RB_CUSTOM,OBR_ACCT_AUDIT,RB_CUSTOM.OBR_ACCT_AUDIT
RB_CUSTOM,OBR_MDN_AUDIT,RB_CUSTOM.OBR_MDN_AUDIT
RB_CUSTOM,RECONCILIATION_TABLE_LIST,RB_CUSTOM.RECONCILIATION_TABLE_LIST
RB_CUSTOM,RECUR_BL_ACCT_FEE,RB_CUSTOM.RECUR_BL_ACCT_FEE
RB_CUSTOM,RECUR_MTN_ADM_FEE,RB_CUSTOM.RECUR_MTN_ADM_FEE
RB_CUSTOM,REF_JITR_BL_PROC_RULES,RB_CUSTOM.REF_JITR_BL_PROC_RULES
RB_CUSTOM,ROAMING_USAGE_PROCESS_DETAILS,RB_CUSTOM.ROAMING_USAGE_PROCESS_DETAILS
RB_CUSTOM,TAP_OUTCOLLECT_ROUTING,RB_CUSTOM.TAP_OUTCOLLECT_ROUTING
RB_CUSTOM,TAP_OUTCOLLECT_ROUTING_UBSR,RB_CUSTOM.TAP_OUTCOLLECT_ROUTING_UBSR
RB_CUSTOM,TMPACCPRODLIST,RB_CUSTOM.TMPACCPRODLIST
RB_CUSTOM,V2_CONVERT_REQUEST,RB_CUSTOM.V2_CONVERT_REQUEST
RB_CUSTOM,VALIDATION_IGNORE_MSG,RB_CUSTOM.VALIDATION_IGNORE_MSG
RB_CUSTOM,VZACCATTRDETAILS,RB_CUSTOM.VZACCATTRDETAILS
RB_CUSTOM,VZACCATTRDETAILS_BKP,RB_CUSTOM.VZACCATTRDETAILS_BKP
RB_CUSTOM,VZACCATTRIBUTE,RB_CUSTOM.VZACCATTRIBUTE
RB_CUSTOM,VZACCCUTOVER,RB_CUSTOM.VZACCCUTOVER
RB_CUSTOM,VZACCMTNUSAGESUMMARY,RB_CUSTOM.VZACCMTNUSAGESUMMARY
RB_CUSTOM,VZACCMULTIATTRDETAILS,RB_CUSTOM.VZACCMULTIATTRDETAILS
RB_CUSTOM,VZACCOUNTRATINGSUMMARY,RB_CUSTOM.VZACCOUNTRATINGSUMMARY
RB_CUSTOM,VZACCOUNTRATINGSUMMARY_PP,RB_CUSTOM.VZACCOUNTRATINGSUMMARY_PP
RB_CUSTOM,VZACCPREBILLDATA,RB_CUSTOM.VZACCPREBILLDATA
RB_CUSTOM,VZACCTBANKRUPTCYDTLS,RB_CUSTOM.VZACCTBANKRUPTCYDTLS
RB_CUSTOM,VZACCTMOCLINES,RB_CUSTOM.VZACCTMOCLINES
RB_CUSTOM,VZADJFINCOMPDTLS,RB_CUSTOM.VZADJFINCOMPDTLS
RB_CUSTOM,VZAIRPRODUCT,RB_CUSTOM.VZAIRPRODUCT
RB_CUSTOM,VZALPHASSUBSCRIPTION,RB_CUSTOM.VZALPHASSUBSCRIPTION
RB_CUSTOM,VZBAEXEMPTTMPL,RB_CUSTOM.VZBAEXEMPTTMPL
RB_CUSTOM,VZBASELATEFEEFDATA,RB_CUSTOM.VZBASELATEFEEFDATA
RB_CUSTOM,VZBILLALPSHARECHARGE,RB_CUSTOM.VZBILLALPSHARECHARGE
RB_CUSTOM,VZBILLCONTENTSHARE,RB_CUSTOM.VZBILLCONTENTSHARE
RB_CUSTOM,VZBILLINGAUDIT,RB_CUSTOM.VZBILLINGAUDIT
RB_CUSTOM,VZBILLINGERRORACTION,RB_CUSTOM.VZBILLINGERRORACTION
RB_CUSTOM,VZBILLINGERRORACTIONAUDIT,RB_CUSTOM.VZBILLINGERRORACTIONAUDIT
RB_CUSTOM,VZBILLINGFLOWDEPENDENCIES,RB_CUSTOM.VZBILLINGFLOWDEPENDENCIES
RB_CUSTOM,VZBILLINGFLOWLOG,RB_CUSTOM.VZBILLINGFLOWLOG
RB_CUSTOM,VZBILLPRODUCTSHARECHARGE,RB_CUSTOM.VZBILLPRODUCTSHARECHARGE
RB_CUSTOM,VZBILLRECEIVABLELOAN,RB_CUSTOM.VZBILLRECEIVABLELOAN
RB_CUSTOM,VZBILLRUNSTATUS,RB_CUSTOM.VZBILLRUNSTATUS
RB_CUSTOM,VZBILLSGCHARGE,RB_CUSTOM.VZBILLSGCHARGE
RB_CUSTOM,VZBILLSUMMARYEXT,RB_CUSTOM.VZBILLSUMMARYEXT
RB_CUSTOM,VZBILLSUMMARYEXTTEST,RB_CUSTOM.VZBILLSUMMARYEXTTEST
RB_CUSTOM,VZBLPROCRULES,RB_CUSTOM.VZBLPROCRULES
RB_CUSTOM,VZCHARGEHASDISCOUNTREVRSL,RB_CUSTOM.VZCHARGEHASDISCOUNTREVRSL
RB_CUSTOM,VZCONVERGENTTAXDETAILS,RB_CUSTOM.VZCONVERGENTTAXDETAILS
RB_CUSTOM,VZCPI_DB_CONN_PROPERTIES,RB_CUSTOM.VZCPI_DB_CONN_PROPERTIES
RB_CUSTOM,VZCPI_HIJACK_SCHEMA,RB_CUSTOM.VZCPI_HIJACK_SCHEMA
RB_CUSTOM,VZCPI_RBM_RECON,RB_CUSTOM.VZCPI_RBM_RECON
RB_CUSTOM,VZCPI_RBM_RECON_RESULT,RB_CUSTOM.VZCPI_RBM_RECON_RESULT
RB_CUSTOM,VZCPI_RBM_RECON_RUN_LOG,RB_CUSTOM.VZCPI_RBM_RECON_RUN_LOG
RB_CUSTOM,VZCUSTATTRDETAILS,RB_CUSTOM.VZCUSTATTRDETAILS
RB_CUSTOM,VZCUSTATTRDETAILS_BKP,RB_CUSTOM.VZCUSTATTRDETAILS_BKP
RB_CUSTOM,VZCUSTATTRIBUTE,RB_CUSTOM.VZCUSTATTRIBUTE
RB_CUSTOM,VZCUSTLINEINFO,RB_CUSTOM.VZCUSTLINEINFO
RB_CUSTOM,VZCUSTMTN,RB_CUSTOM.VZCUSTMTN
RB_CUSTOM,VZCUSTMTN_BK19,RB_CUSTOM.VZCUSTMTN_BK19
RB_CUSTOM,VZCUSTOVERRIDEBILLDISCOUNT,RB_CUSTOM.VZCUSTOVERRIDEBILLDISCOUNT
RB_CUSTOM,VZCUSTPRODSTATICATTR,RB_CUSTOM.VZCUSTPRODSTATICATTR
RB_CUSTOM,VZCUSTPRODSTATICATTR_MAPPING,RB_CUSTOM.VZCUSTPRODSTATICATTR_MAPPING
RB_CUSTOM,VZCUSTTYPCODEDETAILS,RB_CUSTOM.VZCUSTTYPCODEDETAILS
RB_CUSTOM,VZCUSTTYPCODEDETAILS_BKP,RB_CUSTOM.VZCUSTTYPCODEDETAILS_BKP
RB_CUSTOM,VZCYCLEGATEVALIDATION,RB_CUSTOM.VZCYCLEGATEVALIDATION
RB_CUSTOM,VZDACCEQUIPINFO,RB_CUSTOM.VZDACCEQUIPINFO
RB_CUSTOM,VZDATAEVENTPRODMAP,RB_CUSTOM.VZDATAEVENTPRODMAP
RB_CUSTOM,VZDATAEVENTPRODMAPFULL,RB_CUSTOM.VZDATAEVENTPRODMAPFULL
RB_CUSTOM,VZDEVICEFINCOMPDTLS,RB_CUSTOM.VZDEVICEFINCOMPDTLS
RB_CUSTOM,VZDEVICERENTALCONTRACT,RB_CUSTOM.VZDEVICERENTALCONTRACT
RB_CUSTOM,VZECPDATTRDETAILS,RB_CUSTOM.VZECPDATTRDETAILS
RB_CUSTOM,VZECPDATTRIBUTE,RB_CUSTOM.VZECPDATTRIBUTE
RB_CUSTOM,VZECPDBMOUSAGE,RB_CUSTOM.VZECPDBMOUSAGE
RB_CUSTOM,VZECPDLINEINFO,RB_CUSTOM.VZECPDLINEINFO
RB_CUSTOM,VZECPDMULTIATTRDETAILS,RB_CUSTOM.VZECPDMULTIATTRDETAILS
RB_CUSTOM,VZECPDOTLINESACCOUNTS,RB_CUSTOM.VZECPDOTLINESACCOUNTS
RB_CUSTOM,VZECPDPTFRULEDTL,RB_CUSTOM.VZECPDPTFRULEDTL
RB_CUSTOM,VZECPDPTFRULEHDR,RB_CUSTOM.VZECPDPTFRULEHDR
RB_CUSTOM,VZECPDTIEREXCEPTION,RB_CUSTOM.VZECPDTIEREXCEPTION
RB_CUSTOM,VZEPCPRODBOOKINGINFO,RB_CUSTOM.VZEPCPRODBOOKINGINFO
RB_CUSTOM,VZEVENTSOURCESTATUS,RB_CUSTOM.VZEVENTSOURCESTATUS
RB_CUSTOM,VZEXEMPTTMPLTXTYP,RB_CUSTOM.VZEXEMPTTMPLTXTYP
RB_CUSTOM,VZFEATUREFLAG,RB_CUSTOM.VZFEATUREFLAG
RB_CUSTOM,VZFINCOMPDTLS,RB_CUSTOM.VZFINCOMPDTLS
RB_CUSTOM,VZFINCOMPDTLSOVERRIDE,RB_CUSTOM.VZFINCOMPDTLSOVERRIDE
RB_CUSTOM,VZFINCOMPDTLS_BKP,RB_CUSTOM.VZFINCOMPDTLS_BKP
RB_CUSTOM,VZGATEDEFINITION,RB_CUSTOM.VZGATEDEFINITION
RB_CUSTOM,VZINSURANCEFINCOMPDTLS,RB_CUSTOM.VZINSURANCEFINCOMPDTLS
RB_CUSTOM,VZINVOLCHURN,RB_CUSTOM.VZINVOLCHURN
RB_CUSTOM,VZINVOLCHURNCREDITSAUDIT,RB_CUSTOM.VZINVOLCHURNCREDITSAUDIT
RB_CUSTOM,VZLARGEACCOUNTDATADETAILS,RB_CUSTOM.VZLARGEACCOUNTDATADETAILS
RB_CUSTOM,VZLARGEACCOUNTDATASUMMARY,RB_CUSTOM.VZLARGEACCOUNTDATASUMMARY
RB_CUSTOM,VZLATEFEECOMPAREDATA,RB_CUSTOM.VZLATEFEECOMPAREDATA
RB_CUSTOM,VZLFPDETAILS,RB_CUSTOM.VZLFPDETAILS
RB_CUSTOM,VZLNADDLDVCINFO,RB_CUSTOM.VZLNADDLDVCINFO
RB_CUSTOM,VZLNSVCRELSTAT,RB_CUSTOM.VZLNSVCRELSTAT
RB_CUSTOM,VZMTNDOWNTIMEDTLS,RB_CUSTOM.VZMTNDOWNTIMEDTLS
RB_CUSTOM,VZMTNSTATUS,RB_CUSTOM.VZMTNSTATUS
RB_CUSTOM,VZNALBACCHASONETIMECHARGE,RB_CUSTOM.VZNALBACCHASONETIMECHARGE
RB_CUSTOM,VZNALBADJUSTMENT,RB_CUSTOM.VZNALBADJUSTMENT
RB_CUSTOM,VZNALBBILLSUMMARY,RB_CUSTOM.VZNALBBILLSUMMARY
RB_CUSTOM,VZNALBFAILEDRUNS,RB_CUSTOM.VZNALBFAILEDRUNS
RB_CUSTOM,VZNALBPRODUCTCHARGE,RB_CUSTOM.VZNALBPRODUCTCHARGE
RB_CUSTOM,VZNALBUSAGECHARGE,RB_CUSTOM.VZNALBUSAGECHARGE
RB_CUSTOM,VZOTCFINCOMPDTLS,RB_CUSTOM.VZOTCFINCOMPDTLS
RB_CUSTOM,VZOTCFINCOMPDTLS_BKP,RB_CUSTOM.VZOTCFINCOMPDTLS_BKP
RB_CUSTOM,VZPAIRINGDISCOUNTINFO,RB_CUSTOM.VZPAIRINGDISCOUNTINFO
RB_CUSTOM,VZPAYALLOCATIONTOBILLDELETE,RB_CUSTOM.VZPAYALLOCATIONTOBILLDELETE
RB_CUSTOM,VZPHYSICALACCBILLPROFILE,RB_CUSTOM.VZPHYSICALACCBILLPROFILE
RB_CUSTOM,VZPILATEFEERULE,RB_CUSTOM.VZPILATEFEERULE
RB_CUSTOM,VZPI_API_INVOKE_DTLS,RB_CUSTOM.VZPI_API_INVOKE_DTLS
RB_CUSTOM,VZPI_API_SRC_SPECIFIC_DTLS,RB_CUSTOM.VZPI_API_SRC_SPECIFIC_DTLS
RB_CUSTOM,VZPI_EPC_CPI_LOCK,RB_CUSTOM.VZPI_EPC_CPI_LOCK
RB_CUSTOM,VZPI_EPC_FILTER_MAP,RB_CUSTOM.VZPI_EPC_FILTER_MAP
RB_CUSTOM,VZPI_EPC_PAYLOAD_DTLS,RB_CUSTOM.VZPI_EPC_PAYLOAD_DTLS
RB_CUSTOM,VZPI_EPC_V2_AUDIT,RB_CUSTOM.VZPI_EPC_V2_AUDIT
RB_CUSTOM,VZPI_FLOW_DETAILS,RB_CUSTOM.VZPI_FLOW_DETAILS
RB_CUSTOM,VZPI_REF_DATA_STATUS,RB_CUSTOM.VZPI_REF_DATA_STATUS
RB_CUSTOM,VZPI_SRC_INPUT_DATA,RB_CUSTOM.VZPI_SRC_INPUT_DATA
RB_CUSTOM,VZPI_SRC_PAYLOAD_MAP,RB_CUSTOM.VZPI_SRC_PAYLOAD_MAP
RB_CUSTOM,VZPI_UBSR_INPUT_DATA,RB_CUSTOM.VZPI_UBSR_INPUT_DATA
RB_CUSTOM,VZPRCRULECRITERVAL,RB_CUSTOM.VZPRCRULECRITERVAL
RB_CUSTOM,VZPREBILLPROCESSSUMMARY,RB_CUSTOM.VZPREBILLPROCESSSUMMARY
RB_CUSTOM,VZPRICE_TIER_SCHEME,RB_CUSTOM.VZPRICE_TIER_SCHEME
RB_CUSTOM,VZPROCESSPLANDISTRIBUTION,RB_CUSTOM.VZPROCESSPLANDISTRIBUTION
RB_CUSTOM,VZPRODCATCLASSMAP,RB_CUSTOM.VZPRODCATCLASSMAP
RB_CUSTOM,VZPRODLISTPRICE,RB_CUSTOM.VZPRODLISTPRICE
RB_CUSTOM,VZPRODOVRIDEPROC,RB_CUSTOM.VZPRODOVRIDEPROC
RB_CUSTOM,VZPRODUCTATTRIBUTE,RB_CUSTOM.VZPRODUCTATTRIBUTE
RB_CUSTOM,VZPRODUCTDTLS,RB_CUSTOM.VZPRODUCTDTLS
RB_CUSTOM,VZPRODUCTTIERINFO,RB_CUSTOM.VZPRODUCTTIERINFO
RB_CUSTOM,VZRCACCOUNTRATINGSUMMARY,RB_CUSTOM.VZRCACCOUNTRATINGSUMMARY
RB_CUSTOM,VZRCBLACCTBILL,RB_CUSTOM.VZRCBLACCTBILL
RB_CUSTOM,VZRCBLCYCPROCINFO,RB_CUSTOM.VZRCBLCYCPROCINFO
RB_CUSTOM,VZRCBLMTNOFFERTYPE,RB_CUSTOM.VZRCBLMTNOFFERTYPE
RB_CUSTOM,VZRCBLMTNSUM,RB_CUSTOM.VZRCBLMTNSUM
RB_CUSTOM,VZRCINBOUNDREJECTED,RB_CUSTOM.VZRCINBOUNDREJECTED
RB_CUSTOM,VZRCPROFILECODE,RB_CUSTOM.VZRCPROFILECODE
RB_CUSTOM,VZRCPROFILEINFO,RB_CUSTOM.VZRCPROFILEINFO
RB_CUSTOM,VZRCUSAGETABLEINFO,RB_CUSTOM.VZRCUSAGETABLEINFO
RB_CUSTOM,VZSAFESLAMTNDTL,RB_CUSTOM.VZSAFESLAMTNDTL
RB_CUSTOM,VZSCHEDULE,RB_CUSTOM.VZSCHEDULE
RB_CUSTOM,VZSFOFFRPROCESS,RB_CUSTOM.VZSFOFFRPROCESS
RB_CUSTOM,VZSIDBID,RB_CUSTOM.VZSIDBID
RB_CUSTOM,VZSLCBLACCTPPOVRCOMP,RB_CUSTOM.VZSLCBLACCTPPOVRCOMP
RB_CUSTOM,VZSLCFUNDREQNO,RB_CUSTOM.VZSLCFUNDREQNO
RB_CUSTOM,VZSUBACCOUNTBILLDATA,RB_CUSTOM.VZSUBACCOUNTBILLDATA
RB_CUSTOM,VZSUBACCOUNTBILLSUMMARY,RB_CUSTOM.VZSUBACCOUNTBILLSUMMARY
RB_CUSTOM,VZSVCPRODATTR,RB_CUSTOM.VZSVCPRODATTR
RB_CUSTOM,VZSVCPRODCAT,RB_CUSTOM.VZSVCPRODCAT
RB_CUSTOM,VZTASKMASTERACTIVE,RB_CUSTOM.VZTASKMASTERACTIVE
RB_CUSTOM,VZTAXCLASSMAP,RB_CUSTOM.VZTAXCLASSMAP
RB_CUSTOM,VZTAXGEOLVL,RB_CUSTOM.VZTAXGEOLVL
RB_CUSTOM,VZTAXTEMPLATEDETAILS,RB_CUSTOM.VZTAXTEMPLATEDETAILS
RB_CUSTOM,VZTIERSCHEMEGROUPTIER,RB_CUSTOM.VZTIERSCHEMEGROUPTIER
RB_CUSTOM,VZTIERSCHEMEPRICECRITERIA,RB_CUSTOM.VZTIERSCHEMEPRICECRITERIA
RB_CUSTOM,VZTIERSCHEMEPRICEINFO,RB_CUSTOM.VZTIERSCHEMEPRICEINFO
RB_CUSTOM,VZTIERSCHEMETIERDISCOUNT,RB_CUSTOM.VZTIERSCHEMETIERDISCOUNT
RB_CUSTOM,VZTIERSCHEMETIERFINCOMPS,RB_CUSTOM.VZTIERSCHEMETIERFINCOMPS
RB_CUSTOM,VZUSAGETABLEINFO,RB_CUSTOM.VZUSAGETABLEINFO
RB_CUSTOM,VZUSAGETABLEINFO_PP,RB_CUSTOM.VZUSAGETABLEINFO_PP
RB_CUSTOM,VZVISION2_VERSIONS,RB_CUSTOM.VZVISION2_VERSIONS
RB_CUSTOM,VZVOLTEBSNSGRP,RB_CUSTOM.VZVOLTEBSNSGRP
RB_CUSTOM,VZVOLTEBSNSLNGRP,RB_CUSTOM.VZVOLTEBSNSLNGRP
RB_CUSTOM,VZVOLTEDETAILS,RB_CUSTOM.VZVOLTEDETAILS
RB_CUSTOM,VZVOLTESTAGING,RB_CUSTOM.VZVOLTESTAGING
RB_CUSTOM,VZVOLTESTAGING_BKP,RB_CUSTOM.VZVOLTESTAGING_BKP
RB_CUSTOM,VZVOLTESTAGING_HIST,RB_CUSTOM.VZVOLTESTAGING_HIST
RB_CUSTOM,VZWACCAUDIT,RB_CUSTOM.VZWACCAUDIT
RB_CUSTOM,VZWACCCUBAUDITSTATS,RB_CUSTOM.VZWACCCUBAUDITSTATS
RB_CUSTOM,VZWACCOUNTMDNCOUNT,RB_CUSTOM.VZWACCOUNTMDNCOUNT
RB_CUSTOM,VZWCONTENTPILOTMODEINPUT,RB_CUSTOM.VZWCONTENTPILOTMODEINPUT
RB_CUSTOM,VZWCONTENTPILOTMODEINPUT_BKP,RB_CUSTOM.VZWCONTENTPILOTMODEINPUT_BKP
RB_CUSTOM,VZWCONTENTPILOTMODEOUTPUT,RB_CUSTOM.VZWCONTENTPILOTMODEOUTPUT
RB_CUSTOM,VZWCONTENTSQLITEAUDIT,RB_CUSTOM.VZWCONTENTSQLITEAUDIT
RB_CUSTOM,VZWDUPCHECKCONTROL,RB_CUSTOM.VZWDUPCHECKCONTROL
RB_CUSTOM,VZWEOCACC,RB_CUSTOM.VZWEOCACC
RB_CUSTOM,VZWEOCACCEXTRACTED,RB_CUSTOM.VZWEOCACCEXTRACTED
RB_CUSTOM,VZWEOCINTLROAMEXTRACTED,RB_CUSTOM.VZWEOCINTLROAMEXTRACTED
RB_CUSTOM,VZWEOCINTLROAMREPORTSTATUS,RB_CUSTOM.VZWEOCINTLROAMREPORTSTATUS
RB_CUSTOM,VZWFALCONDMLAUDIT,RB_CUSTOM.VZWFALCONDMLAUDIT
RB_CUSTOM,VZWFALCONFEEDENRICHMENT,RB_CUSTOM.VZWFALCONFEEDENRICHMENT
RB_CUSTOM,VZWFALCONFEEDMETADATA,RB_CUSTOM.VZWFALCONFEEDMETADATA
RB_CUSTOM,VZWFALCONGROUPEXECSTATE,RB_CUSTOM.VZWFALCONGROUPEXECSTATE
RB_CUSTOM,VZWFALCONJOBEXECUTION,RB_CUSTOM.VZWFALCONJOBEXECUTION
RB_CUSTOM,VZWFALCONREJECT,RB_CUSTOM.VZWFALCONREJECT
RB_CUSTOM,VZWNAPITIERRATEREF,RB_CUSTOM.VZWNAPITIERRATEREF
RB_CUSTOM,VZWRCEXCLUDE,RB_CUSTOM.VZWRCEXCLUDE
RB_CUSTOM,VZWRCINCLUDE,RB_CUSTOM.VZWRCINCLUDE
RB_CUSTOM,VZWRCRUNAUDIT,RB_CUSTOM.VZWRCRUNAUDIT
RB_CUSTOM,VZWSVCPROCRULE,RB_CUSTOM.VZWSVCPROCRULE
RB_CUSTOM,VZWVOLTEACCBSNSID,RB_CUSTOM.VZWVOLTEACCBSNSID
RB_CUSTOM,VZWVOLTEACCDETAILS,RB_CUSTOM.VZWVOLTEACCDETAILS
RB_CUSTOM,VZW_ACCAPOISEQUENCE,RB_CUSTOM.VZW_ACCAPOISEQUENCE
RB_CUSTOM,VZW_ACCHASUSAGESUMMREQUEST,RB_CUSTOM.VZW_ACCHASUSAGESUMMREQUEST
RB_CUSTOM,VZW_ACCOUNTHASRATECHARGE,RB_CUSTOM.VZW_ACCOUNTHASRATECHARGE
RB_CUSTOM,VZW_ACCSUMMARYSPLIT,RB_CUSTOM.VZW_ACCSUMMARYSPLIT
RB_CUSTOM,VZW_ACCTDPTARIFFDETAILS,RB_CUSTOM.VZW_ACCTDPTARIFFDETAILS
RB_CUSTOM,VZW_ACCUSAGESLABINFO,RB_CUSTOM.VZW_ACCUSAGESLABINFO
RB_CUSTOM,VZW_ALERT,RB_CUSTOM.VZW_ALERT
RB_CUSTOM,VZW_ALERTFAILOVER,RB_CUSTOM.VZW_ALERTFAILOVER
RB_CUSTOM,VZW_ALERTHISTORY,RB_CUSTOM.VZW_ALERTHISTORY
RB_CUSTOM,VZW_ALERTMQLOG,RB_CUSTOM.VZW_ALERTMQLOG
RB_CUSTOM,VZW_ALERTTYPE,RB_CUSTOM.VZW_ALERTTYPE
RB_CUSTOM,VZW_ALERTTYPEMAP,RB_CUSTOM.VZW_ALERTTYPEMAP
RB_CUSTOM,VZW_AOKBYDGCYCLE,RB_CUSTOM.VZW_AOKBYDGCYCLE
RB_CUSTOM,VZW_APILOGMESSAGE,RB_CUSTOM.VZW_APILOGMESSAGE
RB_CUSTOM,VZW_ARES_BKP,RB_CUSTOM.VZW_ARES_BKP
RB_CUSTOM,VZW_BCCHARGESUMMARY,RB_CUSTOM.VZW_BCCHARGESUMMARY
RB_CUSTOM,VZW_BCSCONTENTAUDITLOG,RB_CUSTOM.VZW_BCSCONTENTAUDITLOG
RB_CUSTOM,VZW_BCSCONTENTDISCREPANCY,RB_CUSTOM.VZW_BCSCONTENTDISCREPANCY
RB_CUSTOM,VZW_BIGOEFRHANDLER,RB_CUSTOM.VZW_BIGOEFRHANDLER
RB_CUSTOM,VZW_BONUSREQUEST,RB_CUSTOM.VZW_BONUSREQUEST
RB_CUSTOM,VZW_CATALOGUEREPLICATIONLOG,RB_CUSTOM.VZW_CATALOGUEREPLICATIONLOG
RB_CUSTOM,VZW_CATLIFECYCLEMGNT,RB_CUSTOM.VZW_CATLIFECYCLEMGNT
RB_CUSTOM,VZW_CATPROMOTIONHIST,RB_CUSTOM.VZW_CATPROMOTIONHIST
RB_CUSTOM,VZW_CAT_LIFECYCLE_ERROR_LOG,RB_CUSTOM.VZW_CAT_LIFECYCLE_ERROR_LOG
RB_CUSTOM,VZW_CAT_LIFECYCLE_RUNNING_LOG,RB_CUSTOM.VZW_CAT_LIFECYCLE_RUNNING_LOG
RB_CUSTOM,VZW_CONTENTGATEVALIDATION,RB_CUSTOM.VZW_CONTENTGATEVALIDATION
RB_CUSTOM,VZW_CONTENTREJECTEVENTS,RB_CUSTOM.VZW_CONTENTREJECTEVENTS
RB_CUSTOM,VZW_CONTENTUSAGEINFO,RB_CUSTOM.VZW_CONTENTUSAGEINFO
RB_CUSTOM,VZW_CONTENTUSAGEINFO_TERM_HIST,RB_CUSTOM.VZW_CONTENTUSAGEINFO_TERM_HIST
RB_CUSTOM,VZW_CONTENTUSAGESUMMARY,RB_CUSTOM.VZW_CONTENTUSAGESUMMARY
RB_CUSTOM,VZW_CPARAMS,RB_CUSTOM.VZW_CPARAMS
RB_CUSTOM,VZW_CPARAMS_20210723_105002,RB_CUSTOM.VZW_CPARAMS_20210723_105002
RB_CUSTOM,VZW_CPARAMS_20210723_105346,RB_CUSTOM.VZW_CPARAMS_20210723_105346
RB_CUSTOM,VZW_CPARAMS_20210723_111942,RB_CUSTOM.VZW_CPARAMS_20210723_111942
RB_CUSTOM,VZW_CPARAMS_20210723_135858,RB_CUSTOM.VZW_CPARAMS_20210723_135858
RB_CUSTOM,VZW_CPARAMS_20210726_152552,RB_CUSTOM.VZW_CPARAMS_20210726_152552
RB_CUSTOM,VZW_CPARAMS_20210726_165628,RB_CUSTOM.VZW_CPARAMS_20210726_165628
RB_CUSTOM,VZW_CPARAMS_20210726_184135,RB_CUSTOM.VZW_CPARAMS_20210726_184135
RB_CUSTOM,VZW_CPARAMS_20210726_204641,RB_CUSTOM.VZW_CPARAMS_20210726_204641
RB_CUSTOM,VZW_CPARAMS_20210727_131035,RB_CUSTOM.VZW_CPARAMS_20210727_131035
RB_CUSTOM,VZW_CPARAMS_20210727_140511,RB_CUSTOM.VZW_CPARAMS_20210727_140511
RB_CUSTOM,VZW_CPARAMS_20210915_045219,RB_CUSTOM.VZW_CPARAMS_20210915_045219
RB_CUSTOM,VZW_CPARAMS_20210930_072305,RB_CUSTOM.VZW_CPARAMS_20210930_072305
RB_CUSTOM,VZW_CPARAMS_20210930_111124,RB_CUSTOM.VZW_CPARAMS_20210930_111124
RB_CUSTOM,VZW_CPARAMS_20210930_144411,RB_CUSTOM.VZW_CPARAMS_20210930_144411
RB_CUSTOM,VZW_CPARAMS_20211001_015917,RB_CUSTOM.VZW_CPARAMS_20211001_015917
RB_CUSTOM,VZW_CPARAMS_20211001_020046,RB_CUSTOM.VZW_CPARAMS_20211001_020046
RB_CUSTOM,VZW_CPARAMS_20211227_013407,RB_CUSTOM.VZW_CPARAMS_20211227_013407
RB_CUSTOM,VZW_CPARAMS_20211228_020842,RB_CUSTOM.VZW_CPARAMS_20211228_020842
RB_CUSTOM,VZW_CPARAMS_20211229_041723,RB_CUSTOM.VZW_CPARAMS_20211229_041723
RB_CUSTOM,VZW_CPARAMS_20211229_080908,RB_CUSTOM.VZW_CPARAMS_20211229_080908
RB_CUSTOM,VZW_CPARAMS_20211231_054834,RB_CUSTOM.VZW_CPARAMS_20211231_054834
RB_CUSTOM,VZW_CPARAMS_20220228_044456,RB_CUSTOM.VZW_CPARAMS_20220228_044456
RB_CUSTOM,VZW_CPARAMS_20220429_093315,RB_CUSTOM.VZW_CPARAMS_20220429_093315
RB_CUSTOM,VZW_CPARAMS_20220503_080851,RB_CUSTOM.VZW_CPARAMS_20220503_080851
RB_CUSTOM,VZW_CPARAMS_20220628_091947,RB_CUSTOM.VZW_CPARAMS_20220628_091947
RB_CUSTOM,VZW_CPARAMS_20220629_050611,RB_CUSTOM.VZW_CPARAMS_20220629_050611
RB_CUSTOM,VZW_CPARAMS_20220630_053911,RB_CUSTOM.VZW_CPARAMS_20220630_053911
RB_CUSTOM,VZW_CPARAMS_20220928_061544,RB_CUSTOM.VZW_CPARAMS_20220928_061544
RB_CUSTOM,VZW_CPARAMS_20221027_072231,RB_CUSTOM.VZW_CPARAMS_20221027_072231
RB_CUSTOM,VZW_CPARAMS_20221028_050745,RB_CUSTOM.VZW_CPARAMS_20221028_050745
RB_CUSTOM,VZW_CPARAMS_20221219_083634,RB_CUSTOM.VZW_CPARAMS_20221219_083634
RB_CUSTOM,VZW_CPARAMS_20230221_084725,RB_CUSTOM.VZW_CPARAMS_20230221_084725
RB_CUSTOM,VZW_CPARAMS_20230503_065558,RB_CUSTOM.VZW_CPARAMS_20230503_065558
RB_CUSTOM,VZW_CPARAMS_20230706_054806,RB_CUSTOM.VZW_CPARAMS_20230706_054806
RB_CUSTOM,VZW_CPARAMS_20230728_020516,RB_CUSTOM.VZW_CPARAMS_20230728_020516
RB_CUSTOM,VZW_CPARAMS_20230922_011531,RB_CUSTOM.VZW_CPARAMS_20230922_011531
RB_CUSTOM,VZW_CPARAMS_20231016_015026,RB_CUSTOM.VZW_CPARAMS_20231016_015026
RB_CUSTOM,VZW_CPARAMS_20231026_070257,RB_CUSTOM.VZW_CPARAMS_20231026_070257
RB_CUSTOM,VZW_CPARAMS_20231026_183137,RB_CUSTOM.VZW_CPARAMS_20231026_183137
RB_CUSTOM,VZW_CPARAMS_20231221_215804,RB_CUSTOM.VZW_CPARAMS_20231221_215804
RB_CUSTOM,VZW_CPARAMS_20240112_134830,RB_CUSTOM.VZW_CPARAMS_20240112_134830
RB_CUSTOM,VZW_CPARAMS_20240207_050711,RB_CUSTOM.VZW_CPARAMS_20240207_050711
RB_CUSTOM,VZW_CPARAMS_20240207_121327,RB_CUSTOM.VZW_CPARAMS_20240207_121327
RB_CUSTOM,VZW_CPARAMS_20240312_114025,RB_CUSTOM.VZW_CPARAMS_20240312_114025
RB_CUSTOM,VZW_CPARAMS_20240321_040042,RB_CUSTOM.VZW_CPARAMS_20240321_040042
RB_CUSTOM,VZW_CPARAMS_20240515_132150,RB_CUSTOM.VZW_CPARAMS_20240515_132150
RB_CUSTOM,VZW_CPARAMS_20240531_072446,RB_CUSTOM.VZW_CPARAMS_20240531_072446
RB_CUSTOM,VZW_CPARAMS_20240726_070708,RB_CUSTOM.VZW_CPARAMS_20240726_070708
RB_CUSTOM,VZW_CPARAMS_20240812_085727,RB_CUSTOM.VZW_CPARAMS_20240812_085727
RB_CUSTOM,VZW_CPARAMS_20241015_030834,RB_CUSTOM.VZW_CPARAMS_20241015_030834
RB_CUSTOM,VZW_CPARAMS_20241024_070743,RB_CUSTOM.VZW_CPARAMS_20241024_070743
RB_CUSTOM,VZW_CPARAMS_20250604_072215,RB_CUSTOM.VZW_CPARAMS_20250604_072215
RB_CUSTOM,VZW_CPARAMS_20250723_045301,RB_CUSTOM.VZW_CPARAMS_20250723_045301
RB_CUSTOM,VZW_CPARAMS_20250804_045556,RB_CUSTOM.VZW_CPARAMS_20250804_045556
RB_CUSTOM,VZW_CPARAMS_20250812_060540,RB_CUSTOM.VZW_CPARAMS_20250812_060540
RB_CUSTOM,VZW_CPARAMS_20250826_083324,RB_CUSTOM.VZW_CPARAMS_20250826_083324
RB_CUSTOM,VZW_CPARAMS_20250907_104147,RB_CUSTOM.VZW_CPARAMS_20250907_104147
RB_CUSTOM,VZW_CPARAMS_20250908_144242,RB_CUSTOM.VZW_CPARAMS_20250908_144242
RB_CUSTOM,VZW_CUBFFILEAUDITSTATS,RB_CUSTOM.VZW_CUBFFILEAUDITSTATS
RB_CUSTOM,VZW_CUSTOMLOGCONFIG,RB_CUSTOM.VZW_CUSTOMLOGCONFIG
RB_CUSTOM,VZW_CUSTOMPROCESSLOGS,RB_CUSTOM.VZW_CUSTOMPROCESSLOGS
RB_CUSTOM,VZW_DAILYUSAGEEXTRACT,RB_CUSTOM.VZW_DAILYUSAGEEXTRACT
RB_CUSTOM,VZW_DAILYUSAGEEXTRACTAUDIT,RB_CUSTOM.VZW_DAILYUSAGEEXTRACTAUDIT
RB_CUSTOM,VZW_DAILY_AUDIT_SUMMARY,RB_CUSTOM.VZW_DAILY_AUDIT_SUMMARY
RB_CUSTOM,VZW_DATACAPSTRIKECOUNT,RB_CUSTOM.VZW_DATACAPSTRIKECOUNT
RB_CUSTOM,VZW_DATACAPSTRIKEHISTORY,RB_CUSTOM.VZW_DATACAPSTRIKEHISTORY
RB_CUSTOM,VZW_DATAUSAGEKEYS_1,RB_CUSTOM.VZW_DATAUSAGEKEYS_1
RB_CUSTOM,VZW_DATAUSAGEKEYS_10,RB_CUSTOM.VZW_DATAUSAGEKEYS_10
RB_CUSTOM,VZW_DATAUSAGEKEYS_11,RB_CUSTOM.VZW_DATAUSAGEKEYS_11
RB_CUSTOM,VZW_DATAUSAGEKEYS_12,RB_CUSTOM.VZW_DATAUSAGEKEYS_12
RB_CUSTOM,VZW_DATAUSAGEKEYS_13,RB_CUSTOM.VZW_DATAUSAGEKEYS_13
RB_CUSTOM,VZW_DATAUSAGEKEYS_14,RB_CUSTOM.VZW_DATAUSAGEKEYS_14
RB_CUSTOM,VZW_DATAUSAGEKEYS_15,RB_CUSTOM.VZW_DATAUSAGEKEYS_15
RB_CUSTOM,VZW_DATAUSAGEKEYS_16,RB_CUSTOM.VZW_DATAUSAGEKEYS_16
RB_CUSTOM,VZW_DATAUSAGEKEYS_17,RB_CUSTOM.VZW_DATAUSAGEKEYS_17
RB_CUSTOM,VZW_DATAUSAGEKEYS_18,RB_CUSTOM.VZW_DATAUSAGEKEYS_18
RB_CUSTOM,VZW_DATAUSAGEKEYS_19,RB_CUSTOM.VZW_DATAUSAGEKEYS_19
RB_CUSTOM,VZW_DATAUSAGEKEYS_2,RB_CUSTOM.VZW_DATAUSAGEKEYS_2
RB_CUSTOM,VZW_DATAUSAGEKEYS_20,RB_CUSTOM.VZW_DATAUSAGEKEYS_20
RB_CUSTOM,VZW_DATAUSAGEKEYS_21,RB_CUSTOM.VZW_DATAUSAGEKEYS_21
RB_CUSTOM,VZW_DATAUSAGEKEYS_22,RB_CUSTOM.VZW_DATAUSAGEKEYS_22
RB_CUSTOM,VZW_DATAUSAGEKEYS_23,RB_CUSTOM.VZW_DATAUSAGEKEYS_23
RB_CUSTOM,VZW_DATAUSAGEKEYS_24,RB_CUSTOM.VZW_DATAUSAGEKEYS_24
RB_CUSTOM,VZW_DATAUSAGEKEYS_25,RB_CUSTOM.VZW_DATAUSAGEKEYS_25
RB_CUSTOM,VZW_DATAUSAGEKEYS_26,RB_CUSTOM.VZW_DATAUSAGEKEYS_26
RB_CUSTOM,VZW_DATAUSAGEKEYS_27,RB_CUSTOM.VZW_DATAUSAGEKEYS_27
RB_CUSTOM,VZW_DATAUSAGEKEYS_28,RB_CUSTOM.VZW_DATAUSAGEKEYS_28
RB_CUSTOM,VZW_DATAUSAGEKEYS_29,RB_CUSTOM.VZW_DATAUSAGEKEYS_29
RB_CUSTOM,VZW_DATAUSAGEKEYS_3,RB_CUSTOM.VZW_DATAUSAGEKEYS_3
RB_CUSTOM,VZW_DATAUSAGEKEYS_30,RB_CUSTOM.VZW_DATAUSAGEKEYS_30
RB_CUSTOM,VZW_DATAUSAGEKEYS_31,RB_CUSTOM.VZW_DATAUSAGEKEYS_31
RB_CUSTOM,VZW_DATAUSAGEKEYS_32,RB_CUSTOM.VZW_DATAUSAGEKEYS_32
RB_CUSTOM,VZW_DATAUSAGEKEYS_33,RB_CUSTOM.VZW_DATAUSAGEKEYS_33
RB_CUSTOM,VZW_DATAUSAGEKEYS_34,RB_CUSTOM.VZW_DATAUSAGEKEYS_34
RB_CUSTOM,VZW_DATAUSAGEKEYS_35,RB_CUSTOM.VZW_DATAUSAGEKEYS_35
RB_CUSTOM,VZW_DATAUSAGEKEYS_36,RB_CUSTOM.VZW_DATAUSAGEKEYS_36
RB_CUSTOM,VZW_DATAUSAGEKEYS_37,RB_CUSTOM.VZW_DATAUSAGEKEYS_37
RB_CUSTOM,VZW_DATAUSAGEKEYS_38,RB_CUSTOM.VZW_DATAUSAGEKEYS_38
RB_CUSTOM,VZW_DATAUSAGEKEYS_39,RB_CUSTOM.VZW_DATAUSAGEKEYS_39
RB_CUSTOM,VZW_DATAUSAGEKEYS_4,RB_CUSTOM.VZW_DATAUSAGEKEYS_4
RB_CUSTOM,VZW_DATAUSAGEKEYS_40,RB_CUSTOM.VZW_DATAUSAGEKEYS_40
RB_CUSTOM,VZW_DATAUSAGEKEYS_41,RB_CUSTOM.VZW_DATAUSAGEKEYS_41
RB_CUSTOM,VZW_DATAUSAGEKEYS_42,RB_CUSTOM.VZW_DATAUSAGEKEYS_42
RB_CUSTOM,VZW_DATAUSAGEKEYS_43,RB_CUSTOM.VZW_DATAUSAGEKEYS_43
RB_CUSTOM,VZW_DATAUSAGEKEYS_44,RB_CUSTOM.VZW_DATAUSAGEKEYS_44
RB_CUSTOM,VZW_DATAUSAGEKEYS_45,RB_CUSTOM.VZW_DATAUSAGEKEYS_45
RB_CUSTOM,VZW_DATAUSAGEKEYS_46,RB_CUSTOM.VZW_DATAUSAGEKEYS_46
RB_CUSTOM,VZW_DATAUSAGEKEYS_47,RB_CUSTOM.VZW_DATAUSAGEKEYS_47
RB_CUSTOM,VZW_DATAUSAGEKEYS_48,RB_CUSTOM.VZW_DATAUSAGEKEYS_48
RB_CUSTOM,VZW_DATAUSAGEKEYS_49,RB_CUSTOM.VZW_DATAUSAGEKEYS_49
RB_CUSTOM,VZW_DATAUSAGEKEYS_5,RB_CUSTOM.VZW_DATAUSAGEKEYS_5
RB_CUSTOM,VZW_DATAUSAGEKEYS_50,RB_CUSTOM.VZW_DATAUSAGEKEYS_50
RB_CUSTOM,VZW_DATAUSAGEKEYS_51,RB_CUSTOM.VZW_DATAUSAGEKEYS_51
RB_CUSTOM,VZW_DATAUSAGEKEYS_52,RB_CUSTOM.VZW_DATAUSAGEKEYS_52
RB_CUSTOM,VZW_DATAUSAGEKEYS_53,RB_CUSTOM.VZW_DATAUSAGEKEYS_53
RB_CUSTOM,VZW_DATAUSAGEKEYS_54,RB_CUSTOM.VZW_DATAUSAGEKEYS_54
RB_CUSTOM,VZW_DATAUSAGEKEYS_55,RB_CUSTOM.VZW_DATAUSAGEKEYS_55
RB_CUSTOM,VZW_DATAUSAGEKEYS_56,RB_CUSTOM.VZW_DATAUSAGEKEYS_56
RB_CUSTOM,VZW_DATAUSAGEKEYS_57,RB_CUSTOM.VZW_DATAUSAGEKEYS_57
RB_CUSTOM,VZW_DATAUSAGEKEYS_58,RB_CUSTOM.VZW_DATAUSAGEKEYS_58
RB_CUSTOM,VZW_DATAUSAGEKEYS_59,RB_CUSTOM.VZW_DATAUSAGEKEYS_59
RB_CUSTOM,VZW_DATAUSAGEKEYS_6,RB_CUSTOM.VZW_DATAUSAGEKEYS_6
RB_CUSTOM,VZW_DATAUSAGEKEYS_60,RB_CUSTOM.VZW_DATAUSAGEKEYS_60
RB_CUSTOM,VZW_DATAUSAGEKEYS_7,RB_CUSTOM.VZW_DATAUSAGEKEYS_7
RB_CUSTOM,VZW_DATAUSAGEKEYS_8,RB_CUSTOM.VZW_DATAUSAGEKEYS_8
RB_CUSTOM,VZW_DATAUSAGEKEYS_9,RB_CUSTOM.VZW_DATAUSAGEKEYS_9
RB_CUSTOM,VZW_DCCATLIFECYCLEMGNT,RB_CUSTOM.VZW_DCCATLIFECYCLEMGNT
RB_CUSTOM,VZW_DELETEJOBTYPECONFIG,RB_CUSTOM.VZW_DELETEJOBTYPECONFIG
RB_CUSTOM,VZW_DEMARCATIONEXCLUDE,RB_CUSTOM.VZW_DEMARCATIONEXCLUDE
RB_CUSTOM,VZW_DREAPACCREQUST,RB_CUSTOM.VZW_DREAPACCREQUST
RB_CUSTOM,VZW_DREAPDIRECTORYCONFIG,RB_CUSTOM.VZW_DREAPDIRECTORYCONFIG
RB_CUSTOM,VZW_DREAPPOLICYCONFIGINFO,RB_CUSTOM.VZW_DREAPPOLICYCONFIGINFO
RB_CUSTOM,VZW_DREAPPROCESSMAP,RB_CUSTOM.VZW_DREAPPROCESSMAP
RB_CUSTOM,VZW_DREAPREQUEST,RB_CUSTOM.VZW_DREAPREQUEST
RB_CUSTOM,VZW_DUPCHECKDUW,RB_CUSTOM.VZW_DUPCHECKDUW
RB_CUSTOM,VZW_DUPCHECKDUWCLEANUPTMP,RB_CUSTOM.VZW_DUPCHECKDUWCLEANUPTMP
RB_CUSTOM,VZW_DUPCHECKDUWCLEANUPTMPB2B,RB_CUSTOM.VZW_DUPCHECKDUWCLEANUPTMPB2B
RB_CUSTOM,VZW_EOCACCDUPLICATEUSAGE,RB_CUSTOM.VZW_EOCACCDUPLICATEUSAGE
RB_CUSTOM,VZW_EOCACCECPD,RB_CUSTOM.VZW_EOCACCECPD
RB_CUSTOM,VZW_EOCACCECPDEXCLUDE,RB_CUSTOM.VZW_EOCACCECPDEXCLUDE
RB_CUSTOM,VZW_EOCACCMDNDATA,RB_CUSTOM.VZW_EOCACCMDNDATA
RB_CUSTOM,VZW_EOCACCMDNEXTRACTION,RB_CUSTOM.VZW_EOCACCMDNEXTRACTION
RB_CUSTOM,VZW_EOCACCRATEHISTORY,RB_CUSTOM.VZW_EOCACCRATEHISTORY
RB_CUSTOM,VZW_EOCACCREVERSMIGR,RB_CUSTOM.VZW_EOCACCREVERSMIGR
RB_CUSTOM,VZW_EOCCIFACCOUNTS,RB_CUSTOM.VZW_EOCCIFACCOUNTS
RB_CUSTOM,VZW_EOCDIRCONFIG,RB_CUSTOM.VZW_EOCDIRCONFIG
RB_CUSTOM,VZW_EOCEXTRACTDETAILS,RB_CUSTOM.VZW_EOCEXTRACTDETAILS
RB_CUSTOM,VZW_EOCMDNUSAGECOUNT,RB_CUSTOM.VZW_EOCMDNUSAGECOUNT
RB_CUSTOM,VZW_EOCMDNUSAGECOUNT_P084300,RB_CUSTOM.VZW_EOCMDNUSAGECOUNT_P084300
RB_CUSTOM,VZW_EOCTAPACCMDN,RB_CUSTOM.VZW_EOCTAPACCMDN
RB_CUSTOM,VZW_EOCTAPEXTRACTDETAILS,RB_CUSTOM.VZW_EOCTAPEXTRACTDETAILS
RB_CUSTOM,VZW_EOCUSAGEEXTRACTED,RB_CUSTOM.VZW_EOCUSAGEEXTRACTED
RB_CUSTOM,VZW_EOCUSAGEFILES,RB_CUSTOM.VZW_EOCUSAGEFILES
RB_CUSTOM,VZW_EVENTTYPE,RB_CUSTOM.VZW_EVENTTYPE
RB_CUSTOM,VZW_EXTRACTEDPACCOUNTS,RB_CUSTOM.VZW_EXTRACTEDPACCOUNTS
RB_CUSTOM,VZW_FAILEDSUBACCOUNT,RB_CUSTOM.VZW_FAILEDSUBACCOUNT
RB_CUSTOM,VZW_FILES_COMPARISION,RB_CUSTOM.VZW_FILES_COMPARISION
RB_CUSTOM,VZW_GTTTAPEVENTCRUMGUIDING,RB_CUSTOM.VZW_GTTTAPEVENTCRUMGUIDING
RB_CUSTOM,VZW_HIGHBILLARACCOUNTS,RB_CUSTOM.VZW_HIGHBILLARACCOUNTS
RB_CUSTOM,VZW_HUEFIDINPUT,RB_CUSTOM.VZW_HUEFIDINPUT
RB_CUSTOM,VZW_ILDARACCOUNTS,RB_CUSTOM.VZW_ILDARACCOUNTS
RB_CUSTOM,VZW_ILDMDNLEVEL_SUMMDATA,RB_CUSTOM.VZW_ILDMDNLEVEL_SUMMDATA
RB_CUSTOM,VZW_JITR_API_ERROR_LOG,RB_CUSTOM.VZW_JITR_API_ERROR_LOG
RB_CUSTOM,VZW_JOB,RB_CUSTOM.VZW_JOB
RB_CUSTOM,VZW_JOBTYPE,RB_CUSTOM.VZW_JOBTYPE
RB_CUSTOM,VZW_KAFKACONFIG,RB_CUSTOM.VZW_KAFKACONFIG
RB_CUSTOM,VZW_KAFKAFAILOVER,RB_CUSTOM.VZW_KAFKAFAILOVER
RB_CUSTOM,VZW_KAFKA_AUDITSUMMARY,RB_CUSTOM.VZW_KAFKA_AUDITSUMMARY
RB_CUSTOM,VZW_KAFKA_FAILOVER_CONFIG,RB_CUSTOM.VZW_KAFKA_FAILOVER_CONFIG
RB_CUSTOM,VZW_LARGEACCNTDETAILS,RB_CUSTOM.VZW_LARGEACCNTDETAILS
RB_CUSTOM,VZW_LARGEACCNTSUMMARY,RB_CUSTOM.VZW_LARGEACCNTSUMMARY
RB_CUSTOM,VZW_LARGEDGCEETHREADS,RB_CUSTOM.VZW_LARGEDGCEETHREADS
RB_CUSTOM,VZW_LATEUSAGEKEYSDATA,RB_CUSTOM.VZW_LATEUSAGEKEYSDATA
RB_CUSTOM,VZW_LATEUSAGEKEYSMSG,RB_CUSTOM.VZW_LATEUSAGEKEYSMSG
RB_CUSTOM,VZW_LATEUSAGEKEYSVOICE,RB_CUSTOM.VZW_LATEUSAGEKEYSVOICE
RB_CUSTOM,VZW_MCSAUDITSUMMARY,RB_CUSTOM.VZW_MCSAUDITSUMMARY
RB_CUSTOM,VZW_MCSIGNOREDEVENTINFO,RB_CUSTOM.VZW_MCSIGNOREDEVENTINFO
RB_CUSTOM,VZW_MDNCECOUNTDETAILS,RB_CUSTOM.VZW_MDNCECOUNTDETAILS
RB_CUSTOM,VZW_MFETARGETDIRECTORY,RB_CUSTOM.VZW_MFETARGETDIRECTORY
RB_CUSTOM,VZW_MQPROPERTY,RB_CUSTOM.VZW_MQPROPERTY
RB_CUSTOM,VZW_MSGTRAVELPASSREPORT,RB_CUSTOM.VZW_MSGTRAVELPASSREPORT
RB_CUSTOM,VZW_MSGUSAGEKEYS_1,RB_CUSTOM.VZW_MSGUSAGEKEYS_1
RB_CUSTOM,VZW_MSGUSAGEKEYS_10,RB_CUSTOM.VZW_MSGUSAGEKEYS_10
RB_CUSTOM,VZW_MSGUSAGEKEYS_11,RB_CUSTOM.VZW_MSGUSAGEKEYS_11
RB_CUSTOM,VZW_MSGUSAGEKEYS_12,RB_CUSTOM.VZW_MSGUSAGEKEYS_12
RB_CUSTOM,VZW_MSGUSAGEKEYS_13,RB_CUSTOM.VZW_MSGUSAGEKEYS_13
RB_CUSTOM,VZW_MSGUSAGEKEYS_14,RB_CUSTOM.VZW_MSGUSAGEKEYS_14
RB_CUSTOM,VZW_MSGUSAGEKEYS_15,RB_CUSTOM.VZW_MSGUSAGEKEYS_15
RB_CUSTOM,VZW_MSGUSAGEKEYS_16,RB_CUSTOM.VZW_MSGUSAGEKEYS_16
RB_CUSTOM,VZW_MSGUSAGEKEYS_17,RB_CUSTOM.VZW_MSGUSAGEKEYS_17
RB_CUSTOM,VZW_MSGUSAGEKEYS_18,RB_CUSTOM.VZW_MSGUSAGEKEYS_18
RB_CUSTOM,VZW_MSGUSAGEKEYS_19,RB_CUSTOM.VZW_MSGUSAGEKEYS_19
RB_CUSTOM,VZW_MSGUSAGEKEYS_2,RB_CUSTOM.VZW_MSGUSAGEKEYS_2
RB_CUSTOM,VZW_MSGUSAGEKEYS_20,RB_CUSTOM.VZW_MSGUSAGEKEYS_20
RB_CUSTOM,VZW_MSGUSAGEKEYS_21,RB_CUSTOM.VZW_MSGUSAGEKEYS_21
RB_CUSTOM,VZW_MSGUSAGEKEYS_22,RB_CUSTOM.VZW_MSGUSAGEKEYS_22
RB_CUSTOM,VZW_MSGUSAGEKEYS_23,RB_CUSTOM.VZW_MSGUSAGEKEYS_23
RB_CUSTOM,VZW_MSGUSAGEKEYS_24,RB_CUSTOM.VZW_MSGUSAGEKEYS_24
RB_CUSTOM,VZW_MSGUSAGEKEYS_25,RB_CUSTOM.VZW_MSGUSAGEKEYS_25
RB_CUSTOM,VZW_MSGUSAGEKEYS_26,RB_CUSTOM.VZW_MSGUSAGEKEYS_26
RB_CUSTOM,VZW_MSGUSAGEKEYS_27,RB_CUSTOM.VZW_MSGUSAGEKEYS_27
RB_CUSTOM,VZW_MSGUSAGEKEYS_28,RB_CUSTOM.VZW_MSGUSAGEKEYS_28
RB_CUSTOM,VZW_MSGUSAGEKEYS_29,RB_CUSTOM.VZW_MSGUSAGEKEYS_29
RB_CUSTOM,VZW_MSGUSAGEKEYS_3,RB_CUSTOM.VZW_MSGUSAGEKEYS_3
RB_CUSTOM,VZW_MSGUSAGEKEYS_30,RB_CUSTOM.VZW_MSGUSAGEKEYS_30
RB_CUSTOM,VZW_MSGUSAGEKEYS_31,RB_CUSTOM.VZW_MSGUSAGEKEYS_31
RB_CUSTOM,VZW_MSGUSAGEKEYS_32,RB_CUSTOM.VZW_MSGUSAGEKEYS_32
RB_CUSTOM,VZW_MSGUSAGEKEYS_33,RB_CUSTOM.VZW_MSGUSAGEKEYS_33
RB_CUSTOM,VZW_MSGUSAGEKEYS_34,RB_CUSTOM.VZW_MSGUSAGEKEYS_34
RB_CUSTOM,VZW_MSGUSAGEKEYS_35,RB_CUSTOM.VZW_MSGUSAGEKEYS_35
RB_CUSTOM,VZW_MSGUSAGEKEYS_36,RB_CUSTOM.VZW_MSGUSAGEKEYS_36
RB_CUSTOM,VZW_MSGUSAGEKEYS_37,RB_CUSTOM.VZW_MSGUSAGEKEYS_37
RB_CUSTOM,VZW_MSGUSAGEKEYS_38,RB_CUSTOM.VZW_MSGUSAGEKEYS_38
RB_CUSTOM,VZW_MSGUSAGEKEYS_39,RB_CUSTOM.VZW_MSGUSAGEKEYS_39
RB_CUSTOM,VZW_MSGUSAGEKEYS_4,RB_CUSTOM.VZW_MSGUSAGEKEYS_4
RB_CUSTOM,VZW_MSGUSAGEKEYS_40,RB_CUSTOM.VZW_MSGUSAGEKEYS_40
RB_CUSTOM,VZW_MSGUSAGEKEYS_41,RB_CUSTOM.VZW_MSGUSAGEKEYS_41
RB_CUSTOM,VZW_MSGUSAGEKEYS_42,RB_CUSTOM.VZW_MSGUSAGEKEYS_42
RB_CUSTOM,VZW_MSGUSAGEKEYS_43,RB_CUSTOM.VZW_MSGUSAGEKEYS_43
RB_CUSTOM,VZW_MSGUSAGEKEYS_44,RB_CUSTOM.VZW_MSGUSAGEKEYS_44
RB_CUSTOM,VZW_MSGUSAGEKEYS_45,RB_CUSTOM.VZW_MSGUSAGEKEYS_45
RB_CUSTOM,VZW_MSGUSAGEKEYS_46,RB_CUSTOM.VZW_MSGUSAGEKEYS_46
RB_CUSTOM,VZW_MSGUSAGEKEYS_47,RB_CUSTOM.VZW_MSGUSAGEKEYS_47
RB_CUSTOM,VZW_MSGUSAGEKEYS_48,RB_CUSTOM.VZW_MSGUSAGEKEYS_48
RB_CUSTOM,VZW_MSGUSAGEKEYS_49,RB_CUSTOM.VZW_MSGUSAGEKEYS_49
RB_CUSTOM,VZW_MSGUSAGEKEYS_5,RB_CUSTOM.VZW_MSGUSAGEKEYS_5
RB_CUSTOM,VZW_MSGUSAGEKEYS_50,RB_CUSTOM.VZW_MSGUSAGEKEYS_50
RB_CUSTOM,VZW_MSGUSAGEKEYS_51,RB_CUSTOM.VZW_MSGUSAGEKEYS_51
RB_CUSTOM,VZW_MSGUSAGEKEYS_52,RB_CUSTOM.VZW_MSGUSAGEKEYS_52
RB_CUSTOM,VZW_MSGUSAGEKEYS_53,RB_CUSTOM.VZW_MSGUSAGEKEYS_53
RB_CUSTOM,VZW_MSGUSAGEKEYS_54,RB_CUSTOM.VZW_MSGUSAGEKEYS_54
RB_CUSTOM,VZW_MSGUSAGEKEYS_55,RB_CUSTOM.VZW_MSGUSAGEKEYS_55
RB_CUSTOM,VZW_MSGUSAGEKEYS_56,RB_CUSTOM.VZW_MSGUSAGEKEYS_56
RB_CUSTOM,VZW_MSGUSAGEKEYS_57,RB_CUSTOM.VZW_MSGUSAGEKEYS_57
RB_CUSTOM,VZW_MSGUSAGEKEYS_58,RB_CUSTOM.VZW_MSGUSAGEKEYS_58
RB_CUSTOM,VZW_MSGUSAGEKEYS_59,RB_CUSTOM.VZW_MSGUSAGEKEYS_59
RB_CUSTOM,VZW_MSGUSAGEKEYS_6,RB_CUSTOM.VZW_MSGUSAGEKEYS_6
RB_CUSTOM,VZW_MSGUSAGEKEYS_60,RB_CUSTOM.VZW_MSGUSAGEKEYS_60
RB_CUSTOM,VZW_MSGUSAGEKEYS_7,RB_CUSTOM.VZW_MSGUSAGEKEYS_7
RB_CUSTOM,VZW_MSGUSAGEKEYS_8,RB_CUSTOM.VZW_MSGUSAGEKEYS_8
RB_CUSTOM,VZW_MSGUSAGEKEYS_9,RB_CUSTOM.VZW_MSGUSAGEKEYS_9
RB_CUSTOM,VZW_MTNSUBACCOUNTMAP,RB_CUSTOM.VZW_MTNSUBACCOUNTMAP
RB_CUSTOM,VZW_MVREFRESHLIST,RB_CUSTOM.VZW_MVREFRESHLIST
RB_CUSTOM,VZW_OEFRDEMARCATION_TYPES,RB_CUSTOM.VZW_OEFRDEMARCATION_TYPES
RB_CUSTOM,VZW_OEFRDEMARC_USAGE_TYPES,RB_CUSTOM.VZW_OEFRDEMARC_USAGE_TYPES
RB_CUSTOM,VZW_OEFRLDRIVER,RB_CUSTOM.VZW_OEFRLDRIVER
RB_CUSTOM,VZW_OUTCOLLECTMICROPARTITIONTMP,RB_CUSTOM.VZW_OUTCOLLECTMICROPARTITIONTMP
RB_CUSTOM,VZW_OVERRIDEMQPROPERTY,RB_CUSTOM.VZW_OVERRIDEMQPROPERTY
RB_CUSTOM,VZW_PI_MVREFRESH_RUN_HIST,RB_CUSTOM.VZW_PI_MVREFRESH_RUN_HIST
RB_CUSTOM,VZW_PREEOC_ACCOUNTS_INFO,RB_CUSTOM.VZW_PREEOC_ACCOUNTS_INFO
RB_CUSTOM,VZW_PRODSEQDEMARCATION,RB_CUSTOM.VZW_PRODSEQDEMARCATION
RB_CUSTOM,VZW_PRODSEQDEMARCATION_TYPES,RB_CUSTOM.VZW_PRODSEQDEMARCATION_TYPES
RB_CUSTOM,VZW_PRODUCTINTERFACE_CONFIG,RB_CUSTOM.VZW_PRODUCTINTERFACE_CONFIG
RB_CUSTOM,VZW_RCPROFILE_THRESHOLDS_REF,RB_CUSTOM.VZW_RCPROFILE_THRESHOLDS_REF
RB_CUSTOM,VZW_RCPROF_ACCLIST,RB_CUSTOM.VZW_RCPROF_ACCLIST
RB_CUSTOM,VZW_RECONCILIATION_LOG,RB_CUSTOM.VZW_RECONCILIATION_LOG
RB_CUSTOM,VZW_RECONREPLICATIONLOG,RB_CUSTOM.VZW_RECONREPLICATIONLOG
RB_CUSTOM,VZW_REJECTEVENTDATA,RB_CUSTOM.VZW_REJECTEVENTDATA
RB_CUSTOM,VZW_REJECTEVENTSUMMARY,RB_CUSTOM.VZW_REJECTEVENTSUMMARY
RB_CUSTOM,VZW_REPORTFILESEQUENCES,RB_CUSTOM.VZW_REPORTFILESEQUENCES
RB_CUSTOM,VZW_REVERSEMIGRREQUEST,RB_CUSTOM.VZW_REVERSEMIGRREQUEST
RB_CUSTOM,VZW_REVOOUTBOUNDAUDITINFO,RB_CUSTOM.VZW_REVOOUTBOUNDAUDITINFO
RB_CUSTOM,VZW_RSPIKAFKACONFIG,RB_CUSTOM.VZW_RSPIKAFKACONFIG
RB_CUSTOM,VZW_RSPI_FIELDS,RB_CUSTOM.VZW_RSPI_FIELDS
RB_CUSTOM,VZW_RSPI_STREAM_ACCOUNTS,RB_CUSTOM.VZW_RSPI_STREAM_ACCOUNTS
RB_CUSTOM,VZW_SEEDINGHISTORY,RB_CUSTOM.VZW_SEEDINGHISTORY
RB_CUSTOM,VZW_SPONSORDATADETAILS,RB_CUSTOM.VZW_SPONSORDATADETAILS
RB_CUSTOM,VZW_SPONSORDATAREPORTLOG,RB_CUSTOM.VZW_SPONSORDATAREPORTLOG
RB_CUSTOM,VZW_SPONSORREFDATA,RB_CUSTOM.VZW_SPONSORREFDATA
RB_CUSTOM,VZW_SUBACCOUNT,RB_CUSTOM.VZW_SUBACCOUNT
RB_CUSTOM,VZW_SUBACCOUNTDTFALLOUTMDNS,RB_CUSTOM.VZW_SUBACCOUNTDTFALLOUTMDNS
RB_CUSTOM,VZW_SUBACCOUNTLIST,RB_CUSTOM.VZW_SUBACCOUNTLIST
RB_CUSTOM,VZW_SUBACCOUNTSEQ,RB_CUSTOM.VZW_SUBACCOUNTSEQ
RB_CUSTOM,VZW_SUBACCOUNTSTHRESHOLD,RB_CUSTOM.VZW_SUBACCOUNTSTHRESHOLD
RB_CUSTOM,VZW_SUBACCSEEDERREQUEST,RB_CUSTOM.VZW_SUBACCSEEDERREQUEST
RB_CUSTOM,VZW_SUMMARY,RB_CUSTOM.VZW_SUMMARY
RB_CUSTOM,VZW_SUMMARYDETAIL,RB_CUSTOM.VZW_SUMMARYDETAIL
RB_CUSTOM,VZW_TAPATTRIBUTES,RB_CUSTOM.VZW_TAPATTRIBUTES
RB_CUSTOM,VZW_TAPCRUM,RB_CUSTOM.VZW_TAPCRUM
RB_CUSTOM,VZW_TAPCUSTOMEXTRACTINPUT,RB_CUSTOM.VZW_TAPCUSTOMEXTRACTINPUT
RB_CUSTOM,VZW_TAPDUPLICATEEVENTCHECK,RB_CUSTOM.VZW_TAPDUPLICATEEVENTCHECK
RB_CUSTOM,VZW_TAPEVENTBATCHSEQ,RB_CUSTOM.VZW_TAPEVENTBATCHSEQ
RB_CUSTOM,VZW_TAPEVENTFILES,RB_CUSTOM.VZW_TAPEVENTFILES
RB_CUSTOM,VZW_TAPEXTRACTIONREQUEST,RB_CUSTOM.VZW_TAPEXTRACTIONREQUEST
RB_CUSTOM,VZW_TAPMIGRATIONERRORINFO,RB_CUSTOM.VZW_TAPMIGRATIONERRORINFO
RB_CUSTOM,VZW_TAPREJECTEVENTS,RB_CUSTOM.VZW_TAPREJECTEVENTS
RB_CUSTOM,VZW_TAPSESSION,RB_CUSTOM.VZW_TAPSESSION
RB_CUSTOM,VZW_TERMPROMOALERTS,RB_CUSTOM.VZW_TERMPROMOALERTS
RB_CUSTOM,VZW_TMPACCOUNTKEYS,RB_CUSTOM.VZW_TMPACCOUNTKEYS
RB_CUSTOM,VZW_TMPHUEFIDINPUT,RB_CUSTOM.VZW_TMPHUEFIDINPUT
RB_CUSTOM,VZW_TMPILDARACCOUNTS,RB_CUSTOM.VZW_TMPILDARACCOUNTS
RB_CUSTOM,VZW_TMPRUEACC,RB_CUSTOM.VZW_TMPRUEACC
RB_CUSTOM,VZW_TMPTAPCRUMGUIDING,RB_CUSTOM.VZW_TMPTAPCRUMGUIDING
RB_CUSTOM,VZW_USAGEAUDITSUMMARY,RB_CUSTOM.VZW_USAGEAUDITSUMMARY
RB_CUSTOM,VZW_USAGESUMMARYEXTRACTED,RB_CUSTOM.VZW_USAGESUMMARYEXTRACTED
RB_CUSTOM,VZW_USAGESUMMARYOEFR,RB_CUSTOM.VZW_USAGESUMMARYOEFR
RB_CUSTOM,VZW_USGSUMMMDNEXTRACTION,RB_CUSTOM.VZW_USGSUMMMDNEXTRACTION
RB_CUSTOM,VZW_USGSUMM_ACTIVESTREAMS,RB_CUSTOM.VZW_USGSUMM_ACTIVESTREAMS
RB_CUSTOM,VZW_USGSUMM_AGGRFIELDS,RB_CUSTOM.VZW_USGSUMM_AGGRFIELDS
RB_CUSTOM,VZW_USGSUMM_CLEANUP,RB_CUSTOM.VZW_USGSUMM_CLEANUP
RB_CUSTOM,VZW_USGSUMM_KAFKA_CONFIG,RB_CUSTOM.VZW_USGSUMM_KAFKA_CONFIG
RB_CUSTOM,VZW_USGSUMM_KAFKA_VLARGE_ACC,RB_CUSTOM.VZW_USGSUMM_KAFKA_VLARGE_ACC
RB_CUSTOM,VZW_USGSUMM_KEYFIELDS,RB_CUSTOM.VZW_USGSUMM_KEYFIELDS
RB_CUSTOM,VZW_USGSUM_OEFRDEMARCATION,RB_CUSTOM.VZW_USGSUM_OEFRDEMARCATION
RB_CUSTOM,VZW_VISION2ACCLIST,RB_CUSTOM.VZW_VISION2ACCLIST
RB_CUSTOM,VZW_VOICELOADBALACCTUSAGE,RB_CUSTOM.VZW_VOICELOADBALACCTUSAGE
RB_CUSTOM,VZW_VOICEUSAGEKEYS_1,RB_CUSTOM.VZW_VOICEUSAGEKEYS_1
RB_CUSTOM,VZW_VOICEUSAGEKEYS_10,RB_CUSTOM.VZW_VOICEUSAGEKEYS_10
RB_CUSTOM,VZW_VOICEUSAGEKEYS_11,RB_CUSTOM.VZW_VOICEUSAGEKEYS_11
RB_CUSTOM,VZW_VOICEUSAGEKEYS_12,RB_CUSTOM.VZW_VOICEUSAGEKEYS_12
RB_CUSTOM,VZW_VOICEUSAGEKEYS_13,RB_CUSTOM.VZW_VOICEUSAGEKEYS_13
RB_CUSTOM,VZW_VOICEUSAGEKEYS_14,RB_CUSTOM.VZW_VOICEUSAGEKEYS_14
RB_CUSTOM,VZW_VOICEUSAGEKEYS_15,RB_CUSTOM.VZW_VOICEUSAGEKEYS_15
RB_CUSTOM,VZW_VOICEUSAGEKEYS_16,RB_CUSTOM.VZW_VOICEUSAGEKEYS_16
RB_CUSTOM,VZW_VOICEUSAGEKEYS_17,RB_CUSTOM.VZW_VOICEUSAGEKEYS_17
RB_CUSTOM,VZW_VOICEUSAGEKEYS_18,RB_CUSTOM.VZW_VOICEUSAGEKEYS_18
RB_CUSTOM,VZW_VOICEUSAGEKEYS_19,RB_CUSTOM.VZW_VOICEUSAGEKEYS_19
RB_CUSTOM,VZW_VOICEUSAGEKEYS_2,RB_CUSTOM.VZW_VOICEUSAGEKEYS_2
RB_CUSTOM,VZW_VOICEUSAGEKEYS_20,RB_CUSTOM.VZW_VOICEUSAGEKEYS_20
RB_CUSTOM,VZW_VOICEUSAGEKEYS_21,RB_CUSTOM.VZW_VOICEUSAGEKEYS_21
RB_CUSTOM,VZW_VOICEUSAGEKEYS_22,RB_CUSTOM.VZW_VOICEUSAGEKEYS_22
RB_CUSTOM,VZW_VOICEUSAGEKEYS_23,RB_CUSTOM.VZW_VOICEUSAGEKEYS_23
RB_CUSTOM,VZW_VOICEUSAGEKEYS_24,RB_CUSTOM.VZW_VOICEUSAGEKEYS_24
RB_CUSTOM,VZW_VOICEUSAGEKEYS_25,RB_CUSTOM.VZW_VOICEUSAGEKEYS_25
RB_CUSTOM,VZW_VOICEUSAGEKEYS_26,RB_CUSTOM.VZW_VOICEUSAGEKEYS_26
RB_CUSTOM,VZW_VOICEUSAGEKEYS_27,RB_CUSTOM.VZW_VOICEUSAGEKEYS_27
RB_CUSTOM,VZW_VOICEUSAGEKEYS_28,RB_CUSTOM.VZW_VOICEUSAGEKEYS_28
RB_CUSTOM,VZW_VOICEUSAGEKEYS_29,RB_CUSTOM.VZW_VOICEUSAGEKEYS_29
RB_CUSTOM,VZW_VOICEUSAGEKEYS_3,RB_CUSTOM.VZW_VOICEUSAGEKEYS_3
RB_CUSTOM,VZW_VOICEUSAGEKEYS_30,RB_CUSTOM.VZW_VOICEUSAGEKEYS_30
RB_CUSTOM,VZW_VOICEUSAGEKEYS_31,RB_CUSTOM.VZW_VOICEUSAGEKEYS_31
RB_CUSTOM,VZW_VOICEUSAGEKEYS_32,RB_CUSTOM.VZW_VOICEUSAGEKEYS_32
RB_CUSTOM,VZW_VOICEUSAGEKEYS_33,RB_CUSTOM.VZW_VOICEUSAGEKEYS_33
RB_CUSTOM,VZW_VOICEUSAGEKEYS_34,RB_CUSTOM.VZW_VOICEUSAGEKEYS_34
RB_CUSTOM,VZW_VOICEUSAGEKEYS_35,RB_CUSTOM.VZW_VOICEUSAGEKEYS_35
RB_CUSTOM,VZW_VOICEUSAGEKEYS_36,RB_CUSTOM.VZW_VOICEUSAGEKEYS_36
RB_CUSTOM,VZW_VOICEUSAGEKEYS_37,RB_CUSTOM.VZW_VOICEUSAGEKEYS_37
RB_CUSTOM,VZW_VOICEUSAGEKEYS_38,RB_CUSTOM.VZW_VOICEUSAGEKEYS_38
RB_CUSTOM,VZW_VOICEUSAGEKEYS_39,RB_CUSTOM.VZW_VOICEUSAGEKEYS_39
RB_CUSTOM,VZW_VOICEUSAGEKEYS_4,RB_CUSTOM.VZW_VOICEUSAGEKEYS_4
RB_CUSTOM,VZW_VOICEUSAGEKEYS_40,RB_CUSTOM.VZW_VOICEUSAGEKEYS_40
RB_CUSTOM,VZW_VOICEUSAGEKEYS_41,RB_CUSTOM.VZW_VOICEUSAGEKEYS_41
RB_CUSTOM,VZW_VOICEUSAGEKEYS_42,RB_CUSTOM.VZW_VOICEUSAGEKEYS_42
RB_CUSTOM,VZW_VOICEUSAGEKEYS_43,RB_CUSTOM.VZW_VOICEUSAGEKEYS_43
RB_CUSTOM,VZW_VOICEUSAGEKEYS_44,RB_CUSTOM.VZW_VOICEUSAGEKEYS_44
RB_CUSTOM,VZW_VOICEUSAGEKEYS_45,RB_CUSTOM.VZW_VOICEUSAGEKEYS_45
RB_CUSTOM,VZW_VOICEUSAGEKEYS_46,RB_CUSTOM.VZW_VOICEUSAGEKEYS_46
RB_CUSTOM,VZW_VOICEUSAGEKEYS_47,RB_CUSTOM.VZW_VOICEUSAGEKEYS_47
RB_CUSTOM,VZW_VOICEUSAGEKEYS_48,RB_CUSTOM.VZW_VOICEUSAGEKEYS_48
RB_CUSTOM,VZW_VOICEUSAGEKEYS_49,RB_CUSTOM.VZW_VOICEUSAGEKEYS_49
RB_CUSTOM,VZW_VOICEUSAGEKEYS_5,RB_CUSTOM.VZW_VOICEUSAGEKEYS_5
RB_CUSTOM,VZW_VOICEUSAGEKEYS_50,RB_CUSTOM.VZW_VOICEUSAGEKEYS_50
RB_CUSTOM,VZW_VOICEUSAGEKEYS_51,RB_CUSTOM.VZW_VOICEUSAGEKEYS_51
RB_CUSTOM,VZW_VOICEUSAGEKEYS_52,RB_CUSTOM.VZW_VOICEUSAGEKEYS_52
RB_CUSTOM,VZW_VOICEUSAGEKEYS_53,RB_CUSTOM.VZW_VOICEUSAGEKEYS_53
RB_CUSTOM,VZW_VOICEUSAGEKEYS_54,RB_CUSTOM.VZW_VOICEUSAGEKEYS_54
RB_CUSTOM,VZW_VOICEUSAGEKEYS_55,RB_CUSTOM.VZW_VOICEUSAGEKEYS_55
RB_CUSTOM,VZW_VOICEUSAGEKEYS_56,RB_CUSTOM.VZW_VOICEUSAGEKEYS_56
RB_CUSTOM,VZW_VOICEUSAGEKEYS_57,RB_CUSTOM.VZW_VOICEUSAGEKEYS_57
RB_CUSTOM,VZW_VOICEUSAGEKEYS_58,RB_CUSTOM.VZW_VOICEUSAGEKEYS_58
RB_CUSTOM,VZW_VOICEUSAGEKEYS_59,RB_CUSTOM.VZW_VOICEUSAGEKEYS_59
RB_CUSTOM,VZW_VOICEUSAGEKEYS_6,RB_CUSTOM.VZW_VOICEUSAGEKEYS_6
RB_CUSTOM,VZW_VOICEUSAGEKEYS_60,RB_CUSTOM.VZW_VOICEUSAGEKEYS_60
RB_CUSTOM,VZW_VOICEUSAGEKEYS_7,RB_CUSTOM.VZW_VOICEUSAGEKEYS_7
RB_CUSTOM,VZW_VOICEUSAGEKEYS_8,RB_CUSTOM.VZW_VOICEUSAGEKEYS_8
RB_CUSTOM,VZW_VOICEUSAGEKEYS_9,RB_CUSTOM.VZW_VOICEUSAGEKEYS_9
RB_CUSTOM,VZW_WHOLESALEHISTORY,RB_CUSTOM.VZW_WHOLESALEHISTORY
RB_CUSTOM,VZW_WHOLESALE_PRODUCTDETAILS,RB_CUSTOM.VZW_WHOLESALE_PRODUCTDETAILS
RB_CUSTOM,VZ_PI_REF_DATA,RB_CUSTOM.VZ_PI_REF_DATA
RB_CUSTOM_AUD,IBI_AUDIT_CNT,RB_CUSTOM_AUD.IBI_AUDIT_CNT
RB_CUSTOM_AUD,IBI_V1_V2_TABLE_XREF,RB_CUSTOM_AUD.IBI_V1_V2_TABLE_XREF
SCHEMA_COMP,EXCLUDE_TABLES,SCHEMA_COMP.EXCLUDE_TABLES
SUPERCOMPARE,ABSTRACTPLUGIN,SUPERCOMPARE.ABSTRACTPLUGIN
SUPERCOMPARE,ABSTRACTPLUGININPUT,SUPERCOMPARE.ABSTRACTPLUGININPUT
SUPERCOMPARE,ABSTRACTPLUGINOUTPUT,SUPERCOMPARE.ABSTRACTPLUGINOUTPUT
SUPERCOMPARE,ACCACTIONLOG,SUPERCOMPARE.ACCACTIONLOG
SUPERCOMPARE,ACCACTIONSUMMARY,SUPERCOMPARE.ACCACTIONSUMMARY
SUPERCOMPARE,ACCACTIONTHRESHOLD,SUPERCOMPARE.ACCACTIONTHRESHOLD
SUPERCOMPARE,ACCACTIONTHRESHOLDSET,SUPERCOMPARE.ACCACTIONTHRESHOLDSET
SUPERCOMPARE,ACCBILLDISCMIGRATION,SUPERCOMPARE.ACCBILLDISCMIGRATION
SUPERCOMPARE,ACCBILLINGSUSPENSION,SUPERCOMPARE.ACCBILLINGSUSPENSION
SUPERCOMPARE,ACCBUDGETPLAN,SUPERCOMPARE.ACCBUDGETPLAN
SUPERCOMPARE,ACCDEBTBANDSUMMARY,SUPERCOMPARE.ACCDEBTBANDSUMMARY
SUPERCOMPARE,ACCDELTAEVENTSUMMARY,SUPERCOMPARE.ACCDELTAEVENTSUMMARY
SUPERCOMPARE,ACCDOMAINHISTORY,SUPERCOMPARE.ACCDOMAINHISTORY
SUPERCOMPARE,ACCESSGROUP,SUPERCOMPARE.ACCESSGROUP
SUPERCOMPARE,ACCESSGROUPMEMBER,SUPERCOMPARE.ACCESSGROUPMEMBER
SUPERCOMPARE,ACCEXTERNALACTION,SUPERCOMPARE.ACCEXTERNALACTION
SUPERCOMPARE,ACCEXTERNALREWARDENROLL,SUPERCOMPARE.ACCEXTERNALREWARDENROLL
SUPERCOMPARE,ACCHASBILLINSERT,SUPERCOMPARE.ACCHASBILLINSERT
SUPERCOMPARE,ACCHASBONUSSCHEME,SUPERCOMPARE.ACCHASBONUSSCHEME
SUPERCOMPARE,ACCHASCOPYBILL,SUPERCOMPARE.ACCHASCOPYBILL
SUPERCOMPARE,ACCHASEVENTSUMMARY,SUPERCOMPARE.ACCHASEVENTSUMMARY
SUPERCOMPARE,ACCHASFROZENEVENTTYPE,SUPERCOMPARE.ACCHASFROZENEVENTTYPE
SUPERCOMPARE,ACCHASFROZENEVENTTYPEAUDIT,SUPERCOMPARE.ACCHASFROZENEVENTTYPEAUDIT
SUPERCOMPARE,ACCHASLCACTIONREQUEST,SUPERCOMPARE.ACCHASLCACTIONREQUEST
SUPERCOMPARE,ACCHASMESSAGE,SUPERCOMPARE.ACCHASMESSAGE
SUPERCOMPARE,ACCHASONETIMECHARGE,SUPERCOMPARE.ACCHASONETIMECHARGE
SUPERCOMPARE,ACCHASOTCINSTLMNTSUMMARY,SUPERCOMPARE.ACCHASOTCINSTLMNTSUMMARY
SUPERCOMPARE,ACCHASPA,SUPERCOMPARE.ACCHASPA
SUPERCOMPARE,ACCHASPOLICYACTION,SUPERCOMPARE.ACCHASPOLICYACTION
SUPERCOMPARE,ACCHASPOLICYACTIONLOG,SUPERCOMPARE.ACCHASPOLICYACTIONLOG
SUPERCOMPARE,ACCHASPOLICYCOUNTER,SUPERCOMPARE.ACCHASPOLICYCOUNTER
SUPERCOMPARE,ACCHASPOLICYDIARY,SUPERCOMPARE.ACCHASPOLICYDIARY
SUPERCOMPARE,ACCHASPOLICYINSTANCE,SUPERCOMPARE.ACCHASPOLICYINSTANCE
SUPERCOMPARE,ACCHASPOLICYPARAM,SUPERCOMPARE.ACCHASPOLICYPARAM
SUPERCOMPARE,ACCHASTEMPLATE,SUPERCOMPARE.ACCHASTEMPLATE
SUPERCOMPARE,ACCOTCATTRDETAILS,SUPERCOMPARE.ACCOTCATTRDETAILS
SUPERCOMPARE,ACCOTCINSTDTLSOVERRIDE,SUPERCOMPARE.ACCOTCINSTDTLSOVERRIDE
SUPERCOMPARE,ACCOUNT,SUPERCOMPARE.ACCOUNT
SUPERCOMPARE,ACCOUNTATTRIBUTES,SUPERCOMPARE.ACCOUNTATTRIBUTES
SUPERCOMPARE,ACCOUNTAUDIT,SUPERCOMPARE.ACCOUNTAUDIT
SUPERCOMPARE,ACCOUNTBALANCESYNC,SUPERCOMPARE.ACCOUNTBALANCESYNC
SUPERCOMPARE,ACCOUNTDETAILS,SUPERCOMPARE.ACCOUNTDETAILS
SUPERCOMPARE,ACCOUNTEVENT,SUPERCOMPARE.ACCOUNTEVENT
SUPERCOMPARE,ACCOUNTINGPERIOD,SUPERCOMPARE.ACCOUNTINGPERIOD
SUPERCOMPARE,ACCOUNTITEMISATION,SUPERCOMPARE.ACCOUNTITEMISATION
SUPERCOMPARE,ACCOUNTLIFECYCLEDETAILS,SUPERCOMPARE.ACCOUNTLIFECYCLEDETAILS
SUPERCOMPARE,ACCOUNTPAYATTRIBUTES,SUPERCOMPARE.ACCOUNTPAYATTRIBUTES
SUPERCOMPARE,ACCOUNTPAYMENT,SUPERCOMPARE.ACCOUNTPAYMENT
SUPERCOMPARE,ACCOUNTPAYMENTDETAILS,SUPERCOMPARE.ACCOUNTPAYMENTDETAILS
SUPERCOMPARE,ACCOUNTRATING,SUPERCOMPARE.ACCOUNTRATING
SUPERCOMPARE,ACCOUNTRATINGSUMMARY,SUPERCOMPARE.ACCOUNTRATINGSUMMARY
SUPERCOMPARE,ACCOUNTRECEIVABLECLASS,SUPERCOMPARE.ACCOUNTRECEIVABLECLASS
SUPERCOMPARE,ACCOUNTRECHARGE,SUPERCOMPARE.ACCOUNTRECHARGE
SUPERCOMPARE,ACCOUNTSTATUS,SUPERCOMPARE.ACCOUNTSTATUS
SUPERCOMPARE,ACCOUNTTRANSFERHIST,SUPERCOMPARE.ACCOUNTTRANSFERHIST
SUPERCOMPARE,ACCPABILLSCHEDULE,SUPERCOMPARE.ACCPABILLSCHEDULE
SUPERCOMPARE,ACCPABILLSCHEDULEDETAILS,SUPERCOMPARE.ACCPABILLSCHEDULEDETAILS
SUPERCOMPARE,ACCPAMODIFYDETAILS,SUPERCOMPARE.ACCPAMODIFYDETAILS
SUPERCOMPARE,ACCPARECEIVABLE,SUPERCOMPARE.ACCPARECEIVABLE
SUPERCOMPARE,ACCPERIODCLOSED,SUPERCOMPARE.ACCPERIODCLOSED
SUPERCOMPARE,ACCPERIODICRATEATTRAUTH,SUPERCOMPARE.ACCPERIODICRATEATTRAUTH
SUPERCOMPARE,ACCPERIODICRATEATTRVAL,SUPERCOMPARE.ACCPERIODICRATEATTRVAL
SUPERCOMPARE,ACCPOLICYCOUNTERPARTITION,SUPERCOMPARE.ACCPOLICYCOUNTERPARTITION
SUPERCOMPARE,ACCPRODGROUPLIST,SUPERCOMPARE.ACCPRODGROUPLIST
SUPERCOMPARE,ACCPROMOTIONENROLLMENT,SUPERCOMPARE.ACCPROMOTIONENROLLMENT
SUPERCOMPARE,ACCRATEDISPATCHSUMMARY,SUPERCOMPARE.ACCRATEDISPATCHSUMMARY
SUPERCOMPARE,ACCRATINGEVENTSUMMARY,SUPERCOMPARE.ACCRATINGEVENTSUMMARY
SUPERCOMPARE,ACCREVENUESEIZUREREQUEST,SUPERCOMPARE.ACCREVENUESEIZUREREQUEST
SUPERCOMPARE,ACCRUALDETAILS,SUPERCOMPARE.ACCRUALDETAILS
SUPERCOMPARE,ACCRUALS,SUPERCOMPARE.ACCRUALS
SUPERCOMPARE,ACCRUALSEXTRACT,SUPERCOMPARE.ACCRUALSEXTRACT
SUPERCOMPARE,ACCRUALSUMMARY,SUPERCOMPARE.ACCRUALSUMMARY
SUPERCOMPARE,ACCUNPAIDSPENDUPDATES,SUPERCOMPARE.ACCUNPAIDSPENDUPDATES
SUPERCOMPARE,ACTION,SUPERCOMPARE.ACTION
SUPERCOMPARE,ACTIONPARAMDATA,SUPERCOMPARE.ACTIONPARAMDATA
SUPERCOMPARE,ACTIONPARAMVALUE,SUPERCOMPARE.ACTIONPARAMVALUE
SUPERCOMPARE,ACTIONREQUEST,SUPERCOMPARE.ACTIONREQUEST
SUPERCOMPARE,ACTIONTYPE,SUPERCOMPARE.ACTIONTYPE
SUPERCOMPARE,ACTIONTYPEPARAM,SUPERCOMPARE.ACTIONTYPEPARAM
SUPERCOMPARE,ADDRESS,SUPERCOMPARE.ADDRESS
SUPERCOMPARE,ADDRESSFORMAT,SUPERCOMPARE.ADDRESSFORMAT
SUPERCOMPARE,ADDRESSFORMATITEM,SUPERCOMPARE.ADDRESSFORMATITEM
SUPERCOMPARE,ADJUSTMENT,SUPERCOMPARE.ADJUSTMENT
SUPERCOMPARE,ADJUSTMENTATTRIBUTES,SUPERCOMPARE.ADJUSTMENTATTRIBUTES
SUPERCOMPARE,ADJUSTMENTTYPE,SUPERCOMPARE.ADJUSTMENTTYPE
SUPERCOMPARE,ADJUSTMENTTYPEATTRIBUTES,SUPERCOMPARE.ADJUSTMENTTYPEATTRIBUTES
SUPERCOMPARE,AEGACCOUNT,SUPERCOMPARE.AEGACCOUNT
SUPERCOMPARE,AEGCATALOGUECHANGE,SUPERCOMPARE.AEGCATALOGUECHANGE
SUPERCOMPARE,AEGDAILYEVENTACCRUALS,SUPERCOMPARE.AEGDAILYEVENTACCRUALS
SUPERCOMPARE,AEGDAILYUSAGESUMMARY,SUPERCOMPARE.AEGDAILYUSAGESUMMARY
SUPERCOMPARE,AEGEVENTACCRUALS,SUPERCOMPARE.AEGEVENTACCRUALS
SUPERCOMPARE,AEGPRODUCTCHANGE,SUPERCOMPARE.AEGPRODUCTCHANGE
SUPERCOMPARE,AEGPRODUCTCHARGE,SUPERCOMPARE.AEGPRODUCTCHARGE
SUPERCOMPARE,AEGRECYCLEDEVENTS,SUPERCOMPARE.AEGRECYCLEDEVENTS
SUPERCOMPARE,AEGSUMMARIZEDDUS,SUPERCOMPARE.AEGSUMMARIZEDDUS
SUPERCOMPARE,AGEDEPENDENTPRICE,SUPERCOMPARE.AGEDEPENDENTPRICE
SUPERCOMPARE,AGEDEPENDENTPRICEBAND,SUPERCOMPARE.AGEDEPENDENTPRICEBAND
SUPERCOMPARE,AGGEVENTUSAGE,SUPERCOMPARE.AGGEVENTUSAGE
SUPERCOMPARE,ALLOCATIONTOBILL,SUPERCOMPARE.ALLOCATIONTOBILL
SUPERCOMPARE,ALLOCATIONTODEPOSIT,SUPERCOMPARE.ALLOCATIONTODEPOSIT
SUPERCOMPARE,ALTCOSTEDEVENT,SUPERCOMPARE.ALTCOSTEDEVENT
SUPERCOMPARE,ALTERNATEDELETEDINDEX,SUPERCOMPARE.ALTERNATEDELETEDINDEX
SUPERCOMPARE,ALTERNATEEVENTINDEX,SUPERCOMPARE.ALTERNATEEVENTINDEX
SUPERCOMPARE,AMFATTRIBUTETYPE,SUPERCOMPARE.AMFATTRIBUTETYPE
SUPERCOMPARE,AMFATTRTYPETOTABLE,SUPERCOMPARE.AMFATTRTYPETOTABLE
SUPERCOMPARE,AMFCLUSTER,SUPERCOMPARE.AMFCLUSTER
SUPERCOMPARE,AMFCLUSTERTOHOST,SUPERCOMPARE.AMFCLUSTERTOHOST
SUPERCOMPARE,AMFCLUSTERTYPE,SUPERCOMPARE.AMFCLUSTERTYPE
SUPERCOMPARE,AMFCOMPONENT,SUPERCOMPARE.AMFCOMPONENT
SUPERCOMPARE,AMFCOMPONENTARGUMENT,SUPERCOMPARE.AMFCOMPONENTARGUMENT
SUPERCOMPARE,AMFCOMPONENTTYPE,SUPERCOMPARE.AMFCOMPONENTTYPE
SUPERCOMPARE,AMFCOMPONENTTYPEARGUMENT,SUPERCOMPARE.AMFCOMPONENTTYPEARGUMENT
SUPERCOMPARE,AMFCOMPTYPETOSUTYPE,SUPERCOMPARE.AMFCOMPTYPETOSUTYPE
SUPERCOMPARE,AMFCSIATTRIBUTE,SUPERCOMPARE.AMFCSIATTRIBUTE
SUPERCOMPARE,AMFSERVICEGROUP,SUPERCOMPARE.AMFSERVICEGROUP
SUPERCOMPARE,AMFSERVICEGROUPARGUMENT,SUPERCOMPARE.AMFSERVICEGROUPARGUMENT
SUPERCOMPARE,AMFSERVICEGROUPTYPE,SUPERCOMPARE.AMFSERVICEGROUPTYPE
SUPERCOMPARE,AMFSERVICEUNIT,SUPERCOMPARE.AMFSERVICEUNIT
SUPERCOMPARE,AMFSERVICEUNITTYPE,SUPERCOMPARE.AMFSERVICEUNITTYPE
SUPERCOMPARE,AMFSGTYPETOCLUSTERTYPE,SUPERCOMPARE.AMFSGTYPETOCLUSTERTYPE
SUPERCOMPARE,AMFTABLE,SUPERCOMPARE.AMFTABLE
SUPERCOMPARE,ANNOUNCEMENTDEF,SUPERCOMPARE.ANNOUNCEMENTDEF
SUPERCOMPARE,AOPAUDIT,SUPERCOMPARE.AOPAUDIT
SUPERCOMPARE,ATTRIBUTESET,SUPERCOMPARE.ATTRIBUTESET
SUPERCOMPARE,ATTRIBUTESETATTRIBUTE,SUPERCOMPARE.ATTRIBUTESETATTRIBUTE
SUPERCOMPARE,ATTRIBUTESETNAMESPACE,SUPERCOMPARE.ATTRIBUTESETNAMESPACE
SUPERCOMPARE,ATTRIBUTETYPE,SUPERCOMPARE.ATTRIBUTETYPE
SUPERCOMPARE,ATTRONLINEREAMAPPING,SUPERCOMPARE.ATTRONLINEREAMAPPING
SUPERCOMPARE,AUDITTRAIL,SUPERCOMPARE.AUDITTRAIL
SUPERCOMPARE,AUDITTRANSACTION,SUPERCOMPARE.AUDITTRANSACTION
SUPERCOMPARE,AUDITTRANSACTIONACTION,SUPERCOMPARE.AUDITTRANSACTIONACTION
SUPERCOMPARE,AUDITTRANSACTIONCLASS,SUPERCOMPARE.AUDITTRANSACTIONCLASS
SUPERCOMPARE,BACKENDOUTAGEHIST,SUPERCOMPARE.BACKENDOUTAGEHIST
SUPERCOMPARE,BACKUPLOG,SUPERCOMPARE.BACKUPLOG
SUPERCOMPARE,BANDINGMODEL,SUPERCOMPARE.BANDINGMODEL
SUPERCOMPARE,BASETIMERATE,SUPERCOMPARE.BASETIMERATE
SUPERCOMPARE,BCRDATA,SUPERCOMPARE.BCRDATA
SUPERCOMPARE,BILLARCHIVELOG,SUPERCOMPARE.BILLARCHIVELOG
SUPERCOMPARE,BILLDATA,SUPERCOMPARE.BILLDATA
SUPERCOMPARE,BILLDATATAGDELETE,SUPERCOMPARE.BILLDATATAGDELETE
SUPERCOMPARE,BILLDATATAGMAP,SUPERCOMPARE.BILLDATATAGMAP
SUPERCOMPARE,BILLDATATAGRESPONSE,SUPERCOMPARE.BILLDATATAGRESPONSE
SUPERCOMPARE,BILLDETAILS,SUPERCOMPARE.BILLDETAILS
SUPERCOMPARE,BILLDISCOUNT,SUPERCOMPARE.BILLDISCOUNT
SUPERCOMPARE,BILLEVENTSUMMARY,SUPERCOMPARE.BILLEVENTSUMMARY
SUPERCOMPARE,BILLEVENTTAX,SUPERCOMPARE.BILLEVENTTAX
SUPERCOMPARE,BILLHANDLINGCODE,SUPERCOMPARE.BILLHANDLINGCODE
SUPERCOMPARE,BILLHASLATEFEESCHEDULE,SUPERCOMPARE.BILLHASLATEFEESCHEDULE
SUPERCOMPARE,BILLINGCONFLICT,SUPERCOMPARE.BILLINGCONFLICT
SUPERCOMPARE,BILLINGCONFLICTPARAMETER,SUPERCOMPARE.BILLINGCONFLICTPARAMETER
SUPERCOMPARE,BILLINGEDIT,SUPERCOMPARE.BILLINGEDIT
SUPERCOMPARE,BILLINGEDITPARAMETER,SUPERCOMPARE.BILLINGEDITPARAMETER
SUPERCOMPARE,BILLINGERRORLOG,SUPERCOMPARE.BILLINGERRORLOG
SUPERCOMPARE,BILLINGEXPORT,SUPERCOMPARE.BILLINGEXPORT
SUPERCOMPARE,BILLINGIMPORT,SUPERCOMPARE.BILLINGIMPORT
SUPERCOMPARE,BILLINGOFFER,SUPERCOMPARE.BILLINGOFFER
SUPERCOMPARE,BILLINGSUSPREASONTYPE,SUPERCOMPARE.BILLINGSUSPREASONTYPE
SUPERCOMPARE,BILLINSERT,SUPERCOMPARE.BILLINSERT
SUPERCOMPARE,BILLPRODUCTCHARGE,SUPERCOMPARE.BILLPRODUCTCHARGE
SUPERCOMPARE,BILLRECEIVABLE,SUPERCOMPARE.BILLRECEIVABLE
SUPERCOMPARE,BILLREQUEST,SUPERCOMPARE.BILLREQUEST
SUPERCOMPARE,BILLREQUESTATTRIBUTES,SUPERCOMPARE.BILLREQUESTATTRIBUTES
SUPERCOMPARE,BILLRUN,SUPERCOMPARE.BILLRUN
SUPERCOMPARE,BILLSTYLE,SUPERCOMPARE.BILLSTYLE
SUPERCOMPARE,BILLSTYLEHASPRODUCTFAMILY,SUPERCOMPARE.BILLSTYLEHASPRODUCTFAMILY
SUPERCOMPARE,BILLSTYLETYPEHASTEMPLATE,SUPERCOMPARE.BILLSTYLETYPEHASTEMPLATE
SUPERCOMPARE,BILLSUMMARY,SUPERCOMPARE.BILLSUMMARY
SUPERCOMPARE,BILLSUMMARYARCHIVEDDATA,SUPERCOMPARE.BILLSUMMARYARCHIVEDDATA
SUPERCOMPARE,BILLSUMMARYDATAMANAGEMENT,SUPERCOMPARE.BILLSUMMARYDATAMANAGEMENT
SUPERCOMPARE,BILLSUMMARYLITE,SUPERCOMPARE.BILLSUMMARYLITE
SUPERCOMPARE,BILLTEMPLATEHASMESSAGE,SUPERCOMPARE.BILLTEMPLATEHASMESSAGE
SUPERCOMPARE,BILLTYPE,SUPERCOMPARE.BILLTYPE
SUPERCOMPARE,BLUEDATACHANGE,SUPERCOMPARE.BLUEDATACHANGE
SUPERCOMPARE,BLUEDATACHANGEATTRIBUTE,SUPERCOMPARE.BLUEDATACHANGEATTRIBUTE
SUPERCOMPARE,BONUS,SUPERCOMPARE.BONUS
SUPERCOMPARE,BONUSREASON,SUPERCOMPARE.BONUSREASON
SUPERCOMPARE,BONUSSCHEME,SUPERCOMPARE.BONUSSCHEME
SUPERCOMPARE,BRTTAXDETAILS,SUPERCOMPARE.BRTTAXDETAILS
SUPERCOMPARE,BRTTAXSUMMARY,SUPERCOMPARE.BRTTAXSUMMARY
SUPERCOMPARE,BRTTAXTRANSACTION,SUPERCOMPARE.BRTTAXTRANSACTION
SUPERCOMPARE,BUCKETUNWINDTRNLOG,SUPERCOMPARE.BUCKETUNWINDTRNLOG
SUPERCOMPARE,BUDGETCENTRE,SUPERCOMPARE.BUDGETCENTRE
SUPERCOMPARE,BUDGETCENTREGROUP,SUPERCOMPARE.BUDGETCENTREGROUP
SUPERCOMPARE,BUDGETCENTREINGROUP,SUPERCOMPARE.BUDGETCENTREINGROUP
SUPERCOMPARE,BUDGETCENTREREPORT,SUPERCOMPARE.BUDGETCENTREREPORT
SUPERCOMPARE,BUDGETCENTRESUMMARY,SUPERCOMPARE.BUDGETCENTRESUMMARY
SUPERCOMPARE,BUDGETPAYMENTPLAN,SUPERCOMPARE.BUDGETPAYMENTPLAN
SUPERCOMPARE,BUSINESSROLE,SUPERCOMPARE.BUSINESSROLE
SUPERCOMPARE,BUSINESSROLEHASFUNCTION,SUPERCOMPARE.BUSINESSROLEHASFUNCTION
SUPERCOMPARE,BUSINESSROLEHASPERMISSION,SUPERCOMPARE.BUSINESSROLEHASPERMISSION
SUPERCOMPARE,BUSINESSROLEHASREPORT,SUPERCOMPARE.BUSINESSROLEHASREPORT
SUPERCOMPARE,BUSINESSROLEHASTASK,SUPERCOMPARE.BUSINESSROLEHASTASK
SUPERCOMPARE,CACHECOMPATIBILITY,SUPERCOMPARE.CACHECOMPATIBILITY
SUPERCOMPARE,CACHEDATASET,SUPERCOMPARE.CACHEDATASET
SUPERCOMPARE,CACHEDATASETTYPE,SUPERCOMPARE.CACHEDATASETTYPE
SUPERCOMPARE,CACHEDTABLE,SUPERCOMPARE.CACHEDTABLE
SUPERCOMPARE,CACHEDTABLEMIGRATION,SUPERCOMPARE.CACHEDTABLEMIGRATION
SUPERCOMPARE,CACHEINSTANCE,SUPERCOMPARE.CACHEINSTANCE
SUPERCOMPARE,CACHEREPLICATIONLATENCY,SUPERCOMPARE.CACHEREPLICATIONLATENCY
SUPERCOMPARE,CACHETYPE,SUPERCOMPARE.CACHETYPE
SUPERCOMPARE,CACHETYPEKEY,SUPERCOMPARE.CACHETYPEKEY
SUPERCOMPARE,CANCELBILLBILLPC,SUPERCOMPARE.CANCELBILLBILLPC
SUPERCOMPARE,CANCELBILLBONUSSCHEME,SUPERCOMPARE.CANCELBILLBONUSSCHEME
SUPERCOMPARE,CANCELBILLBUDGETPLAN,SUPERCOMPARE.CANCELBILLBUDGETPLAN
SUPERCOMPARE,CANCELBILLCHD,SUPERCOMPARE.CANCELBILLCHD
SUPERCOMPARE,CANCELBILLCPBD,SUPERCOMPARE.CANCELBILLCPBD
SUPERCOMPARE,CANCELBILLCPDP,SUPERCOMPARE.CANCELBILLCPDP
SUPERCOMPARE,CANCELBILLCUSTPC,SUPERCOMPARE.CANCELBILLCUSTPC
SUPERCOMPARE,CANCELBILLINFO,SUPERCOMPARE.CANCELBILLINFO
SUPERCOMPARE,CANCELBILLINSERT,SUPERCOMPARE.CANCELBILLINSERT
SUPERCOMPARE,CANCELBILLREQUEST,SUPERCOMPARE.CANCELBILLREQUEST
SUPERCOMPARE,CANCELBILLTAX,SUPERCOMPARE.CANCELBILLTAX
SUPERCOMPARE,CANCELCUSTPRODUCTACCOUNT,SUPERCOMPARE.CANCELCUSTPRODUCTACCOUNT
SUPERCOMPARE,CAPRULE,SUPERCOMPARE.CAPRULE
SUPERCOMPARE,CATALOGUEAUDIT,SUPERCOMPARE.CATALOGUEAUDIT
SUPERCOMPARE,CATALOGUECACHE,SUPERCOMPARE.CATALOGUECACHE
SUPERCOMPARE,CATALOGUECHANGE,SUPERCOMPARE.CATALOGUECHANGE
SUPERCOMPARE,CATALOGUEINTERIMDATA,SUPERCOMPARE.CATALOGUEINTERIMDATA
SUPERCOMPARE,CATALOGUETARIFFAUDIT,SUPERCOMPARE.CATALOGUETARIFFAUDIT
SUPERCOMPARE,CATDISCOUNTCHANGES,SUPERCOMPARE.CATDISCOUNTCHANGES
SUPERCOMPARE,CATDISCOUNTSTATUS,SUPERCOMPARE.CATDISCOUNTSTATUS
SUPERCOMPARE,CATEGORYREQUESTGROUP,SUPERCOMPARE.CATEGORYREQUESTGROUP
SUPERCOMPARE,CATPUBLISHINGLOG,SUPERCOMPARE.CATPUBLISHINGLOG
SUPERCOMPARE,CATPUBLISHINGLOG20201109123107,SUPERCOMPARE.CATPUBLISHINGLOG20201109123107
SUPERCOMPARE,CATSTOPAFTERXERRORS,SUPERCOMPARE.CATSTOPAFTERXERRORS
SUPERCOMPARE,CATVALIDATIONCHANGES,SUPERCOMPARE.CATVALIDATIONCHANGES
SUPERCOMPARE,CEFBALANCEDELTATOSYNCUP,SUPERCOMPARE.CEFBALANCEDELTATOSYNCUP
SUPERCOMPARE,CEFMISSINGEVENTSLOG,SUPERCOMPARE.CEFMISSINGEVENTSLOG
SUPERCOMPARE,CEFVERIFICATIONLOG,SUPERCOMPARE.CEFVERIFICATIONLOG
SUPERCOMPARE,CEUPROCESSES,SUPERCOMPARE.CEUPROCESSES
SUPERCOMPARE,CHARGEHASDISCOUNT,SUPERCOMPARE.CHARGEHASDISCOUNT
SUPERCOMPARE,CHARGESEGMENT,SUPERCOMPARE.CHARGESEGMENT
SUPERCOMPARE,COLLECTIONACTIVITYTYPE,SUPERCOMPARE.COLLECTIONACTIVITYTYPE
SUPERCOMPARE,COLLECTIVENOTE,SUPERCOMPARE.COLLECTIVENOTE
SUPERCOMPARE,COLLECTIVEVOTE,SUPERCOMPARE.COLLECTIVEVOTE
SUPERCOMPARE,COMMUNICATION,SUPERCOMPARE.COMMUNICATION
SUPERCOMPARE,COMMUNICATIONACTIONTYPE,SUPERCOMPARE.COMMUNICATIONACTIONTYPE
SUPERCOMPARE,COMMUNICATIONTYPE,SUPERCOMPARE.COMMUNICATIONTYPE
SUPERCOMPARE,COMMUNITYGROUP,SUPERCOMPARE.COMMUNITYGROUP
SUPERCOMPARE,COMMUNITYGROUPCHARGEDETAIL,SUPERCOMPARE.COMMUNITYGROUPCHARGEDETAIL
SUPERCOMPARE,COMMUNITYGROUPMEMBER,SUPERCOMPARE.COMMUNITYGROUPMEMBER
SUPERCOMPARE,COMMUNITYGROUPTYPE,SUPERCOMPARE.COMMUNITYGROUPTYPE
SUPERCOMPARE,COMMUNITYGROUPVERSIONNUM,SUPERCOMPARE.COMMUNITYGROUPVERSIONNUM
SUPERCOMPARE,COMPANYDETAILS,SUPERCOMPARE.COMPANYDETAILS
SUPERCOMPARE,COMPLEXITYRULE,SUPERCOMPARE.COMPLEXITYRULE
SUPERCOMPARE,COMPOSITEFILTER,SUPERCOMPARE.COMPOSITEFILTER
SUPERCOMPARE,COMPOSITEPREDICATE,SUPERCOMPARE.COMPOSITEPREDICATE
SUPERCOMPARE,CONSOLEAUDIT,SUPERCOMPARE.CONSOLEAUDIT
SUPERCOMPARE,CONTACT,SUPERCOMPARE.CONTACT
SUPERCOMPARE,CONTACTDETAILS,SUPERCOMPARE.CONTACTDETAILS
SUPERCOMPARE,CONTACTTYPE,SUPERCOMPARE.CONTACTTYPE
SUPERCOMPARE,CONTRACTEDPOINTOFSUPPLY,SUPERCOMPARE.CONTRACTEDPOINTOFSUPPLY
SUPERCOMPARE,CONTRACTTYPE,SUPERCOMPARE.CONTRACTTYPE
SUPERCOMPARE,CONTROLLEDINTERFACE,SUPERCOMPARE.CONTROLLEDINTERFACE
SUPERCOMPARE,CONTROLLEDINTERFACEPARTY,SUPERCOMPARE.CONTROLLEDINTERFACEPARTY
SUPERCOMPARE,COSTBAND,SUPERCOMPARE.COSTBAND
SUPERCOMPARE,COSTCENTRE,SUPERCOMPARE.COSTCENTRE
SUPERCOMPARE,COSTCODE,SUPERCOMPARE.COSTCODE
SUPERCOMPARE,COSTEDEVENT,SUPERCOMPARE.COSTEDEVENT
SUPERCOMPARE,COSTEDEVENT1,SUPERCOMPARE.COSTEDEVENT1
SUPERCOMPARE,COSTEDEVENT10,SUPERCOMPARE.COSTEDEVENT10
SUPERCOMPARE,COSTEDEVENT11,SUPERCOMPARE.COSTEDEVENT11
SUPERCOMPARE,COSTEDEVENT12,SUPERCOMPARE.COSTEDEVENT12
SUPERCOMPARE,COSTEDEVENT13,SUPERCOMPARE.COSTEDEVENT13
SUPERCOMPARE,COSTEDEVENT14,SUPERCOMPARE.COSTEDEVENT14
SUPERCOMPARE,COSTEDEVENT15,SUPERCOMPARE.COSTEDEVENT15
SUPERCOMPARE,COSTEDEVENT16,SUPERCOMPARE.COSTEDEVENT16
SUPERCOMPARE,COSTEDEVENT17,SUPERCOMPARE.COSTEDEVENT17
SUPERCOMPARE,COSTEDEVENT18,SUPERCOMPARE.COSTEDEVENT18
SUPERCOMPARE,COSTEDEVENT19,SUPERCOMPARE.COSTEDEVENT19
SUPERCOMPARE,COSTEDEVENT2,SUPERCOMPARE.COSTEDEVENT2
SUPERCOMPARE,COSTEDEVENT20,SUPERCOMPARE.COSTEDEVENT20
SUPERCOMPARE,COSTEDEVENT21,SUPERCOMPARE.COSTEDEVENT21
SUPERCOMPARE,COSTEDEVENT22,SUPERCOMPARE.COSTEDEVENT22
SUPERCOMPARE,COSTEDEVENT23,SUPERCOMPARE.COSTEDEVENT23
SUPERCOMPARE,COSTEDEVENT24,SUPERCOMPARE.COSTEDEVENT24
SUPERCOMPARE,COSTEDEVENT25,SUPERCOMPARE.COSTEDEVENT25
SUPERCOMPARE,COSTEDEVENT26,SUPERCOMPARE.COSTEDEVENT26
SUPERCOMPARE,COSTEDEVENT27,SUPERCOMPARE.COSTEDEVENT27
SUPERCOMPARE,COSTEDEVENT28,SUPERCOMPARE.COSTEDEVENT28
SUPERCOMPARE,COSTEDEVENT29,SUPERCOMPARE.COSTEDEVENT29
SUPERCOMPARE,COSTEDEVENT3,SUPERCOMPARE.COSTEDEVENT3
SUPERCOMPARE,COSTEDEVENT30,SUPERCOMPARE.COSTEDEVENT30
SUPERCOMPARE,COSTEDEVENT31,SUPERCOMPARE.COSTEDEVENT31
SUPERCOMPARE,COSTEDEVENT32,SUPERCOMPARE.COSTEDEVENT32
SUPERCOMPARE,COSTEDEVENT33,SUPERCOMPARE.COSTEDEVENT33
SUPERCOMPARE,COSTEDEVENT34,SUPERCOMPARE.COSTEDEVENT34
SUPERCOMPARE,COSTEDEVENT35,SUPERCOMPARE.COSTEDEVENT35
SUPERCOMPARE,COSTEDEVENT36,SUPERCOMPARE.COSTEDEVENT36
SUPERCOMPARE,COSTEDEVENT37,SUPERCOMPARE.COSTEDEVENT37
SUPERCOMPARE,COSTEDEVENT38,SUPERCOMPARE.COSTEDEVENT38
SUPERCOMPARE,COSTEDEVENT39,SUPERCOMPARE.COSTEDEVENT39
SUPERCOMPARE,COSTEDEVENT4,SUPERCOMPARE.COSTEDEVENT4
SUPERCOMPARE,COSTEDEVENT40,SUPERCOMPARE.COSTEDEVENT40
SUPERCOMPARE,COSTEDEVENT41,SUPERCOMPARE.COSTEDEVENT41
SUPERCOMPARE,COSTEDEVENT42,SUPERCOMPARE.COSTEDEVENT42
SUPERCOMPARE,COSTEDEVENT43,SUPERCOMPARE.COSTEDEVENT43
SUPERCOMPARE,COSTEDEVENT44,SUPERCOMPARE.COSTEDEVENT44
SUPERCOMPARE,COSTEDEVENT45,SUPERCOMPARE.COSTEDEVENT45
SUPERCOMPARE,COSTEDEVENT46,SUPERCOMPARE.COSTEDEVENT46
SUPERCOMPARE,COSTEDEVENT47,SUPERCOMPARE.COSTEDEVENT47
SUPERCOMPARE,COSTEDEVENT48,SUPERCOMPARE.COSTEDEVENT48
SUPERCOMPARE,COSTEDEVENT49,SUPERCOMPARE.COSTEDEVENT49
SUPERCOMPARE,COSTEDEVENT5,SUPERCOMPARE.COSTEDEVENT5
SUPERCOMPARE,COSTEDEVENT50,SUPERCOMPARE.COSTEDEVENT50
SUPERCOMPARE,COSTEDEVENT51,SUPERCOMPARE.COSTEDEVENT51
SUPERCOMPARE,COSTEDEVENT52,SUPERCOMPARE.COSTEDEVENT52
SUPERCOMPARE,COSTEDEVENT53,SUPERCOMPARE.COSTEDEVENT53
SUPERCOMPARE,COSTEDEVENT54,SUPERCOMPARE.COSTEDEVENT54
SUPERCOMPARE,COSTEDEVENT55,SUPERCOMPARE.COSTEDEVENT55
SUPERCOMPARE,COSTEDEVENT56,SUPERCOMPARE.COSTEDEVENT56
SUPERCOMPARE,COSTEDEVENT57,SUPERCOMPARE.COSTEDEVENT57
SUPERCOMPARE,COSTEDEVENT58,SUPERCOMPARE.COSTEDEVENT58
SUPERCOMPARE,COSTEDEVENT59,SUPERCOMPARE.COSTEDEVENT59
SUPERCOMPARE,COSTEDEVENT6,SUPERCOMPARE.COSTEDEVENT6
SUPERCOMPARE,COSTEDEVENT60,SUPERCOMPARE.COSTEDEVENT60
SUPERCOMPARE,COSTEDEVENT7,SUPERCOMPARE.COSTEDEVENT7
SUPERCOMPARE,COSTEDEVENT8,SUPERCOMPARE.COSTEDEVENT8
SUPERCOMPARE,COSTEDEVENT9,SUPERCOMPARE.COSTEDEVENT9
SUPERCOMPARE,COSTEDEVENTEEA,SUPERCOMPARE.COSTEDEVENTEEA
SUPERCOMPARE,COSTGROUP,SUPERCOMPARE.COSTGROUP
SUPERCOMPARE,COSTGROUPXREF,SUPERCOMPARE.COSTGROUPXREF
SUPERCOMPARE,COSTINGRULES,SUPERCOMPARE.COSTINGRULES
SUPERCOMPARE,COUNTRY,SUPERCOMPARE.COUNTRY
SUPERCOMPARE,CPCSPLITBYAMOUNT,SUPERCOMPARE.CPCSPLITBYAMOUNT
SUPERCOMPARE,CPDUMANAGEREQUEST,SUPERCOMPARE.CPDUMANAGEREQUEST
SUPERCOMPARE,CPRDLIFECYCLE,SUPERCOMPARE.CPRDLIFECYCLE
SUPERCOMPARE,CPSADJTYPETAX,SUPERCOMPARE.CPSADJTYPETAX
SUPERCOMPARE,CPSEVENTTAX,SUPERCOMPARE.CPSEVENTTAX
SUPERCOMPARE,CPSOTCTYPETAX,SUPERCOMPARE.CPSOTCTYPETAX
SUPERCOMPARE,CPSOVERRIDETAX,SUPERCOMPARE.CPSOVERRIDETAX
SUPERCOMPARE,CPSPRODUCTTAX,SUPERCOMPARE.CPSPRODUCTTAX
SUPERCOMPARE,CREATE$JAVA$LOB$TABLE,SUPERCOMPARE.CREATE$JAVA$LOB$TABLE
SUPERCOMPARE,CREDITCLASS,SUPERCOMPARE.CREDITCLASS
SUPERCOMPARE,CUDSUMMARY,SUPERCOMPARE.CUDSUMMARY
SUPERCOMPARE,CURRENCY,SUPERCOMPARE.CURRENCY
SUPERCOMPARE,CURRENCYCONVERSION,SUPERCOMPARE.CURRENCYCONVERSION
SUPERCOMPARE,CURRENCYROUNDING,SUPERCOMPARE.CURRENCYROUNDING
SUPERCOMPARE,CUSTADDRESSTRANSFERHIST,SUPERCOMPARE.CUSTADDRESSTRANSFERHIST
SUPERCOMPARE,CUSTCONTACTTRANSFERHIST,SUPERCOMPARE.CUSTCONTACTTRANSFERHIST
SUPERCOMPARE,CUSTCONTRACTTRANSFERHIST,SUPERCOMPARE.CUSTCONTRACTTRANSFERHIST
SUPERCOMPARE,CUSTEVENTSOURCE,SUPERCOMPARE.CUSTEVENTSOURCE
SUPERCOMPARE,CUSTFILTERELEMENT,SUPERCOMPARE.CUSTFILTERELEMENT
SUPERCOMPARE,CUSTHASLOYALTYPROG,SUPERCOMPARE.CUSTHASLOYALTYPROG
SUPERCOMPARE,CUSTHASPACKAGE,SUPERCOMPARE.CUSTHASPACKAGE
SUPERCOMPARE,CUSTHASPRODUCT,SUPERCOMPARE.CUSTHASPRODUCT
SUPERCOMPARE,CUSTHASTEMPLATE,SUPERCOMPARE.CUSTHASTEMPLATE
SUPERCOMPARE,CUSTLOYALTYCATEGORYTRANS,SUPERCOMPARE.CUSTLOYALTYCATEGORYTRANS
SUPERCOMPARE,CUSTOMER,SUPERCOMPARE.CUSTOMER
SUPERCOMPARE,CUSTOMERATTRIBUTES,SUPERCOMPARE.CUSTOMERATTRIBUTES
SUPERCOMPARE,CUSTOMERAUDIT,SUPERCOMPARE.CUSTOMERAUDIT
SUPERCOMPARE,CUSTOMERCONTRACT,SUPERCOMPARE.CUSTOMERCONTRACT
SUPERCOMPARE,CUSTOMERFORMATTINGREQUEST,SUPERCOMPARE.CUSTOMERFORMATTINGREQUEST
SUPERCOMPARE,CUSTOMERREISSUEREQUEST,SUPERCOMPARE.CUSTOMERREISSUEREQUEST
SUPERCOMPARE,CUSTOMERREPORT,SUPERCOMPARE.CUSTOMERREPORT
SUPERCOMPARE,CUSTOMERTYPE,SUPERCOMPARE.CUSTOMERTYPE
SUPERCOMPARE,CUSTOVERRIDEBILLDISCOUNT,SUPERCOMPARE.CUSTOVERRIDEBILLDISCOUNT
SUPERCOMPARE,CUSTOVERRIDEDISCOUNT,SUPERCOMPARE.CUSTOVERRIDEDISCOUNT
SUPERCOMPARE,CUSTOVERRIDEDISCOUNTSTEP,SUPERCOMPARE.CUSTOVERRIDEDISCOUNTSTEP
SUPERCOMPARE,CUSTOVERRIDEDISCTFRHIST,SUPERCOMPARE.CUSTOVERRIDEDISCTFRHIST
SUPERCOMPARE,CUSTOVERRIDEPRICE,SUPERCOMPARE.CUSTOVERRIDEPRICE
SUPERCOMPARE,CUSTOVERRIDEPRICETFRHIST,SUPERCOMPARE.CUSTOVERRIDEPRICETFRHIST
SUPERCOMPARE,CUSTOVERRIDERATE,SUPERCOMPARE.CUSTOVERRIDERATE
SUPERCOMPARE,CUSTOVERRIDERATETFRHIST,SUPERCOMPARE.CUSTOVERRIDERATETFRHIST
SUPERCOMPARE,CUSTOVRBILLDISCTFRHIST,SUPERCOMPARE.CUSTOVRBILLDISCTFRHIST
SUPERCOMPARE,CUSTPERIODCLOSED,SUPERCOMPARE.CUSTPERIODCLOSED
SUPERCOMPARE,CUSTPRODACTIONTHRESHOLD,SUPERCOMPARE.CUSTPRODACTIONTHRESHOLD
SUPERCOMPARE,CUSTPRODADDONRATEDETAILS,SUPERCOMPARE.CUSTPRODADDONRATEDETAILS
SUPERCOMPARE,CUSTPRODBILLDISCMIGRATION,SUPERCOMPARE.CUSTPRODBILLDISCMIGRATION
SUPERCOMPARE,CUSTPRODBILLINGDISCOUNT,SUPERCOMPARE.CUSTPRODBILLINGDISCOUNT
SUPERCOMPARE,CUSTPRODCHARGINGRULES,SUPERCOMPARE.CUSTPRODCHARGINGRULES
SUPERCOMPARE,CUSTPRODCHRGRESETREQUEST,SUPERCOMPARE.CUSTPRODCHRGRESETREQUEST
SUPERCOMPARE,CUSTPRODDISCOUNTDETAILS,SUPERCOMPARE.CUSTPRODDISCOUNTDETAILS
SUPERCOMPARE,CUSTPRODDISCOUNTPERIOD,SUPERCOMPARE.CUSTPRODDISCOUNTPERIOD
SUPERCOMPARE,CUSTPRODDISCPARTITIONS,SUPERCOMPARE.CUSTPRODDISCPARTITIONS
SUPERCOMPARE,CUSTPRODEXTENDEDATTRDET,SUPERCOMPARE.CUSTPRODEXTENDEDATTRDET
SUPERCOMPARE,CUSTPRODINVBONUSLOG,SUPERCOMPARE.CUSTPRODINVBONUSLOG
SUPERCOMPARE,CUSTPRODINVDISCEVSRCUSAGE,SUPERCOMPARE.CUSTPRODINVDISCEVSRCUSAGE
SUPERCOMPARE,CUSTPRODINVOICEDISCUSAGE,SUPERCOMPARE.CUSTPRODINVOICEDISCUSAGE
SUPERCOMPARE,CUSTPRODRATINGDISCOUNT,SUPERCOMPARE.CUSTPRODRATINGDISCOUNT
SUPERCOMPARE,CUSTPRODUCTACCOUNT,SUPERCOMPARE.CUSTPRODUCTACCOUNT
SUPERCOMPARE,CUSTPRODUCTADDRESS,SUPERCOMPARE.CUSTPRODUCTADDRESS
SUPERCOMPARE,CUSTPRODUCTATTRDETAILS,SUPERCOMPARE.CUSTPRODUCTATTRDETAILS
SUPERCOMPARE,CUSTPRODUCTCHARGE,SUPERCOMPARE.CUSTPRODUCTCHARGE
SUPERCOMPARE,CUSTPRODUCTDETAILS,SUPERCOMPARE.CUSTPRODUCTDETAILS
SUPERCOMPARE,CUSTPRODUCTDISCOUNTUSAGE,SUPERCOMPARE.CUSTPRODUCTDISCOUNTUSAGE
SUPERCOMPARE,CUSTPRODUCTEVENTTYPES,SUPERCOMPARE.CUSTPRODUCTEVENTTYPES
SUPERCOMPARE,CUSTPRODUCTSTATUS,SUPERCOMPARE.CUSTPRODUCTSTATUS
SUPERCOMPARE,CUSTPRODUCTTARIFFDETAILS,SUPERCOMPARE.CUSTPRODUCTTARIFFDETAILS
SUPERCOMPARE,CUSTPRODUCTTRANSFERAUDIT,SUPERCOMPARE.CUSTPRODUCTTRANSFERAUDIT
SUPERCOMPARE,CUSTPRODUCTTRANSFERHIST,SUPERCOMPARE.CUSTPRODUCTTRANSFERHIST
SUPERCOMPARE,DAEMONREGISTRATION,SUPERCOMPARE.DAEMONREGISTRATION
SUPERCOMPARE,DATABASESERVICENAME,SUPERCOMPARE.DATABASESERVICENAME
SUPERCOMPARE,DATAMANAGEMENTCONTROL,SUPERCOMPARE.DATAMANAGEMENTCONTROL
SUPERCOMPARE,DATA_B2B_EOC,SUPERCOMPARE.DATA_B2B_EOC
SUPERCOMPARE,DBERRORLOG,SUPERCOMPARE.DBERRORLOG
SUPERCOMPARE,DEBTAGEBAND,SUPERCOMPARE.DEBTAGEBAND
SUPERCOMPARE,DEBTANALYSISREQDFORACC,SUPERCOMPARE.DEBTANALYSISREQDFORACC
SUPERCOMPARE,DEBTESCALATIONACTION,SUPERCOMPARE.DEBTESCALATIONACTION
SUPERCOMPARE,DEBTESCALATIONREQUEST,SUPERCOMPARE.DEBTESCALATIONREQUEST
SUPERCOMPARE,DEBTESCALATIONSCHEDULE,SUPERCOMPARE.DEBTESCALATIONSCHEDULE
SUPERCOMPARE,DEBTESCALATIONSYSTEM,SUPERCOMPARE.DEBTESCALATIONSYSTEM
SUPERCOMPARE,DEBTESCREQBILL,SUPERCOMPARE.DEBTESCREQBILL
SUPERCOMPARE,DEFAULTCREDITCLASS,SUPERCOMPARE.DEFAULTCREDITCLASS
SUPERCOMPARE,DELETEDBILLSUMMARY,SUPERCOMPARE.DELETEDBILLSUMMARY
SUPERCOMPARE,DELETEDINITIALINDEX1,SUPERCOMPARE.DELETEDINITIALINDEX1
SUPERCOMPARE,DELETEDINITIALINDEX2,SUPERCOMPARE.DELETEDINITIALINDEX2
SUPERCOMPARE,DELETEDPERIODICINDEX,SUPERCOMPARE.DELETEDPERIODICINDEX
SUPERCOMPARE,DELETEEVENT,SUPERCOMPARE.DELETEEVENT
SUPERCOMPARE,DELETEEVENT1,SUPERCOMPARE.DELETEEVENT1
SUPERCOMPARE,DELETEEVENT10,SUPERCOMPARE.DELETEEVENT10
SUPERCOMPARE,DELETEEVENT11,SUPERCOMPARE.DELETEEVENT11
SUPERCOMPARE,DELETEEVENT12,SUPERCOMPARE.DELETEEVENT12
SUPERCOMPARE,DELETEEVENT13,SUPERCOMPARE.DELETEEVENT13
SUPERCOMPARE,DELETEEVENT14,SUPERCOMPARE.DELETEEVENT14
SUPERCOMPARE,DELETEEVENT15,SUPERCOMPARE.DELETEEVENT15
SUPERCOMPARE,DELETEEVENT16,SUPERCOMPARE.DELETEEVENT16
SUPERCOMPARE,DELETEEVENT17,SUPERCOMPARE.DELETEEVENT17
SUPERCOMPARE,DELETEEVENT18,SUPERCOMPARE.DELETEEVENT18
SUPERCOMPARE,DELETEEVENT19,SUPERCOMPARE.DELETEEVENT19
SUPERCOMPARE,DELETEEVENT2,SUPERCOMPARE.DELETEEVENT2
SUPERCOMPARE,DELETEEVENT20,SUPERCOMPARE.DELETEEVENT20
SUPERCOMPARE,DELETEEVENT21,SUPERCOMPARE.DELETEEVENT21
SUPERCOMPARE,DELETEEVENT22,SUPERCOMPARE.DELETEEVENT22
SUPERCOMPARE,DELETEEVENT23,SUPERCOMPARE.DELETEEVENT23
SUPERCOMPARE,DELETEEVENT24,SUPERCOMPARE.DELETEEVENT24
SUPERCOMPARE,DELETEEVENT25,SUPERCOMPARE.DELETEEVENT25
SUPERCOMPARE,DELETEEVENT26,SUPERCOMPARE.DELETEEVENT26
SUPERCOMPARE,DELETEEVENT27,SUPERCOMPARE.DELETEEVENT27
SUPERCOMPARE,DELETEEVENT28,SUPERCOMPARE.DELETEEVENT28
SUPERCOMPARE,DELETEEVENT29,SUPERCOMPARE.DELETEEVENT29
SUPERCOMPARE,DELETEEVENT3,SUPERCOMPARE.DELETEEVENT3
SUPERCOMPARE,DELETEEVENT30,SUPERCOMPARE.DELETEEVENT30
SUPERCOMPARE,DELETEEVENT31,SUPERCOMPARE.DELETEEVENT31
SUPERCOMPARE,DELETEEVENT32,SUPERCOMPARE.DELETEEVENT32
SUPERCOMPARE,DELETEEVENT33,SUPERCOMPARE.DELETEEVENT33
SUPERCOMPARE,DELETEEVENT34,SUPERCOMPARE.DELETEEVENT34
SUPERCOMPARE,DELETEEVENT35,SUPERCOMPARE.DELETEEVENT35
SUPERCOMPARE,DELETEEVENT36,SUPERCOMPARE.DELETEEVENT36
SUPERCOMPARE,DELETEEVENT37,SUPERCOMPARE.DELETEEVENT37
SUPERCOMPARE,DELETEEVENT38,SUPERCOMPARE.DELETEEVENT38
SUPERCOMPARE,DELETEEVENT39,SUPERCOMPARE.DELETEEVENT39
SUPERCOMPARE,DELETEEVENT4,SUPERCOMPARE.DELETEEVENT4
SUPERCOMPARE,DELETEEVENT40,SUPERCOMPARE.DELETEEVENT40
SUPERCOMPARE,DELETEEVENT41,SUPERCOMPARE.DELETEEVENT41
SUPERCOMPARE,DELETEEVENT42,SUPERCOMPARE.DELETEEVENT42
SUPERCOMPARE,DELETEEVENT43,SUPERCOMPARE.DELETEEVENT43
SUPERCOMPARE,DELETEEVENT44,SUPERCOMPARE.DELETEEVENT44
SUPERCOMPARE,DELETEEVENT45,SUPERCOMPARE.DELETEEVENT45
SUPERCOMPARE,DELETEEVENT46,SUPERCOMPARE.DELETEEVENT46
SUPERCOMPARE,DELETEEVENT47,SUPERCOMPARE.DELETEEVENT47
SUPERCOMPARE,DELETEEVENT48,SUPERCOMPARE.DELETEEVENT48
SUPERCOMPARE,DELETEEVENT49,SUPERCOMPARE.DELETEEVENT49
SUPERCOMPARE,DELETEEVENT5,SUPERCOMPARE.DELETEEVENT5
SUPERCOMPARE,DELETEEVENT50,SUPERCOMPARE.DELETEEVENT50
SUPERCOMPARE,DELETEEVENT51,SUPERCOMPARE.DELETEEVENT51
SUPERCOMPARE,DELETEEVENT52,SUPERCOMPARE.DELETEEVENT52
SUPERCOMPARE,DELETEEVENT53,SUPERCOMPARE.DELETEEVENT53
SUPERCOMPARE,DELETEEVENT54,SUPERCOMPARE.DELETEEVENT54
SUPERCOMPARE,DELETEEVENT55,SUPERCOMPARE.DELETEEVENT55
SUPERCOMPARE,DELETEEVENT56,SUPERCOMPARE.DELETEEVENT56
SUPERCOMPARE,DELETEEVENT57,SUPERCOMPARE.DELETEEVENT57
SUPERCOMPARE,DELETEEVENT58,SUPERCOMPARE.DELETEEVENT58
SUPERCOMPARE,DELETEEVENT59,SUPERCOMPARE.DELETEEVENT59
SUPERCOMPARE,DELETEEVENT6,SUPERCOMPARE.DELETEEVENT6
SUPERCOMPARE,DELETEEVENT60,SUPERCOMPARE.DELETEEVENT60
SUPERCOMPARE,DELETEEVENT7,SUPERCOMPARE.DELETEEVENT7
SUPERCOMPARE,DELETEEVENT8,SUPERCOMPARE.DELETEEVENT8
SUPERCOMPARE,DELETEEVENT9,SUPERCOMPARE.DELETEEVENT9
SUPERCOMPARE,DELETEEVENTEEA,SUPERCOMPARE.DELETEEVENTEEA
SUPERCOMPARE,DELINQUENCYPOLICY,SUPERCOMPARE.DELINQUENCYPOLICY
SUPERCOMPARE,DEPOSITBALANCE,SUPERCOMPARE.DEPOSITBALANCE
SUPERCOMPARE,DEPOSITREQUEST,SUPERCOMPARE.DEPOSITREQUEST
SUPERCOMPARE,DEPOSITTYPE,SUPERCOMPARE.DEPOSITTYPE
SUPERCOMPARE,DEPRECATE_VERSION_NRM_2020,SUPERCOMPARE.DEPRECATE_VERSION_NRM_2020
SUPERCOMPARE,DIAMAVPSDEFINITION,SUPERCOMPARE.DIAMAVPSDEFINITION
SUPERCOMPARE,DIAMCOMMANDMAPPINGS,SUPERCOMPARE.DIAMCOMMANDMAPPINGS
SUPERCOMPARE,DIAMENUMAVPSDEFINITION,SUPERCOMPARE.DIAMENUMAVPSDEFINITION
SUPERCOMPARE,DIAMRESULTCODEANNIDMAP,SUPERCOMPARE.DIAMRESULTCODEANNIDMAP
SUPERCOMPARE,DISCACTIONTHRESHOLD,SUPERCOMPARE.DISCACTIONTHRESHOLD
SUPERCOMPARE,DISCACTIONTHRESHOLDSET,SUPERCOMPARE.DISCACTIONTHRESHOLDSET
SUPERCOMPARE,DISCBUCKETTRNMETADATA,SUPERCOMPARE.DISCBUCKETTRNMETADATA
SUPERCOMPARE,DISCHASPOLICYCOUNTER,SUPERCOMPARE.DISCHASPOLICYCOUNTER
SUPERCOMPARE,DISCNOMINATEDACCOUNT,SUPERCOMPARE.DISCNOMINATEDACCOUNT
SUPERCOMPARE,DISCOUNTACTIONREQUEST,SUPERCOMPARE.DISCOUNTACTIONREQUEST
SUPERCOMPARE,DISCOUNTSTATUSACTION,SUPERCOMPARE.DISCOUNTSTATUSACTION
SUPERCOMPARE,DISCOUNTSTATUSACTIONSET,SUPERCOMPARE.DISCOUNTSTATUSACTIONSET
SUPERCOMPARE,DISPLAYNAME,SUPERCOMPARE.DISPLAYNAME
SUPERCOMPARE,DISPUTE,SUPERCOMPARE.DISPUTE
SUPERCOMPARE,DISPUTEBILLPRODUCTCHARGE,SUPERCOMPARE.DISPUTEBILLPRODUCTCHARGE
SUPERCOMPARE,DISPUTEEVENT,SUPERCOMPARE.DISPUTEEVENT
SUPERCOMPARE,DISPUTETYPE,SUPERCOMPARE.DISPUTETYPE
SUPERCOMPARE,DISTRIBUTEDRELEASE,SUPERCOMPARE.DISTRIBUTEDRELEASE
SUPERCOMPARE,DOMAINEDDATAREPLLATENCY,SUPERCOMPARE.DOMAINEDDATAREPLLATENCY
SUPERCOMPARE,DOMAINGROUP,SUPERCOMPARE.DOMAINGROUP
SUPERCOMPARE,DOMAINGROUPASSIGNMENT,SUPERCOMPARE.DOMAINGROUPASSIGNMENT
SUPERCOMPARE,DOMAINIDCHANGEREQUEST,SUPERCOMPARE.DOMAINIDCHANGEREQUEST
SUPERCOMPARE,DOMAINLOOKUP,SUPERCOMPARE.DOMAINLOOKUP
SUPERCOMPARE,DONATEDDISCOUNT,SUPERCOMPARE.DONATEDDISCOUNT
SUPERCOMPARE,DUNNINGARCHIVELOG,SUPERCOMPARE.DUNNINGARCHIVELOG
SUPERCOMPARE,DUNNINGDATA,SUPERCOMPARE.DUNNINGDATA
SUPERCOMPARE,DUNNINGLETTER,SUPERCOMPARE.DUNNINGLETTER
SUPERCOMPARE,DUNNINGLETTERTEMPLATE,SUPERCOMPARE.DUNNINGLETTERTEMPLATE
SUPERCOMPARE,DUPLICATEADJUSTMENT,SUPERCOMPARE.DUPLICATEADJUSTMENT
SUPERCOMPARE,DUPLICATECHECK1,SUPERCOMPARE.DUPLICATECHECK1
SUPERCOMPARE,DUPLICATECHECK10,SUPERCOMPARE.DUPLICATECHECK10
SUPERCOMPARE,DUPLICATECHECK11,SUPERCOMPARE.DUPLICATECHECK11
SUPERCOMPARE,DUPLICATECHECK12,SUPERCOMPARE.DUPLICATECHECK12
SUPERCOMPARE,DUPLICATECHECK13,SUPERCOMPARE.DUPLICATECHECK13
SUPERCOMPARE,DUPLICATECHECK14,SUPERCOMPARE.DUPLICATECHECK14
SUPERCOMPARE,DUPLICATECHECK15,SUPERCOMPARE.DUPLICATECHECK15
SUPERCOMPARE,DUPLICATECHECK16,SUPERCOMPARE.DUPLICATECHECK16
SUPERCOMPARE,DUPLICATECHECK17,SUPERCOMPARE.DUPLICATECHECK17
SUPERCOMPARE,DUPLICATECHECK18,SUPERCOMPARE.DUPLICATECHECK18
SUPERCOMPARE,DUPLICATECHECK19,SUPERCOMPARE.DUPLICATECHECK19
SUPERCOMPARE,DUPLICATECHECK2,SUPERCOMPARE.DUPLICATECHECK2
SUPERCOMPARE,DUPLICATECHECK20,SUPERCOMPARE.DUPLICATECHECK20
SUPERCOMPARE,DUPLICATECHECK21,SUPERCOMPARE.DUPLICATECHECK21
SUPERCOMPARE,DUPLICATECHECK22,SUPERCOMPARE.DUPLICATECHECK22
SUPERCOMPARE,DUPLICATECHECK23,SUPERCOMPARE.DUPLICATECHECK23
SUPERCOMPARE,DUPLICATECHECK24,SUPERCOMPARE.DUPLICATECHECK24
SUPERCOMPARE,DUPLICATECHECK25,SUPERCOMPARE.DUPLICATECHECK25
SUPERCOMPARE,DUPLICATECHECK26,SUPERCOMPARE.DUPLICATECHECK26
SUPERCOMPARE,DUPLICATECHECK27,SUPERCOMPARE.DUPLICATECHECK27
SUPERCOMPARE,DUPLICATECHECK28,SUPERCOMPARE.DUPLICATECHECK28
SUPERCOMPARE,DUPLICATECHECK29,SUPERCOMPARE.DUPLICATECHECK29
SUPERCOMPARE,DUPLICATECHECK3,SUPERCOMPARE.DUPLICATECHECK3
SUPERCOMPARE,DUPLICATECHECK30,SUPERCOMPARE.DUPLICATECHECK30
SUPERCOMPARE,DUPLICATECHECK4,SUPERCOMPARE.DUPLICATECHECK4
SUPERCOMPARE,DUPLICATECHECK5,SUPERCOMPARE.DUPLICATECHECK5
SUPERCOMPARE,DUPLICATECHECK6,SUPERCOMPARE.DUPLICATECHECK6
SUPERCOMPARE,DUPLICATECHECK7,SUPERCOMPARE.DUPLICATECHECK7
SUPERCOMPARE,DUPLICATECHECK8,SUPERCOMPARE.DUPLICATECHECK8
SUPERCOMPARE,DUPLICATECHECK9,SUPERCOMPARE.DUPLICATECHECK9
SUPERCOMPARE,DUPLICATEEVENT,SUPERCOMPARE.DUPLICATEEVENT
SUPERCOMPARE,DUPLICATEEVENTAUDIT,SUPERCOMPARE.DUPLICATEEVENTAUDIT
SUPERCOMPARE,EATREQUEST,SUPERCOMPARE.EATREQUEST
SUPERCOMPARE,ECAAUDITTRAIL,SUPERCOMPARE.ECAAUDITTRAIL
SUPERCOMPARE,ECATABLEVERSION,SUPERCOMPARE.ECATABLEVERSION
SUPERCOMPARE,ESCAUDIT,SUPERCOMPARE.ESCAUDIT
SUPERCOMPARE,ESCAUDITSNAPSHOT,SUPERCOMPARE.ESCAUDITSNAPSHOT
SUPERCOMPARE,ESGASSIGNMENT,SUPERCOMPARE.ESGASSIGNMENT
SUPERCOMPARE,ESGEXCEPTIONLIST,SUPERCOMPARE.ESGEXCEPTIONLIST
SUPERCOMPARE,ESGPARTITIONASSIGNMENT,SUPERCOMPARE.ESGPARTITIONASSIGNMENT
SUPERCOMPARE,EVDISCNETCHARGEOVERRIDE,SUPERCOMPARE.EVDISCNETCHARGEOVERRIDE
SUPERCOMPARE,EVENTACTION,SUPERCOMPARE.EVENTACTION
SUPERCOMPARE,EVENTARCHIVELOG,SUPERCOMPARE.EVENTARCHIVELOG
SUPERCOMPARE,EVENTATTRIBUTE,SUPERCOMPARE.EVENTATTRIBUTE
SUPERCOMPARE,EVENTCATEGORY,SUPERCOMPARE.EVENTCATEGORY
SUPERCOMPARE,EVENTCLASS,SUPERCOMPARE.EVENTCLASS
SUPERCOMPARE,EVENTDELETIONREQUEST,SUPERCOMPARE.EVENTDELETIONREQUEST
SUPERCOMPARE,EVENTDISCOUNT,SUPERCOMPARE.EVENTDISCOUNT
SUPERCOMPARE,EVENTDISCOUNTACCOUNT,SUPERCOMPARE.EVENTDISCOUNTACCOUNT
SUPERCOMPARE,EVENTDISCOUNTCAPRULE,SUPERCOMPARE.EVENTDISCOUNTCAPRULE
SUPERCOMPARE,EVENTDISCOUNTSGROUP,SUPERCOMPARE.EVENTDISCOUNTSGROUP
SUPERCOMPARE,EVENTDISCOUNTSTATE,SUPERCOMPARE.EVENTDISCOUNTSTATE
SUPERCOMPARE,EVENTDISCOUNTSTEP,SUPERCOMPARE.EVENTDISCOUNTSTEP
SUPERCOMPARE,EVENTDISPATCHPROFILE,SUPERCOMPARE.EVENTDISPATCHPROFILE
SUPERCOMPARE,EVENTDISPATCHPROFILEDET,SUPERCOMPARE.EVENTDISPATCHPROFILEDET
SUPERCOMPARE,EVENTFILEEVENTASA,SUPERCOMPARE.EVENTFILEEVENTASA
SUPERCOMPARE,EVENTFILEEVENTATTRIBUTE,SUPERCOMPARE.EVENTFILEEVENTATTRIBUTE
SUPERCOMPARE,EVENTFILEEVENTS,SUPERCOMPARE.EVENTFILEEVENTS
SUPERCOMPARE,EVENTFILESORTERCURRSLAB,SUPERCOMPARE.EVENTFILESORTERCURRSLAB
SUPERCOMPARE,EVENTFILTER,SUPERCOMPARE.EVENTFILTER
SUPERCOMPARE,EVENTINDEXCONTROL,SUPERCOMPARE.EVENTINDEXCONTROL
SUPERCOMPARE,EVENTLIFECYCLETYPE,SUPERCOMPARE.EVENTLIFECYCLETYPE
SUPERCOMPARE,EVENTLOADFAILURE,SUPERCOMPARE.EVENTLOADFAILURE
SUPERCOMPARE,EVENTMAPPINGSET,SUPERCOMPARE.EVENTMAPPINGSET
SUPERCOMPARE,EVENTMAPPINGSETMATCHRULE,SUPERCOMPARE.EVENTMAPPINGSETMATCHRULE
SUPERCOMPARE,EVENTMAPPINGSETMETADATA,SUPERCOMPARE.EVENTMAPPINGSETMETADATA
SUPERCOMPARE,EVENTMAPPINGSETVALUE,SUPERCOMPARE.EVENTMAPPINGSETVALUE
SUPERCOMPARE,EVENTMASKINGATTRIBUTE,SUPERCOMPARE.EVENTMASKINGATTRIBUTE
SUPERCOMPARE,EVENTMASKINGRULE,SUPERCOMPARE.EVENTMASKINGRULE
SUPERCOMPARE,EVENTRECEIVABLEAXES,SUPERCOMPARE.EVENTRECEIVABLEAXES
SUPERCOMPARE,EVENTRECEIVABLEMAP,SUPERCOMPARE.EVENTRECEIVABLEMAP
SUPERCOMPARE,EVENTREQUESTTYPE,SUPERCOMPARE.EVENTREQUESTTYPE
SUPERCOMPARE,EVENTRESERVATION,SUPERCOMPARE.EVENTRESERVATION
SUPERCOMPARE,EVENTRESERVATIONEEA,SUPERCOMPARE.EVENTRESERVATIONEEA
SUPERCOMPARE,EVENTRESERVATIONRAR,SUPERCOMPARE.EVENTRESERVATIONRAR
SUPERCOMPARE,EVENTRESERVATION_KRBKP,SUPERCOMPARE.EVENTRESERVATION_KRBKP
SUPERCOMPARE,EVENTREVENUEAXES,SUPERCOMPARE.EVENTREVENUEAXES
SUPERCOMPARE,EVENTREVENUEMAP,SUPERCOMPARE.EVENTREVENUEMAP
SUPERCOMPARE,EVENTSOURCEUSAGE,SUPERCOMPARE.EVENTSOURCEUSAGE
SUPERCOMPARE,EVENTSUMMARY,SUPERCOMPARE.EVENTSUMMARY
SUPERCOMPARE,EVENTSUMMARYACTION,SUPERCOMPARE.EVENTSUMMARYACTION
SUPERCOMPARE,EVENTSUMPROFATTRVERSIONNUM,SUPERCOMPARE.EVENTSUMPROFATTRVERSIONNUM
SUPERCOMPARE,EVENTTASKMASTERACTIVE,SUPERCOMPARE.EVENTTASKMASTERACTIVE
SUPERCOMPARE,EVENTTYPE,SUPERCOMPARE.EVENTTYPE
SUPERCOMPARE,EVENTTYPEATTRDETAIL,SUPERCOMPARE.EVENTTYPEATTRDETAIL
SUPERCOMPARE,EVENTTYPEATTRIBUTE,SUPERCOMPARE.EVENTTYPEATTRIBUTE
SUPERCOMPARE,EVENTTYPEHASANNOUNCEMENT,SUPERCOMPARE.EVENTTYPEHASANNOUNCEMENT
SUPERCOMPARE,EVENTTYPEHASDERIVEDAVP,SUPERCOMPARE.EVENTTYPEHASDERIVEDAVP
SUPERCOMPARE,EVENTTYPEHASDROPFILTER,SUPERCOMPARE.EVENTTYPEHASDROPFILTER
SUPERCOMPARE,EVENTTYPEHASEVENTMAPPING,SUPERCOMPARE.EVENTTYPEHASEVENTMAPPING
SUPERCOMPARE,EVENTTYPEHASFUA,SUPERCOMPARE.EVENTTYPEHASFUA
SUPERCOMPARE,EVENTTYPEHASQUOTATHRSHLD,SUPERCOMPARE.EVENTTYPEHASQUOTATHRSHLD
SUPERCOMPARE,EVENTTYPEHASREQUIREDAVP,SUPERCOMPARE.EVENTTYPEHASREQUIREDAVP
SUPERCOMPARE,EVENTTYPEHASSCALARBIND,SUPERCOMPARE.EVENTTYPEHASSCALARBIND
SUPERCOMPARE,EVENTTYPEQUALIFIERRULES,SUPERCOMPARE.EVENTTYPEQUALIFIERRULES
SUPERCOMPARE,EVENTTYPEQUALIFIERS,SUPERCOMPARE.EVENTTYPEQUALIFIERS
SUPERCOMPARE,EVENTTYPEQUALIFIERTERMS,SUPERCOMPARE.EVENTTYPEQUALIFIERTERMS
SUPERCOMPARE,EXCEPTIONALBILLCONDITIONS,SUPERCOMPARE.EXCEPTIONALBILLCONDITIONS
SUPERCOMPARE,EXPECTEDBUDGETPAYMENT,SUPERCOMPARE.EXPECTEDBUDGETPAYMENT
SUPERCOMPARE,EXPORTAUDIT,SUPERCOMPARE.EXPORTAUDIT
SUPERCOMPARE,EXPORTDATASET,SUPERCOMPARE.EXPORTDATASET
SUPERCOMPARE,EXPORTDATASETTYPE,SUPERCOMPARE.EXPORTDATASETTYPE
SUPERCOMPARE,EXTENDEDATTRNAMESPACE,SUPERCOMPARE.EXTENDEDATTRNAMESPACE
SUPERCOMPARE,EXTENDEDATTRTABLEDEF,SUPERCOMPARE.EXTENDEDATTRTABLEDEF
SUPERCOMPARE,EXTENDEDATTRTABLEHASATTR,SUPERCOMPARE.EXTENDEDATTRTABLEHASATTR
SUPERCOMPARE,EXTENDEDATTRVALUEMAP,SUPERCOMPARE.EXTENDEDATTRVALUEMAP
SUPERCOMPARE,EXTERNALACCOUNTMAP,SUPERCOMPARE.EXTERNALACCOUNTMAP
SUPERCOMPARE,EXTERNALACTION,SUPERCOMPARE.EXTERNALACTION
SUPERCOMPARE,EXTERNALACTIONANNIDMAP,SUPERCOMPARE.EXTERNALACTIONANNIDMAP
SUPERCOMPARE,EXTERNALACTIONMAPPING,SUPERCOMPARE.EXTERNALACTIONMAPPING
SUPERCOMPARE,EXTERNALCONNECTION,SUPERCOMPARE.EXTERNALCONNECTION
SUPERCOMPARE,FAILEDACTIONLOG,SUPERCOMPARE.FAILEDACTIONLOG
SUPERCOMPARE,FAILURECODE,SUPERCOMPARE.FAILURECODE
SUPERCOMPARE,FEATUREUSESTRIGGER,SUPERCOMPARE.FEATUREUSESTRIGGER
SUPERCOMPARE,FEEDAGGREGATEDDAILYDATA,SUPERCOMPARE.FEEDAGGREGATEDDAILYDATA
SUPERCOMPARE,FEEDAGGREGATEDDATA,SUPERCOMPARE.FEEDAGGREGATEDDATA
SUPERCOMPARE,FEEDALLOCATIONTOINVOICE,SUPERCOMPARE.FEEDALLOCATIONTOINVOICE
SUPERCOMPARE,FILEGROUP,SUPERCOMPARE.FILEGROUP
SUPERCOMPARE,FILEGROUPLOG,SUPERCOMPARE.FILEGROUPLOG
SUPERCOMPARE,FILEGROUPSEQUENCE,SUPERCOMPARE.FILEGROUPSEQUENCE
SUPERCOMPARE,FILEGROUP_20201105_203135,SUPERCOMPARE.FILEGROUP_20201105_203135
SUPERCOMPARE,FILEGROUP_20201105_203407,SUPERCOMPARE.FILEGROUP_20201105_203407
SUPERCOMPARE,FILEGROUP_20201105_203833,SUPERCOMPARE.FILEGROUP_20201105_203833
SUPERCOMPARE,FILEGROUP_20201105_223554,SUPERCOMPARE.FILEGROUP_20201105_223554
SUPERCOMPARE,FILEINGROUP,SUPERCOMPARE.FILEINGROUP
SUPERCOMPARE,FILELOG,SUPERCOMPARE.FILELOG
SUPERCOMPARE,FILESUBTYPE,SUPERCOMPARE.FILESUBTYPE
SUPERCOMPARE,FILETYPE,SUPERCOMPARE.FILETYPE
SUPERCOMPARE,FILTERELEMENT,SUPERCOMPARE.FILTERELEMENT
SUPERCOMPARE,FINACCTACCRUALS,SUPERCOMPARE.FINACCTACCRUALS
SUPERCOMPARE,FINACCTATTRDETAILS,SUPERCOMPARE.FINACCTATTRDETAILS
SUPERCOMPARE,FINACCTATTRIBUTESOURCE,SUPERCOMPARE.FINACCTATTRIBUTESOURCE
SUPERCOMPARE,FINACCTATTRMAP,SUPERCOMPARE.FINACCTATTRMAP
SUPERCOMPARE,FINACCTCUSTOMFEEDS,SUPERCOMPARE.FINACCTCUSTOMFEEDS
SUPERCOMPARE,FINACCTDEFERREDREVENUE,SUPERCOMPARE.FINACCTDEFERREDREVENUE
SUPERCOMPARE,FINACCTDERIVEDATTRMAP,SUPERCOMPARE.FINACCTDERIVEDATTRMAP
SUPERCOMPARE,FINACCTEXTRACT,SUPERCOMPARE.FINACCTEXTRACT
SUPERCOMPARE,FINACCTJOURNAL,SUPERCOMPARE.FINACCTJOURNAL
SUPERCOMPARE,FINACCTJOURNALSUMMARY,SUPERCOMPARE.FINACCTJOURNALSUMMARY
SUPERCOMPARE,FINACCTPLUGINPREDATTR,SUPERCOMPARE.FINACCTPLUGINPREDATTR
SUPERCOMPARE,FINACCTPLUGINPREDICATE,SUPERCOMPARE.FINACCTPLUGINPREDICATE
SUPERCOMPARE,FINACCTSOURCECOLUMNS,SUPERCOMPARE.FINACCTSOURCECOLUMNS
SUPERCOMPARE,FINACCTSOURCETABLES,SUPERCOMPARE.FINACCTSOURCETABLES
SUPERCOMPARE,FINANCIALACCOUNT,SUPERCOMPARE.FINANCIALACCOUNT
SUPERCOMPARE,FINANCIALACCOUNTGROUP,SUPERCOMPARE.FINANCIALACCOUNTGROUP
SUPERCOMPARE,FINANCIALACCOUNTORIGIN,SUPERCOMPARE.FINANCIALACCOUNTORIGIN
SUPERCOMPARE,FISCALYEARTYPE,SUPERCOMPARE.FISCALYEARTYPE
SUPERCOMPARE,FORMATTER,SUPERCOMPARE.FORMATTER
SUPERCOMPARE,FORMATTERHASFILE,SUPERCOMPARE.FORMATTERHASFILE
SUPERCOMPARE,FORMATTINGREQUEST,SUPERCOMPARE.FORMATTINGREQUEST
SUPERCOMPARE,GDBHISTORYTEST,SUPERCOMPARE.GDBHISTORYTEST
SUPERCOMPARE,GDBTEST,SUPERCOMPARE.GDBTEST
SUPERCOMPARE,GENEVAFUNCTION,SUPERCOMPARE.GENEVAFUNCTION
SUPERCOMPARE,GENEVALANGUAGE,SUPERCOMPARE.GENEVALANGUAGE
SUPERCOMPARE,GENEVAUSER,SUPERCOMPARE.GENEVAUSER
SUPERCOMPARE,GENEVAUSERHASBUSINESSROLE,SUPERCOMPARE.GENEVAUSERHASBUSINESSROLE
SUPERCOMPARE,GENEVAVERHASSCHEMAVER,SUPERCOMPARE.GENEVAVERHASSCHEMAVER
SUPERCOMPARE,GERCONFIGURATION,SUPERCOMPARE.GERCONFIGURATION
SUPERCOMPARE,GHOSTEVENTRATINGTARIFF,SUPERCOMPARE.GHOSTEVENTRATINGTARIFF
SUPERCOMPARE,GPARAMS,SUPERCOMPARE.GPARAMS
SUPERCOMPARE,HOLDINGACCOUNT,SUPERCOMPARE.HOLDINGACCOUNT
SUPERCOMPARE,HOLIDAYDATE,SUPERCOMPARE.HOLIDAYDATE
SUPERCOMPARE,HOLIDAYPROFILE,SUPERCOMPARE.HOLIDAYPROFILE
SUPERCOMPARE,HOSTHASSHAREDCACHEDIR,SUPERCOMPARE.HOSTHASSHAREDCACHEDIR
SUPERCOMPARE,HYBRIDBALANCESYNC,SUPERCOMPARE.HYBRIDBALANCESYNC
SUPERCOMPARE,HYBRIDCUSTDATASYNC,SUPERCOMPARE.HYBRIDCUSTDATASYNC
SUPERCOMPARE,ICOHASPAYMENTMETHOD,SUPERCOMPARE.ICOHASPAYMENTMETHOD
SUPERCOMPARE,ICOHASSUBSCRIPTIONTYPE,SUPERCOMPARE.ICOHASSUBSCRIPTIONTYPE
SUPERCOMPARE,ICOPARAMS,SUPERCOMPARE.ICOPARAMS
SUPERCOMPARE,IDEMPOTENCYDATA,SUPERCOMPARE.IDEMPOTENCYDATA
SUPERCOMPARE,IFACEVERSCOMPATIBILITY,SUPERCOMPARE.IFACEVERSCOMPATIBILITY
SUPERCOMPARE,IGNITETABLES,SUPERCOMPARE.IGNITETABLES
SUPERCOMPARE,IMDGLOADSTATUS,SUPERCOMPARE.IMDGLOADSTATUS
SUPERCOMPARE,INACTION,SUPERCOMPARE.INACTION
SUPERCOMPARE,INHOST,SUPERCOMPARE.INHOST
SUPERCOMPARE,INHOSTHASDOMAINGROUP,SUPERCOMPARE.INHOSTHASDOMAINGROUP
SUPERCOMPARE,INITIALEVENTINDEX1,SUPERCOMPARE.INITIALEVENTINDEX1
SUPERCOMPARE,INITIALEVENTINDEX2,SUPERCOMPARE.INITIALEVENTINDEX2
SUPERCOMPARE,INITIALTRACKEDEVENTFILE,SUPERCOMPARE.INITIALTRACKEDEVENTFILE
SUPERCOMPARE,INPUTBINDING,SUPERCOMPARE.INPUTBINDING
SUPERCOMPARE,INTEREST,SUPERCOMPARE.INTEREST
SUPERCOMPARE,INTERESTAPPLIED,SUPERCOMPARE.INTERESTAPPLIED
SUPERCOMPARE,INTERESTCONFIGURATION,SUPERCOMPARE.INTERESTCONFIGURATION
SUPERCOMPARE,INTERESTDETAILS,SUPERCOMPARE.INTERESTDETAILS
SUPERCOMPARE,INTERNALACCOUNTATTRSOURCE,SUPERCOMPARE.INTERNALACCOUNTATTRSOURCE
SUPERCOMPARE,INTERNALACCOUNTMAP,SUPERCOMPARE.INTERNALACCOUNTMAP
SUPERCOMPARE,INTERNALACCOUNTTYPE,SUPERCOMPARE.INTERNALACCOUNTTYPE
SUPERCOMPARE,INVOICEREGISTER,SUPERCOMPARE.INVOICEREGISTER
SUPERCOMPARE,INVOICINGCOMPANY,SUPERCOMPARE.INVOICINGCOMPANY
SUPERCOMPARE,ITEFCHILD,SUPERCOMPARE.ITEFCHILD
SUPERCOMPARE,ITEFDELETEDEVENTCOUNT,SUPERCOMPARE.ITEFDELETEDEVENTCOUNT
SUPERCOMPARE,ITEMISATIONORDER,SUPERCOMPARE.ITEMISATIONORDER
SUPERCOMPARE,ITEMISATIONORDERACTION,SUPERCOMPARE.ITEMISATIONORDERACTION
SUPERCOMPARE,ITEMISATIONOVERRIDE,SUPERCOMPARE.ITEMISATIONOVERRIDE
SUPERCOMPARE,ITEMTRANSLATION,SUPERCOMPARE.ITEMTRANSLATION
SUPERCOMPARE,JOB,SUPERCOMPARE.JOB
SUPERCOMPARE,JOBCORRELATIONAUDIT,SUPERCOMPARE.JOBCORRELATIONAUDIT
SUPERCOMPARE,JOBHASFILE,SUPERCOMPARE.JOBHASFILE
SUPERCOMPARE,JOBTYPE,SUPERCOMPARE.JOBTYPE
SUPERCOMPARE,KEYMIGRATION,SUPERCOMPARE.KEYMIGRATION
SUPERCOMPARE,LASTDELETEMSGFORACC,SUPERCOMPARE.LASTDELETEMSGFORACC
SUPERCOMPARE,LATEFEERULE,SUPERCOMPARE.LATEFEERULE
SUPERCOMPARE,LATEFEERULECREDITCLASS,SUPERCOMPARE.LATEFEERULECREDITCLASS
SUPERCOMPARE,LATEFEERULEMARKETSEGMENT,SUPERCOMPARE.LATEFEERULEMARKETSEGMENT
SUPERCOMPARE,LIFECYCLEACTIONTYPE,SUPERCOMPARE.LIFECYCLEACTIONTYPE
SUPERCOMPARE,LIFECYCLEPROFILE,SUPERCOMPARE.LIFECYCLEPROFILE
SUPERCOMPARE,LIFECYCLEPROFILEACTION,SUPERCOMPARE.LIFECYCLEPROFILEACTION
SUPERCOMPARE,LIFECYCLEPROFILEATTRVAL,SUPERCOMPARE.LIFECYCLEPROFILEATTRVAL
SUPERCOMPARE,LIFECYCLEPROFILEDETAILS,SUPERCOMPARE.LIFECYCLEPROFILEDETAILS
SUPERCOMPARE,LIFECYCLEPROFILETYPE,SUPERCOMPARE.LIFECYCLEPROFILETYPE
SUPERCOMPARE,LIFECYCLEPROFILETYPEATTR,SUPERCOMPARE.LIFECYCLEPROFILETYPEATTR
SUPERCOMPARE,LIFECYCLEPROFILETYPETRAN,SUPERCOMPARE.LIFECYCLEPROFILETYPETRAN
SUPERCOMPARE,LIFECYCLESTATE,SUPERCOMPARE.LIFECYCLESTATE
SUPERCOMPARE,LOCKEDACCOUNT,SUPERCOMPARE.LOCKEDACCOUNT
SUPERCOMPARE,LOCZIPPLUS4,SUPERCOMPARE.LOCZIPPLUS4
SUPERCOMPARE,LOYALTYCATEGORY,SUPERCOMPARE.LOYALTYCATEGORY
SUPERCOMPARE,LOYALTYPOINTRATE,SUPERCOMPARE.LOYALTYPOINTRATE
SUPERCOMPARE,LOYALTYPOINTSOURCE,SUPERCOMPARE.LOYALTYPOINTSOURCE
SUPERCOMPARE,LOYALTYPROGHASCATEGORY,SUPERCOMPARE.LOYALTYPROGHASCATEGORY
SUPERCOMPARE,LOYALTYPROGRAM,SUPERCOMPARE.LOYALTYPROGRAM
SUPERCOMPARE,MANAGEDFILE,SUPERCOMPARE.MANAGEDFILE
SUPERCOMPARE,MANAGEDFILEAUDITTRAIL,SUPERCOMPARE.MANAGEDFILEAUDITTRAIL
SUPERCOMPARE,MARKETINGMESSAGE,SUPERCOMPARE.MARKETINGMESSAGE
SUPERCOMPARE,MARKETSEGMENT,SUPERCOMPARE.MARKETSEGMENT
SUPERCOMPARE,MCMCOMMAND,SUPERCOMPARE.MCMCOMMAND
SUPERCOMPARE,MCMCOMMANDHASPARAMETER,SUPERCOMPARE.MCMCOMMANDHASPARAMETER
SUPERCOMPARE,MCMCOMMANDHASTARGET,SUPERCOMPARE.MCMCOMMANDHASTARGET
SUPERCOMPARE,MCMERRORHASPARAMETER,SUPERCOMPARE.MCMERRORHASPARAMETER
SUPERCOMPARE,MESSAGETYPE,SUPERCOMPARE.MESSAGETYPE
SUPERCOMPARE,MESSAGETYPEATTRIBUTE,SUPERCOMPARE.MESSAGETYPEATTRIBUTE
SUPERCOMPARE,MFMNEXTJOB,SUPERCOMPARE.MFMNEXTJOB
SUPERCOMPARE,MIGRATIONPATHTAKEN,SUPERCOMPARE.MIGRATIONPATHTAKEN
SUPERCOMPARE,MIGRATIONPROCESS,SUPERCOMPARE.MIGRATIONPROCESS
SUPERCOMPARE,MIGTABLESPACES,SUPERCOMPARE.MIGTABLESPACES
SUPERCOMPARE,MIREQUEST,SUPERCOMPARE.MIREQUEST
SUPERCOMPARE,MODIFIER,SUPERCOMPARE.MODIFIER
SUPERCOMPARE,MODIFIERGROUP,SUPERCOMPARE.MODIFIERGROUP
SUPERCOMPARE,MULTIOFFERBILLDETAILS,SUPERCOMPARE.MULTIOFFERBILLDETAILS
SUPERCOMPARE,MULTIPARTYEVENTMAP,SUPERCOMPARE.MULTIPARTYEVENTMAP
SUPERCOMPARE,NETWORKVENDORS,SUPERCOMPARE.NETWORKVENDORS
SUPERCOMPARE,O$ACCHASPOLICYINSTANCE,SUPERCOMPARE.O$ACCHASPOLICYINSTANCE
SUPERCOMPARE,O$CUSTPRODADDONRATEDETAILS,SUPERCOMPARE.O$CUSTPRODADDONRATEDETAILS
SUPERCOMPARE,O$ESGASSIGNMENT,SUPERCOMPARE.O$ESGASSIGNMENT
SUPERCOMPARE,OCLRUNHISTORY,SUPERCOMPARE.OCLRUNHISTORY
SUPERCOMPARE,OCSPLUGIN,SUPERCOMPARE.OCSPLUGIN
SUPERCOMPARE,OEFRCUSTOMTYPE,SUPERCOMPARE.OEFRCUSTOMTYPE
SUPERCOMPARE,OEFRCUSTOMTYPEMAPPING,SUPERCOMPARE.OEFRCUSTOMTYPEMAPPING
SUPERCOMPARE,OEFRDEMARCATION,SUPERCOMPARE.OEFRDEMARCATION
SUPERCOMPARE,OFFERACCBUDGETPLAN,SUPERCOMPARE.OFFERACCBUDGETPLAN
SUPERCOMPARE,OFFERACCHASBONUSSCHEME,SUPERCOMPARE.OFFERACCHASBONUSSCHEME
SUPERCOMPARE,OFFERACCHASONETIMECHARGE,SUPERCOMPARE.OFFERACCHASONETIMECHARGE
SUPERCOMPARE,OFFERACCHASPA,SUPERCOMPARE.OFFERACCHASPA
SUPERCOMPARE,OFFERACCOTCATTRDETAILS,SUPERCOMPARE.OFFERACCOTCATTRDETAILS
SUPERCOMPARE,OFFERACCOTCINSTDTLSOVERIDE,SUPERCOMPARE.OFFERACCOTCINSTDTLSOVERIDE
SUPERCOMPARE,OFFERACCOUNT,SUPERCOMPARE.OFFERACCOUNT
SUPERCOMPARE,OFFERACCOUNTATTRIBUTES,SUPERCOMPARE.OFFERACCOUNTATTRIBUTES
SUPERCOMPARE,OFFERACCOUNTDETAILS,SUPERCOMPARE.OFFERACCOUNTDETAILS
SUPERCOMPARE,OFFERACCOUNTRECEIVABLECL,SUPERCOMPARE.OFFERACCOUNTRECEIVABLECL
SUPERCOMPARE,OFFERACCOUNTSTATUS,SUPERCOMPARE.OFFERACCOUNTSTATUS
SUPERCOMPARE,OFFERACCPABILLSCHEDULE,SUPERCOMPARE.OFFERACCPABILLSCHEDULE
SUPERCOMPARE,OFFERACCPARECEIVABLE,SUPERCOMPARE.OFFERACCPARECEIVABLE
SUPERCOMPARE,OFFERADJUSTMENT,SUPERCOMPARE.OFFERADJUSTMENT
SUPERCOMPARE,OFFERAHOTCINSTLMNTSUMM,SUPERCOMPARE.OFFERAHOTCINSTLMNTSUMM
SUPERCOMPARE,OFFERBILLPRODUCTCHARGE,SUPERCOMPARE.OFFERBILLPRODUCTCHARGE
SUPERCOMPARE,OFFERBUDGETCENTRE,SUPERCOMPARE.OFFERBUDGETCENTRE
SUPERCOMPARE,OFFERBUDGETCENTREINGROUP,SUPERCOMPARE.OFFERBUDGETCENTREINGROUP
SUPERCOMPARE,OFFERCANCELBILLBILLPC,SUPERCOMPARE.OFFERCANCELBILLBILLPC
SUPERCOMPARE,OFFERCANCELBILLBONUSSCHM,SUPERCOMPARE.OFFERCANCELBILLBONUSSCHM
SUPERCOMPARE,OFFERCANCELBILLBUDGPLAN,SUPERCOMPARE.OFFERCANCELBILLBUDGPLAN
SUPERCOMPARE,OFFERCANCELBILLCHD,SUPERCOMPARE.OFFERCANCELBILLCHD
SUPERCOMPARE,OFFERCANCELBILLCPBD,SUPERCOMPARE.OFFERCANCELBILLCPBD
SUPERCOMPARE,OFFERCANCELBILLCPDP,SUPERCOMPARE.OFFERCANCELBILLCPDP
SUPERCOMPARE,OFFERCANCELBILLCUSTPC,SUPERCOMPARE.OFFERCANCELBILLCUSTPC
SUPERCOMPARE,OFFERCANCELBILLINFO,SUPERCOMPARE.OFFERCANCELBILLINFO
SUPERCOMPARE,OFFERCANCELBILLINSERT,SUPERCOMPARE.OFFERCANCELBILLINSERT
SUPERCOMPARE,OFFERCANCELBILLTAX,SUPERCOMPARE.OFFERCANCELBILLTAX
SUPERCOMPARE,OFFERCANCELCUSTPRODACC,SUPERCOMPARE.OFFERCANCELCUSTPRODACC
SUPERCOMPARE,OFFERCHARGEHASDISCOUNT,SUPERCOMPARE.OFFERCHARGEHASDISCOUNT
SUPERCOMPARE,OFFERCPCRESETREQUEST,SUPERCOMPARE.OFFERCPCRESETREQUEST
SUPERCOMPARE,OFFERCPCSPLITBYAMOUNT,SUPERCOMPARE.OFFERCPCSPLITBYAMOUNT
SUPERCOMPARE,OFFERCUSTADDRESSTFRHIST,SUPERCOMPARE.OFFERCUSTADDRESSTFRHIST
SUPERCOMPARE,OFFERCUSTEVENTSOURCE,SUPERCOMPARE.OFFERCUSTEVENTSOURCE
SUPERCOMPARE,OFFERCUSTFILTERELEMENT,SUPERCOMPARE.OFFERCUSTFILTERELEMENT
SUPERCOMPARE,OFFERCUSTHASPACKAGE,SUPERCOMPARE.OFFERCUSTHASPACKAGE
SUPERCOMPARE,OFFERCUSTHASPRODUCT,SUPERCOMPARE.OFFERCUSTHASPRODUCT
SUPERCOMPARE,OFFERCUSTOVERRIDEBILLDISC,SUPERCOMPARE.OFFERCUSTOVERRIDEBILLDISC
SUPERCOMPARE,OFFERCUSTOVERRIDEDISCSTEP,SUPERCOMPARE.OFFERCUSTOVERRIDEDISCSTEP
SUPERCOMPARE,OFFERCUSTOVERRIDEPRICE,SUPERCOMPARE.OFFERCUSTOVERRIDEPRICE
SUPERCOMPARE,OFFERCUSTOVERRIDERATE,SUPERCOMPARE.OFFERCUSTOVERRIDERATE
SUPERCOMPARE,OFFERCUSTOVRBILLDISCTFRHST,SUPERCOMPARE.OFFERCUSTOVRBILLDISCTFRHST
SUPERCOMPARE,OFFERCUSTOVRPRICETFRHIST,SUPERCOMPARE.OFFERCUSTOVRPRICETFRHIST
SUPERCOMPARE,OFFERCUSTOVRRATETFRHIST,SUPERCOMPARE.OFFERCUSTOVRRATETFRHIST
SUPERCOMPARE,OFFERCUSTPRODADDRATEDET,SUPERCOMPARE.OFFERCUSTPRODADDRATEDET
SUPERCOMPARE,OFFERCUSTPRODATTRDETAILS,SUPERCOMPARE.OFFERCUSTPRODATTRDETAILS
SUPERCOMPARE,OFFERCUSTPRODBILLINGDISC,SUPERCOMPARE.OFFERCUSTPRODBILLINGDISC
SUPERCOMPARE,OFFERCUSTPRODCHARGINGRULES,SUPERCOMPARE.OFFERCUSTPRODCHARGINGRULES
SUPERCOMPARE,OFFERCUSTPRODDISCPERIOD,SUPERCOMPARE.OFFERCUSTPRODDISCPERIOD
SUPERCOMPARE,OFFERCUSTPRODEVENTTYPES,SUPERCOMPARE.OFFERCUSTPRODEVENTTYPES
SUPERCOMPARE,OFFERCUSTPRODEXTNATTRDET,SUPERCOMPARE.OFFERCUSTPRODEXTNATTRDET
SUPERCOMPARE,OFFERCUSTPRODTARIFFDET,SUPERCOMPARE.OFFERCUSTPRODTARIFFDET
SUPERCOMPARE,OFFERCUSTPRODTRANSFERHIST,SUPERCOMPARE.OFFERCUSTPRODTRANSFERHIST
SUPERCOMPARE,OFFERCUSTPRODUCTACCOUNT,SUPERCOMPARE.OFFERCUSTPRODUCTACCOUNT
SUPERCOMPARE,OFFERCUSTPRODUCTADDRESS,SUPERCOMPARE.OFFERCUSTPRODUCTADDRESS
SUPERCOMPARE,OFFERCUSTPRODUCTCHARGE,SUPERCOMPARE.OFFERCUSTPRODUCTCHARGE
SUPERCOMPARE,OFFERCUSTPRODUCTDETAILS,SUPERCOMPARE.OFFERCUSTPRODUCTDETAILS
SUPERCOMPARE,OFFERCUSTPRODUCTSTATUS,SUPERCOMPARE.OFFERCUSTPRODUCTSTATUS
SUPERCOMPARE,OFFEREXPECTEDBUDGPAYMENT,SUPERCOMPARE.OFFEREXPECTEDBUDGPAYMENT
SUPERCOMPARE,OFFERPAPAYMENT,SUPERCOMPARE.OFFERPAPAYMENT
SUPERCOMPARE,OFFERPAYMENTREQUEST,SUPERCOMPARE.OFFERPAYMENTREQUEST
SUPERCOMPARE,OFFERPRODTFRBILLPRODCHRG,SUPERCOMPARE.OFFERPRODTFRBILLPRODCHRG
SUPERCOMPARE,OFFERPRODTFRDISCTFRREQ,SUPERCOMPARE.OFFERPRODTFRDISCTFRREQ
SUPERCOMPARE,OFFERPRODUCTDELREQUEST,SUPERCOMPARE.OFFERPRODUCTDELREQUEST
SUPERCOMPARE,OFFERSERVICEREQUEST,SUPERCOMPARE.OFFERSERVICEREQUEST
SUPERCOMPARE,OFFERSETTLEMENTBUCKET,SUPERCOMPARE.OFFERSETTLEMENTBUCKET
SUPERCOMPARE,ONDEMANDBILLREQUESTCHRGS,SUPERCOMPARE.ONDEMANDBILLREQUESTCHRGS
SUPERCOMPARE,ONETIMECHARGE,SUPERCOMPARE.ONETIMECHARGE
SUPERCOMPARE,ONETIMECHARGEATTRIBUTE,SUPERCOMPARE.ONETIMECHARGEATTRIBUTE
SUPERCOMPARE,ONETIMECHARGETARIFF,SUPERCOMPARE.ONETIMECHARGETARIFF
SUPERCOMPARE,ONETIMECHARGETYPE,SUPERCOMPARE.ONETIMECHARGETYPE
SUPERCOMPARE,ONGOINGCPDUMR,SUPERCOMPARE.ONGOINGCPDUMR
SUPERCOMPARE,ONGOINGTRANSACTIONS,SUPERCOMPARE.ONGOINGTRANSACTIONS
SUPERCOMPARE,ONLINESVCFAMILYCONFIG,SUPERCOMPARE.ONLINESVCFAMILYCONFIG
SUPERCOMPARE,ONLINESVCFAMILYTOCOMP,SUPERCOMPARE.ONLINESVCFAMILYTOCOMP
SUPERCOMPARE,ONNETPRODUCTS,SUPERCOMPARE.ONNETPRODUCTS
SUPERCOMPARE,OPERATINGSYSTEM,SUPERCOMPARE.OPERATINGSYSTEM
SUPERCOMPARE,OSDLDELETEDDATA,SUPERCOMPARE.OSDLDELETEDDATA
SUPERCOMPARE,OTCHASMARKETSEGMENT,SUPERCOMPARE.OTCHASMARKETSEGMENT
SUPERCOMPARE,OTCINSTALLMENTDETAILS,SUPERCOMPARE.OTCINSTALLMENTDETAILS
SUPERCOMPARE,OTCINSTLMNTTRANSFERHIST,SUPERCOMPARE.OTCINSTLMNTTRANSFERHIST
SUPERCOMPARE,OTCPRICEATTRDETAILS,SUPERCOMPARE.OTCPRICEATTRDETAILS
SUPERCOMPARE,OTCPRICEATTRIBUTE,SUPERCOMPARE.OTCPRICEATTRIBUTE
SUPERCOMPARE,OUTBOUNDMESSAGE,SUPERCOMPARE.OUTBOUNDMESSAGE
SUPERCOMPARE,OUTBOUNDMESSAGELOG,SUPERCOMPARE.OUTBOUNDMESSAGELOG
SUPERCOMPARE,OUTCOLLECTMICROPARTITIONTMP,SUPERCOMPARE.OUTCOLLECTMICROPARTITIONTMP
SUPERCOMPARE,OUTPUTBINDING,SUPERCOMPARE.OUTPUTBINDING
SUPERCOMPARE,OUTPUTEVENTFILEREQUEST,SUPERCOMPARE.OUTPUTEVENTFILEREQUEST
SUPERCOMPARE,OUTPUTEVENTFILEREQUEST_K1,SUPERCOMPARE.OUTPUTEVENTFILEREQUEST_K1
SUPERCOMPARE,OVERRIDETIMERATE,SUPERCOMPARE.OVERRIDETIMERATE
SUPERCOMPARE,P$CUSTPRODADDONRATEDETAILS,SUPERCOMPARE.P$CUSTPRODADDONRATEDETAILS
SUPERCOMPARE,P$SUBPARTTEMPLATE,SUPERCOMPARE.P$SUBPARTTEMPLATE
SUPERCOMPARE,PACKAGE,SUPERCOMPARE.PACKAGE
SUPERCOMPARE,PACKAGEHASMARKETSEGMENT,SUPERCOMPARE.PACKAGEHASMARKETSEGMENT
SUPERCOMPARE,PACKAGEHASPRODUCT,SUPERCOMPARE.PACKAGEHASPRODUCT
SUPERCOMPARE,PACKAGEPRODUCTRATETARIFF,SUPERCOMPARE.PACKAGEPRODUCTRATETARIFF
SUPERCOMPARE,PARAMDEFINITION,SUPERCOMPARE.PARAMDEFINITION
SUPERCOMPARE,PARTITIONMANAGERAUDIT,SUPERCOMPARE.PARTITIONMANAGERAUDIT
SUPERCOMPARE,PARTITIONMANAGERLOG,SUPERCOMPARE.PARTITIONMANAGERLOG
SUPERCOMPARE,PARTITIONMANAGERSAVE,SUPERCOMPARE.PARTITIONMANAGERSAVE
SUPERCOMPARE,PARTLISTLISTTABCONFIG,SUPERCOMPARE.PARTLISTLISTTABCONFIG
SUPERCOMPARE,PARTMANAGERINDEXCONFIG,SUPERCOMPARE.PARTMANAGERINDEXCONFIG
SUPERCOMPARE,PARTMANAGERLOBCONFIG,SUPERCOMPARE.PARTMANAGERLOBCONFIG
SUPERCOMPARE,PARTMANAGERTABLECONFIG,SUPERCOMPARE.PARTMANAGERTABLECONFIG
SUPERCOMPARE,PATERMINATIONREASON,SUPERCOMPARE.PATERMINATIONREASON
SUPERCOMPARE,PAYMENTARRANGEMENT,SUPERCOMPARE.PAYMENTARRANGEMENT
SUPERCOMPARE,PAYMENTBATCH,SUPERCOMPARE.PAYMENTBATCH
SUPERCOMPARE,PAYMENTMETHOD,SUPERCOMPARE.PAYMENTMETHOD
SUPERCOMPARE,PAYMENTMETHODHASDISCOUNT,SUPERCOMPARE.PAYMENTMETHODHASDISCOUNT
SUPERCOMPARE,PAYMENTORIGIN,SUPERCOMPARE.PAYMENTORIGIN
SUPERCOMPARE,PAYMENTPRIORITY,SUPERCOMPARE.PAYMENTPRIORITY
SUPERCOMPARE,PAYMENTREQUEST,SUPERCOMPARE.PAYMENTREQUEST
SUPERCOMPARE,PAYMENTSYSTEM,SUPERCOMPARE.PAYMENTSYSTEM
SUPERCOMPARE,PAYMETHODHASFAILCODE,SUPERCOMPARE.PAYMETHODHASFAILCODE
SUPERCOMPARE,PAYSETTLEMENTACTION,SUPERCOMPARE.PAYSETTLEMENTACTION
SUPERCOMPARE,PENDINGACCOUNTPAYATTR,SUPERCOMPARE.PENDINGACCOUNTPAYATTR
SUPERCOMPARE,PENDINGACCOUNTPAYMENT,SUPERCOMPARE.PENDINGACCOUNTPAYMENT
SUPERCOMPARE,PENDINGALLOCATIONTOBILL,SUPERCOMPARE.PENDINGALLOCATIONTOBILL
SUPERCOMPARE,PENDINGCPDUTHRESHREQUEST,SUPERCOMPARE.PENDINGCPDUTHRESHREQUEST
SUPERCOMPARE,PENDINGCUSTPRODINVBONUS,SUPERCOMPARE.PENDINGCUSTPRODINVBONUS
SUPERCOMPARE,PENDINGHYBRIDDATASYNC,SUPERCOMPARE.PENDINGHYBRIDDATASYNC
SUPERCOMPARE,PENDINGPHYSICALPAYMENT,SUPERCOMPARE.PENDINGPHYSICALPAYMENT
SUPERCOMPARE,PENDINGRERATEREQUEST,SUPERCOMPARE.PENDINGRERATEREQUEST
SUPERCOMPARE,PERIODICEVENTINDEX,SUPERCOMPARE.PERIODICEVENTINDEX
SUPERCOMPARE,PERIODICRATEATTR,SUPERCOMPARE.PERIODICRATEATTR
SUPERCOMPARE,PERIODICTRACKEDEVENTFILE,SUPERCOMPARE.PERIODICTRACKEDEVENTFILE
SUPERCOMPARE,PERMISSION,SUPERCOMPARE.PERMISSION
SUPERCOMPARE,PHYSICALPAYATTRIBUTES,SUPERCOMPARE.PHYSICALPAYATTRIBUTES
SUPERCOMPARE,PHYSICALPAYMENT,SUPERCOMPARE.PHYSICALPAYMENT
SUPERCOMPARE,PLUGIN,SUPERCOMPARE.PLUGIN
SUPERCOMPARE,PLUGININPUT,SUPERCOMPARE.PLUGININPUT
SUPERCOMPARE,PLUGININSTANCE,SUPERCOMPARE.PLUGININSTANCE
SUPERCOMPARE,PLUGININSTANCEINPUT,SUPERCOMPARE.PLUGININSTANCEINPUT
SUPERCOMPARE,PLUGININSTANCEOUTPUT,SUPERCOMPARE.PLUGININSTANCEOUTPUT
SUPERCOMPARE,PLUGINOUTPUT,SUPERCOMPARE.PLUGINOUTPUT
SUPERCOMPARE,POINTSADJUSTMENT,SUPERCOMPARE.POINTSADJUSTMENT
SUPERCOMPARE,POINTSADJUSTMENTATTRS,SUPERCOMPARE.POINTSADJUSTMENTATTRS
SUPERCOMPARE,POINTSREDEEMED,SUPERCOMPARE.POINTSREDEEMED
SUPERCOMPARE,POLICYACTIONATTRIBUTE,SUPERCOMPARE.POLICYACTIONATTRIBUTE
SUPERCOMPARE,POLICYCONTROLGROUP,SUPERCOMPARE.POLICYCONTROLGROUP
SUPERCOMPARE,POLICYCOUNTERHASSTATE,SUPERCOMPARE.POLICYCOUNTERHASSTATE
SUPERCOMPARE,POLICYCOUNTERSTATE,SUPERCOMPARE.POLICYCOUNTERSTATE
SUPERCOMPARE,POLICYCOUNTERSTATEHIST,SUPERCOMPARE.POLICYCOUNTERSTATEHIST
SUPERCOMPARE,POLICYCOUNTERVERSION,SUPERCOMPARE.POLICYCOUNTERVERSION
SUPERCOMPARE,POLICYEVENTBIND,SUPERCOMPARE.POLICYEVENTBIND
SUPERCOMPARE,POLICYHASACTION,SUPERCOMPARE.POLICYHASACTION
SUPERCOMPARE,POLICYHASDIARY,SUPERCOMPARE.POLICYHASDIARY
SUPERCOMPARE,POLICYTYPE,SUPERCOMPARE.POLICYTYPE
SUPERCOMPARE,PREBILL_REGRESSION_ACCOUNTS,SUPERCOMPARE.PREBILL_REGRESSION_ACCOUNTS
SUPERCOMPARE,PREDICATE,SUPERCOMPARE.PREDICATE
SUPERCOMPARE,PREDICATEATTRIBUTE,SUPERCOMPARE.PREDICATEATTRIBUTE
SUPERCOMPARE,PREDICATEATTRIBUTEVALUE,SUPERCOMPARE.PREDICATEATTRIBUTEVALUE
SUPERCOMPARE,PREDICATEATTRPLUGINBIND,SUPERCOMPARE.PREDICATEATTRPLUGINBIND
SUPERCOMPARE,PREDICATEEVENTBINDING,SUPERCOMPARE.PREDICATEEVENTBINDING
SUPERCOMPARE,PREDICATELCPROFTYPEBIND,SUPERCOMPARE.PREDICATELCPROFTYPEBIND
SUPERCOMPARE,PREDICATEPRODUCTBINDING,SUPERCOMPARE.PREDICATEPRODUCTBINDING
SUPERCOMPARE,PRMANDATE,SUPERCOMPARE.PRMANDATE
SUPERCOMPARE,PROCESSDEFINITION,SUPERCOMPARE.PROCESSDEFINITION
SUPERCOMPARE,PROCESSDEFINITION_BKUP,SUPERCOMPARE.PROCESSDEFINITION_BKUP
SUPERCOMPARE,PROCESSINGPHASE,SUPERCOMPARE.PROCESSINGPHASE
SUPERCOMPARE,PROCESSINSTANCELOG,SUPERCOMPARE.PROCESSINSTANCELOG
SUPERCOMPARE,PROCESSLOG,SUPERCOMPARE.PROCESSLOG
SUPERCOMPARE,PROCESSPLAN,SUPERCOMPARE.PROCESSPLAN
SUPERCOMPARE,PROCESSPLANDISTRIBUTION,SUPERCOMPARE.PROCESSPLANDISTRIBUTION
SUPERCOMPARE,PROCESSPLANDISTRIB_BKUP,SUPERCOMPARE.PROCESSPLANDISTRIB_BKUP
SUPERCOMPARE,PROCESSPLAN_BKUP,SUPERCOMPARE.PROCESSPLAN_BKUP
SUPERCOMPARE,PROCESSSTATUS,SUPERCOMPARE.PROCESSSTATUS
SUPERCOMPARE,PRODTFRBILLPRODUCTCHARGE,SUPERCOMPARE.PRODTFRBILLPRODUCTCHARGE
SUPERCOMPARE,PRODTFRDISCOUNTBALANCE,SUPERCOMPARE.PRODTFRDISCOUNTBALANCE
SUPERCOMPARE,PRODTFRDISCOUNTTFRREQUEST,SUPERCOMPARE.PRODTFRDISCOUNTTFRREQUEST
SUPERCOMPARE,PRODUCT,SUPERCOMPARE.PRODUCT
SUPERCOMPARE,PRODUCTATTRIBUTE,SUPERCOMPARE.PRODUCTATTRIBUTE
SUPERCOMPARE,PRODUCTCHARGEPROFILE,SUPERCOMPARE.PRODUCTCHARGEPROFILE
SUPERCOMPARE,PRODUCTCHRGEPROFBILLTYPE,SUPERCOMPARE.PRODUCTCHRGEPROFBILLTYPE
SUPERCOMPARE,PRODUCTCONFLICT,SUPERCOMPARE.PRODUCTCONFLICT
SUPERCOMPARE,PRODUCTCONFLICTPARAMETER,SUPERCOMPARE.PRODUCTCONFLICTPARAMETER
SUPERCOMPARE,PRODUCTDELETIONREQUEST,SUPERCOMPARE.PRODUCTDELETIONREQUEST
SUPERCOMPARE,PRODUCTEDIT,SUPERCOMPARE.PRODUCTEDIT
SUPERCOMPARE,PRODUCTEDITPARAMETER,SUPERCOMPARE.PRODUCTEDITPARAMETER
SUPERCOMPARE,PRODUCTEVENTBIND,SUPERCOMPARE.PRODUCTEVENTBIND
SUPERCOMPARE,PRODUCTEXPORT,SUPERCOMPARE.PRODUCTEXPORT
SUPERCOMPARE,PRODUCTFAMILY,SUPERCOMPARE.PRODUCTFAMILY
SUPERCOMPARE,PRODUCTHASEVENTTYPE,SUPERCOMPARE.PRODUCTHASEVENTTYPE
SUPERCOMPARE,PRODUCTHASPARENTPRODUCT,SUPERCOMPARE.PRODUCTHASPARENTPRODUCT
SUPERCOMPARE,PRODUCTIMPORT,SUPERCOMPARE.PRODUCTIMPORT
SUPERCOMPARE,PRODUCTPRICEATTRIBUTE,SUPERCOMPARE.PRODUCTPRICEATTRIBUTE
SUPERCOMPARE,PROFILESUMMARY,SUPERCOMPARE.PROFILESUMMARY
SUPERCOMPARE,PROVIDER,SUPERCOMPARE.PROVIDER
SUPERCOMPARE,PROVISIONINGSYSTEM,SUPERCOMPARE.PROVISIONINGSYSTEM
SUPERCOMPARE,PTEFDELETEDEVENTCOUNT,SUPERCOMPARE.PTEFDELETEDEVENTCOUNT
SUPERCOMPARE,PURGEREQUEST,SUPERCOMPARE.PURGEREQUEST
SUPERCOMPARE,RATERDATACATALOGUE,SUPERCOMPARE.RATERDATACATALOGUE
SUPERCOMPARE,RATERDATAPROPERTIES,SUPERCOMPARE.RATERDATAPROPERTIES
SUPERCOMPARE,RATINGCATALOGUE,SUPERCOMPARE.RATINGCATALOGUE
SUPERCOMPARE,RATINGCHARGE,SUPERCOMPARE.RATINGCHARGE
SUPERCOMPARE,RATINGCONFLICT,SUPERCOMPARE.RATINGCONFLICT
SUPERCOMPARE,RATINGCONFLICTPARAMETER,SUPERCOMPARE.RATINGCONFLICTPARAMETER
SUPERCOMPARE,RATINGEDIT,SUPERCOMPARE.RATINGEDIT
SUPERCOMPARE,RATINGEDITPARAMETER,SUPERCOMPARE.RATINGEDITPARAMETER
SUPERCOMPARE,RATINGELEMENT,SUPERCOMPARE.RATINGELEMENT
SUPERCOMPARE,RATINGEVENTSUMMARY,SUPERCOMPARE.RATINGEVENTSUMMARY
SUPERCOMPARE,RATINGEVENTSUMMARYKEY,SUPERCOMPARE.RATINGEVENTSUMMARYKEY
SUPERCOMPARE,RATINGEVENTSUMMKEYBYEVSEQ,SUPERCOMPARE.RATINGEVENTSUMMKEYBYEVSEQ
SUPERCOMPARE,RATINGEXPORT,SUPERCOMPARE.RATINGEXPORT
SUPERCOMPARE,RATINGGROUP,SUPERCOMPARE.RATINGGROUP
SUPERCOMPARE,RATINGGROUPATTRIBUTE,SUPERCOMPARE.RATINGGROUPATTRIBUTE
SUPERCOMPARE,RATINGGROUPPOLICY,SUPERCOMPARE.RATINGGROUPPOLICY
SUPERCOMPARE,RATINGGROUPRATINGTARIFF,SUPERCOMPARE.RATINGGROUPRATINGTARIFF
SUPERCOMPARE,RATINGHOST,SUPERCOMPARE.RATINGHOST
SUPERCOMPARE,RATINGHOSTHASDOMAINGROUP,SUPERCOMPARE.RATINGHOSTHASDOMAINGROUP
SUPERCOMPARE,RATINGIMPORT,SUPERCOMPARE.RATINGIMPORT
SUPERCOMPARE,RATINGPOOL,SUPERCOMPARE.RATINGPOOL
SUPERCOMPARE,RATINGREVENUESUMMARY,SUPERCOMPARE.RATINGREVENUESUMMARY
SUPERCOMPARE,RATINGSERVICE,SUPERCOMPARE.RATINGSERVICE
SUPERCOMPARE,RATINGTARIFF,SUPERCOMPARE.RATINGTARIFF
SUPERCOMPARE,RATINGTARIFFTYPE,SUPERCOMPARE.RATINGTARIFFTYPE
SUPERCOMPARE,REALTIMEROUTING,SUPERCOMPARE.REALTIMEROUTING
SUPERCOMPARE,REAUTHORISATIONREQUEST,SUPERCOMPARE.REAUTHORISATIONREQUEST
SUPERCOMPARE,RECEIVABLECLASS,SUPERCOMPARE.RECEIVABLECLASS
SUPERCOMPARE,RECEIVABLEGROUP,SUPERCOMPARE.RECEIVABLEGROUP
SUPERCOMPARE,RECHARGEEVENTPAYMENT,SUPERCOMPARE.RECHARGEEVENTPAYMENT
SUPERCOMPARE,RECONCILEDCASH,SUPERCOMPARE.RECONCILEDCASH
SUPERCOMPARE,REDEMPTIONOPTION,SUPERCOMPARE.REDEMPTIONOPTION
SUPERCOMPARE,REISSUEREQUEST,SUPERCOMPARE.REISSUEREQUEST
SUPERCOMPARE,REJECTEVENT,SUPERCOMPARE.REJECTEVENT
SUPERCOMPARE,REPORT,SUPERCOMPARE.REPORT
SUPERCOMPARE,REPORTHASPARAMETER,SUPERCOMPARE.REPORTHASPARAMETER
SUPERCOMPARE,REPORTINTERIMDATA,SUPERCOMPARE.REPORTINTERIMDATA
SUPERCOMPARE,REPORTPARAMETER,SUPERCOMPARE.REPORTPARAMETER
SUPERCOMPARE,REPORTRUNHISTORY,SUPERCOMPARE.REPORTRUNHISTORY
SUPERCOMPARE,REPORTRUNLOG,SUPERCOMPARE.REPORTRUNLOG
SUPERCOMPARE,RERATEREQUEST,SUPERCOMPARE.RERATEREQUEST
SUPERCOMPARE,RESTSERVICEHISTORY,SUPERCOMPARE.RESTSERVICEHISTORY
SUPERCOMPARE,REVENUECODE,SUPERCOMPARE.REVENUECODE
SUPERCOMPARE,REVENUEFEED,SUPERCOMPARE.REVENUEFEED
SUPERCOMPARE,REVENUEFEEDATTRIBUTE,SUPERCOMPARE.REVENUEFEEDATTRIBUTE
SUPERCOMPARE,REVENUEFEEDATTRIBUTEMAP,SUPERCOMPARE.REVENUEFEEDATTRIBUTEMAP
SUPERCOMPARE,REVENUEFEEDSOURCE,SUPERCOMPARE.REVENUEFEEDSOURCE
SUPERCOMPARE,REVENUEFEEDSOURCEATTR,SUPERCOMPARE.REVENUEFEEDSOURCEATTR
SUPERCOMPARE,REVENUEFEEDSOURCECLASS,SUPERCOMPARE.REVENUEFEEDSOURCECLASS
SUPERCOMPARE,REVENUERECOGNITIONCLASS,SUPERCOMPARE.REVENUERECOGNITIONCLASS
SUPERCOMPARE,ROAMERUSTTAXDETAILS,SUPERCOMPARE.ROAMERUSTTAXDETAILS
SUPERCOMPARE,ROAMERUSTTAXTRANSACTION,SUPERCOMPARE.ROAMERUSTTAXTRANSACTION
SUPERCOMPARE,ROLETRANSACTIONLIMIT,SUPERCOMPARE.ROLETRANSACTIONLIMIT
SUPERCOMPARE,RTCCHOST,SUPERCOMPARE.RTCCHOST
SUPERCOMPARE,RTCCSITE,SUPERCOMPARE.RTCCSITE
SUPERCOMPARE,RTCCUNIT,SUPERCOMPARE.RTCCUNIT
SUPERCOMPARE,SBSCRPPRIMINGRESERVATION,SUPERCOMPARE.SBSCRPPRIMINGRESERVATION
SUPERCOMPARE,SBSCRPPRIMINGSTATUS,SUPERCOMPARE.SBSCRPPRIMINGSTATUS
SUPERCOMPARE,SCHEDULE,SUPERCOMPARE.SCHEDULE
SUPERCOMPARE,SCHEDULEHASTASK,SUPERCOMPARE.SCHEDULEHASTASK
SUPERCOMPARE,SCHEDULELOG,SUPERCOMPARE.SCHEDULELOG
SUPERCOMPARE,SCHEDULETIME,SUPERCOMPARE.SCHEDULETIME
SUPERCOMPARE,SCHEMASTATSLOG,SUPERCOMPARE.SCHEMASTATSLOG
SUPERCOMPARE,SCHEMAVERHASVIEW,SUPERCOMPARE.SCHEMAVERHASVIEW
SUPERCOMPARE,SERVICEPOLICYCONTROL,SUPERCOMPARE.SERVICEPOLICYCONTROL
SUPERCOMPARE,SERVICEREQUEST,SUPERCOMPARE.SERVICEREQUEST
SUPERCOMPARE,SETTLEMENTBUCKET,SUPERCOMPARE.SETTLEMENTBUCKET
SUPERCOMPARE,SETTLEMENTCALENDAR,SUPERCOMPARE.SETTLEMENTCALENDAR
SUPERCOMPARE,SETTLEMENTPAYMENTBUCKET,SUPERCOMPARE.SETTLEMENTPAYMENTBUCKET
SUPERCOMPARE,SETTLEMENTPERIOD,SUPERCOMPARE.SETTLEMENTPERIOD
SUPERCOMPARE,SETTLEMENTPERIODTYPE,SUPERCOMPARE.SETTLEMENTPERIODTYPE
SUPERCOMPARE,SHADOWEVSRCMAP,SUPERCOMPARE.SHADOWEVSRCMAP
SUPERCOMPARE,SHAREDCACHE,SUPERCOMPARE.SHAREDCACHE
SUPERCOMPARE,SHAREDCACHEKEY,SUPERCOMPARE.SHAREDCACHEKEY
SUPERCOMPARE,SHAREDCACHESET,SUPERCOMPARE.SHAREDCACHESET
SUPERCOMPARE,SHAREDCACHESETFILE,SUPERCOMPARE.SHAREDCACHESETFILE
SUPERCOMPARE,SHAREDCACHESETLOG,SUPERCOMPARE.SHAREDCACHESETLOG
SUPERCOMPARE,SHAREDCACHESTATS,SUPERCOMPARE.SHAREDCACHESTATS
SUPERCOMPARE,SITE,SUPERCOMPARE.SITE
SUPERCOMPARE,SITESEQUENCE,SUPERCOMPARE.SITESEQUENCE
SUPERCOMPARE,SNMPTRAP,SUPERCOMPARE.SNMPTRAP
SUPERCOMPARE,SORTMERGEDETAILS,SUPERCOMPARE.SORTMERGEDETAILS
SUPERCOMPARE,SOURCETYPE,SUPERCOMPARE.SOURCETYPE
SUPERCOMPARE,STAGEDRELEASE,SUPERCOMPARE.STAGEDRELEASE
SUPERCOMPARE,STATEMENTDATA,SUPERCOMPARE.STATEMENTDATA
SUPERCOMPARE,STEPGROUP,SUPERCOMPARE.STEPGROUP
SUPERCOMPARE,STEPTHRESHOLD,SUPERCOMPARE.STEPTHRESHOLD
SUPERCOMPARE,SUMMARYSTATEMENTTEMPLATE,SUPERCOMPARE.SUMMARYSTATEMENTTEMPLATE
SUPERCOMPARE,SUMMARYSTYLE,SUPERCOMPARE.SUMMARYSTYLE
SUPERCOMPARE,SYS_IOT_OVER_120251,SUPERCOMPARE.SYS_IOT_OVER_120251
SUPERCOMPARE,SYS_IOT_OVER_120254,SUPERCOMPARE.SYS_IOT_OVER_120254
SUPERCOMPARE,SYS_IOT_OVER_120257,SUPERCOMPARE.SYS_IOT_OVER_120257
SUPERCOMPARE,SYS_IOT_OVER_120260,SUPERCOMPARE.SYS_IOT_OVER_120260
SUPERCOMPARE,SYS_IOT_OVER_120263,SUPERCOMPARE.SYS_IOT_OVER_120263
SUPERCOMPARE,SYS_IOT_OVER_120266,SUPERCOMPARE.SYS_IOT_OVER_120266
SUPERCOMPARE,SYS_IOT_OVER_120269,SUPERCOMPARE.SYS_IOT_OVER_120269
SUPERCOMPARE,SYS_IOT_OVER_120272,SUPERCOMPARE.SYS_IOT_OVER_120272
SUPERCOMPARE,SYS_IOT_OVER_120275,SUPERCOMPARE.SYS_IOT_OVER_120275
SUPERCOMPARE,SYS_IOT_OVER_120278,SUPERCOMPARE.SYS_IOT_OVER_120278
SUPERCOMPARE,SYS_IOT_OVER_120281,SUPERCOMPARE.SYS_IOT_OVER_120281
SUPERCOMPARE,SYS_IOT_OVER_120284,SUPERCOMPARE.SYS_IOT_OVER_120284
SUPERCOMPARE,SYS_IOT_OVER_120287,SUPERCOMPARE.SYS_IOT_OVER_120287
SUPERCOMPARE,SYS_IOT_OVER_120290,SUPERCOMPARE.SYS_IOT_OVER_120290
SUPERCOMPARE,SYS_IOT_OVER_120293,SUPERCOMPARE.SYS_IOT_OVER_120293
SUPERCOMPARE,SYS_IOT_OVER_120296,SUPERCOMPARE.SYS_IOT_OVER_120296
SUPERCOMPARE,SYS_IOT_OVER_120299,SUPERCOMPARE.SYS_IOT_OVER_120299
SUPERCOMPARE,SYS_IOT_OVER_120318,SUPERCOMPARE.SYS_IOT_OVER_120318
SUPERCOMPARE,SYS_IOT_OVER_120321,SUPERCOMPARE.SYS_IOT_OVER_120321
SUPERCOMPARE,SYS_IOT_OVER_120324,SUPERCOMPARE.SYS_IOT_OVER_120324
SUPERCOMPARE,SYS_IOT_OVER_120327,SUPERCOMPARE.SYS_IOT_OVER_120327
SUPERCOMPARE,SYS_IOT_OVER_120330,SUPERCOMPARE.SYS_IOT_OVER_120330
SUPERCOMPARE,SYS_IOT_OVER_120333,SUPERCOMPARE.SYS_IOT_OVER_120333
SUPERCOMPARE,SYS_IOT_OVER_120336,SUPERCOMPARE.SYS_IOT_OVER_120336
SUPERCOMPARE,SYS_IOT_OVER_120339,SUPERCOMPARE.SYS_IOT_OVER_120339
SUPERCOMPARE,SYS_IOT_OVER_120342,SUPERCOMPARE.SYS_IOT_OVER_120342
SUPERCOMPARE,SYS_IOT_OVER_120345,SUPERCOMPARE.SYS_IOT_OVER_120345
SUPERCOMPARE,SYS_IOT_OVER_120348,SUPERCOMPARE.SYS_IOT_OVER_120348
SUPERCOMPARE,SYS_IOT_OVER_120351,SUPERCOMPARE.SYS_IOT_OVER_120351
SUPERCOMPARE,SYS_IOT_OVER_120354,SUPERCOMPARE.SYS_IOT_OVER_120354
SUPERCOMPARE,SYS_IOT_OVER_120357,SUPERCOMPARE.SYS_IOT_OVER_120357
SUPERCOMPARE,SYS_IOT_OVER_120360,SUPERCOMPARE.SYS_IOT_OVER_120360
SUPERCOMPARE,SYS_IOT_OVER_120363,SUPERCOMPARE.SYS_IOT_OVER_120363
SUPERCOMPARE,SYS_IOT_OVER_120382,SUPERCOMPARE.SYS_IOT_OVER_120382
SUPERCOMPARE,SYS_IOT_OVER_120385,SUPERCOMPARE.SYS_IOT_OVER_120385
SUPERCOMPARE,SYS_IOT_OVER_120388,SUPERCOMPARE.SYS_IOT_OVER_120388
SUPERCOMPARE,SYS_IOT_OVER_120391,SUPERCOMPARE.SYS_IOT_OVER_120391
SUPERCOMPARE,SYS_IOT_OVER_120394,SUPERCOMPARE.SYS_IOT_OVER_120394
SUPERCOMPARE,SYS_IOT_OVER_120397,SUPERCOMPARE.SYS_IOT_OVER_120397
SUPERCOMPARE,SYS_IOT_OVER_120400,SUPERCOMPARE.SYS_IOT_OVER_120400
SUPERCOMPARE,SYS_IOT_OVER_120403,SUPERCOMPARE.SYS_IOT_OVER_120403
SUPERCOMPARE,SYS_IOT_OVER_120406,SUPERCOMPARE.SYS_IOT_OVER_120406
SUPERCOMPARE,SYS_IOT_OVER_120409,SUPERCOMPARE.SYS_IOT_OVER_120409
SUPERCOMPARE,SYS_IOT_OVER_120412,SUPERCOMPARE.SYS_IOT_OVER_120412
SUPERCOMPARE,SYS_IOT_OVER_120415,SUPERCOMPARE.SYS_IOT_OVER_120415
SUPERCOMPARE,SYS_IOT_OVER_120418,SUPERCOMPARE.SYS_IOT_OVER_120418
SUPERCOMPARE,SYS_IOT_OVER_120421,SUPERCOMPARE.SYS_IOT_OVER_120421
SUPERCOMPARE,SYS_IOT_OVER_120424,SUPERCOMPARE.SYS_IOT_OVER_120424
SUPERCOMPARE,SYS_IOT_OVER_120427,SUPERCOMPARE.SYS_IOT_OVER_120427
SUPERCOMPARE,SYS_IOT_OVER_120430,SUPERCOMPARE.SYS_IOT_OVER_120430
SUPERCOMPARE,SYS_IOT_OVER_120449,SUPERCOMPARE.SYS_IOT_OVER_120449
SUPERCOMPARE,SYS_IOT_OVER_120452,SUPERCOMPARE.SYS_IOT_OVER_120452
SUPERCOMPARE,SYS_IOT_OVER_120455,SUPERCOMPARE.SYS_IOT_OVER_120455
SUPERCOMPARE,SYS_IOT_OVER_120458,SUPERCOMPARE.SYS_IOT_OVER_120458
SUPERCOMPARE,SYS_IOT_OVER_120461,SUPERCOMPARE.SYS_IOT_OVER_120461
SUPERCOMPARE,SYS_IOT_OVER_120464,SUPERCOMPARE.SYS_IOT_OVER_120464
SUPERCOMPARE,SYS_IOT_OVER_120467,SUPERCOMPARE.SYS_IOT_OVER_120467
SUPERCOMPARE,SYS_IOT_OVER_120470,SUPERCOMPARE.SYS_IOT_OVER_120470
SUPERCOMPARE,SYS_IOT_OVER_120473,SUPERCOMPARE.SYS_IOT_OVER_120473
SUPERCOMPARE,SYS_IOT_OVER_120476,SUPERCOMPARE.SYS_IOT_OVER_120476
SUPERCOMPARE,SYS_IOT_OVER_120485,SUPERCOMPARE.SYS_IOT_OVER_120485
SUPERCOMPARE,SYS_IOT_OVER_120488,SUPERCOMPARE.SYS_IOT_OVER_120488
SUPERCOMPARE,SYS_IOT_OVER_120491,SUPERCOMPARE.SYS_IOT_OVER_120491
SUPERCOMPARE,SYS_IOT_OVER_120510,SUPERCOMPARE.SYS_IOT_OVER_120510
SUPERCOMPARE,SYS_IOT_OVER_120513,SUPERCOMPARE.SYS_IOT_OVER_120513
SUPERCOMPARE,SYS_IOT_OVER_120516,SUPERCOMPARE.SYS_IOT_OVER_120516
SUPERCOMPARE,SYS_IOT_OVER_120519,SUPERCOMPARE.SYS_IOT_OVER_120519
SUPERCOMPARE,SYS_IOT_OVER_120522,SUPERCOMPARE.SYS_IOT_OVER_120522
SUPERCOMPARE,SYS_IOT_OVER_120525,SUPERCOMPARE.SYS_IOT_OVER_120525
SUPERCOMPARE,SYS_IOT_OVER_120528,SUPERCOMPARE.SYS_IOT_OVER_120528
SUPERCOMPARE,SYS_IOT_OVER_120531,SUPERCOMPARE.SYS_IOT_OVER_120531
SUPERCOMPARE,SYS_IOT_OVER_120534,SUPERCOMPARE.SYS_IOT_OVER_120534
SUPERCOMPARE,SYS_IOT_OVER_120537,SUPERCOMPARE.SYS_IOT_OVER_120537
SUPERCOMPARE,SYS_IOT_OVER_120540,SUPERCOMPARE.SYS_IOT_OVER_120540
SUPERCOMPARE,SYS_IOT_OVER_120543,SUPERCOMPARE.SYS_IOT_OVER_120543
SUPERCOMPARE,SYS_IOT_OVER_120546,SUPERCOMPARE.SYS_IOT_OVER_120546
SUPERCOMPARE,SYS_IOT_OVER_120549,SUPERCOMPARE.SYS_IOT_OVER_120549
SUPERCOMPARE,SYS_IOT_OVER_120552,SUPERCOMPARE.SYS_IOT_OVER_120552
SUPERCOMPARE,SYS_IOT_OVER_120555,SUPERCOMPARE.SYS_IOT_OVER_120555
SUPERCOMPARE,SYS_IOT_OVER_120574,SUPERCOMPARE.SYS_IOT_OVER_120574
SUPERCOMPARE,SYS_IOT_OVER_120577,SUPERCOMPARE.SYS_IOT_OVER_120577
SUPERCOMPARE,SYS_IOT_OVER_120580,SUPERCOMPARE.SYS_IOT_OVER_120580
SUPERCOMPARE,SYS_IOT_OVER_120583,SUPERCOMPARE.SYS_IOT_OVER_120583
SUPERCOMPARE,SYS_IOT_OVER_120586,SUPERCOMPARE.SYS_IOT_OVER_120586
SUPERCOMPARE,SYS_IOT_OVER_120589,SUPERCOMPARE.SYS_IOT_OVER_120589
SUPERCOMPARE,SYS_IOT_OVER_120592,SUPERCOMPARE.SYS_IOT_OVER_120592
SUPERCOMPARE,SYS_IOT_OVER_120595,SUPERCOMPARE.SYS_IOT_OVER_120595
SUPERCOMPARE,SYS_IOT_OVER_120598,SUPERCOMPARE.SYS_IOT_OVER_120598
SUPERCOMPARE,SYS_IOT_OVER_120601,SUPERCOMPARE.SYS_IOT_OVER_120601
SUPERCOMPARE,SYS_IOT_OVER_120604,SUPERCOMPARE.SYS_IOT_OVER_120604
SUPERCOMPARE,SYS_IOT_OVER_120607,SUPERCOMPARE.SYS_IOT_OVER_120607
SUPERCOMPARE,SYS_IOT_OVER_120610,SUPERCOMPARE.SYS_IOT_OVER_120610
SUPERCOMPARE,SYS_IOT_OVER_120613,SUPERCOMPARE.SYS_IOT_OVER_120613
SUPERCOMPARE,SYS_IOT_OVER_120616,SUPERCOMPARE.SYS_IOT_OVER_120616
SUPERCOMPARE,SYS_IOT_OVER_120619,SUPERCOMPARE.SYS_IOT_OVER_120619
SUPERCOMPARE,SYS_IOT_OVER_120622,SUPERCOMPARE.SYS_IOT_OVER_120622
SUPERCOMPARE,SYS_IOT_OVER_120625,SUPERCOMPARE.SYS_IOT_OVER_120625
SUPERCOMPARE,SYS_IOT_OVER_120628,SUPERCOMPARE.SYS_IOT_OVER_120628
SUPERCOMPARE,SYS_IOT_OVER_120631,SUPERCOMPARE.SYS_IOT_OVER_120631
SUPERCOMPARE,SYS_IOT_OVER_120634,SUPERCOMPARE.SYS_IOT_OVER_120634
SUPERCOMPARE,SYS_IOT_OVER_120637,SUPERCOMPARE.SYS_IOT_OVER_120637
SUPERCOMPARE,SYS_IOT_OVER_120640,SUPERCOMPARE.SYS_IOT_OVER_120640
SUPERCOMPARE,SYS_IOT_OVER_120643,SUPERCOMPARE.SYS_IOT_OVER_120643
SUPERCOMPARE,SYS_IOT_OVER_120646,SUPERCOMPARE.SYS_IOT_OVER_120646
SUPERCOMPARE,SYS_IOT_OVER_120649,SUPERCOMPARE.SYS_IOT_OVER_120649
SUPERCOMPARE,SYS_IOT_OVER_120652,SUPERCOMPARE.SYS_IOT_OVER_120652
SUPERCOMPARE,SYS_IOT_OVER_120655,SUPERCOMPARE.SYS_IOT_OVER_120655
SUPERCOMPARE,SYS_IOT_OVER_120658,SUPERCOMPARE.SYS_IOT_OVER_120658
SUPERCOMPARE,SYS_IOT_OVER_120661,SUPERCOMPARE.SYS_IOT_OVER_120661
SUPERCOMPARE,SYS_IOT_OVER_120664,SUPERCOMPARE.SYS_IOT_OVER_120664
SUPERCOMPARE,SYS_IOT_OVER_120667,SUPERCOMPARE.SYS_IOT_OVER_120667
SUPERCOMPARE,SYS_IOT_OVER_120670,SUPERCOMPARE.SYS_IOT_OVER_120670
SUPERCOMPARE,SYS_IOT_OVER_120673,SUPERCOMPARE.SYS_IOT_OVER_120673
SUPERCOMPARE,SYS_IOT_OVER_120676,SUPERCOMPARE.SYS_IOT_OVER_120676
SUPERCOMPARE,SYS_IOT_OVER_120679,SUPERCOMPARE.SYS_IOT_OVER_120679
SUPERCOMPARE,SYS_IOT_OVER_120682,SUPERCOMPARE.SYS_IOT_OVER_120682
SUPERCOMPARE,SYS_IOT_OVER_120685,SUPERCOMPARE.SYS_IOT_OVER_120685
SUPERCOMPARE,SYS_IOT_OVER_120688,SUPERCOMPARE.SYS_IOT_OVER_120688
SUPERCOMPARE,SYS_IOT_OVER_120691,SUPERCOMPARE.SYS_IOT_OVER_120691
SUPERCOMPARE,SYS_IOT_OVER_120694,SUPERCOMPARE.SYS_IOT_OVER_120694
SUPERCOMPARE,TABLESDATASTORE,SUPERCOMPARE.TABLESDATASTORE
SUPERCOMPARE,TARIFF,SUPERCOMPARE.TARIFF
SUPERCOMPARE,TARIFFBASIS,SUPERCOMPARE.TARIFFBASIS
SUPERCOMPARE,TARIFFELEMENT,SUPERCOMPARE.TARIFFELEMENT
SUPERCOMPARE,TARIFFELEMENTATTRDETAILS,SUPERCOMPARE.TARIFFELEMENTATTRDETAILS
SUPERCOMPARE,TARIFFELEMENTBAND,SUPERCOMPARE.TARIFFELEMENTBAND
SUPERCOMPARE,TARIFFELEMENTCOGTYPE,SUPERCOMPARE.TARIFFELEMENTCOGTYPE
SUPERCOMPARE,TARIFFELEMENTDISCOUNT,SUPERCOMPARE.TARIFFELEMENTDISCOUNT
SUPERCOMPARE,TARIFFELEMENTHASMKTSEGMENT,SUPERCOMPARE.TARIFFELEMENTHASMKTSEGMENT
SUPERCOMPARE,TARIFFELEMENTOTC,SUPERCOMPARE.TARIFFELEMENTOTC
SUPERCOMPARE,TARIFFELEMENTOVERRIDE,SUPERCOMPARE.TARIFFELEMENTOVERRIDE
SUPERCOMPARE,TARIFFEVENTBIND,SUPERCOMPARE.TARIFFEVENTBIND
SUPERCOMPARE,TARIFFHASRATINGTARIFF,SUPERCOMPARE.TARIFFHASRATINGTARIFF
SUPERCOMPARE,TASK,SUPERCOMPARE.TASK
SUPERCOMPARE,TASKHASPROCESSPLAN,SUPERCOMPARE.TASKHASPROCESSPLAN
SUPERCOMPARE,TASKHASPROCESSPLAN_BKUP,SUPERCOMPARE.TASKHASPROCESSPLAN_BKUP
SUPERCOMPARE,TASKLOG,SUPERCOMPARE.TASKLOG
SUPERCOMPARE,TASKMASTERACTIVE,SUPERCOMPARE.TASKMASTERACTIVE
SUPERCOMPARE,TASKREQUEST,SUPERCOMPARE.TASKREQUEST
SUPERCOMPARE,TASK_BKUP,SUPERCOMPARE.TASK_BKUP
SUPERCOMPARE,TAXCODE,SUPERCOMPARE.TAXCODE
SUPERCOMPARE,TAXCODEDETAILS,SUPERCOMPARE.TAXCODEDETAILS
SUPERCOMPARE,TAXOVERRIDE,SUPERCOMPARE.TAXOVERRIDE
SUPERCOMPARE,TAXSET,SUPERCOMPARE.TAXSET
SUPERCOMPARE,TAXSETCODES,SUPERCOMPARE.TAXSETCODES
SUPERCOMPARE,TAXTYPE,SUPERCOMPARE.TAXTYPE
SUPERCOMPARE,TEMPLATE,SUPERCOMPARE.TEMPLATE
SUPERCOMPARE,TEMPLATEADDCOMPATIBILITY,SUPERCOMPARE.TEMPLATEADDCOMPATIBILITY
SUPERCOMPARE,TEMPLATECHANGE,SUPERCOMPARE.TEMPLATECHANGE
SUPERCOMPARE,TEMPLATECHANGEATTRIBUTE,SUPERCOMPARE.TEMPLATECHANGEATTRIBUTE
SUPERCOMPARE,TEMPLATEDATA,SUPERCOMPARE.TEMPLATEDATA
SUPERCOMPARE,TEMPLATELOG,SUPERCOMPARE.TEMPLATELOG
SUPERCOMPARE,TEMPLATEMIGCOMPATIBILITY,SUPERCOMPARE.TEMPLATEMIGCOMPATIBILITY
SUPERCOMPARE,TEMPLATEMIGRATION,SUPERCOMPARE.TEMPLATEMIGRATION
SUPERCOMPARE,TEMPLATESCHEMAVERSION,SUPERCOMPARE.TEMPLATESCHEMAVERSION
SUPERCOMPARE,TEMPLATEVOLUMEDATA,SUPERCOMPARE.TEMPLATEVOLUMEDATA
SUPERCOMPARE,TEMPLATEVOLUMELIMIT,SUPERCOMPARE.TEMPLATEVOLUMELIMIT
SUPERCOMPARE,TERMINATIONREASON,SUPERCOMPARE.TERMINATIONREASON
SUPERCOMPARE,TESTBILLDATADRIVER,SUPERCOMPARE.TESTBILLDATADRIVER
SUPERCOMPARE,TESTBILLDATAQUERY,SUPERCOMPARE.TESTBILLDATAQUERY
SUPERCOMPARE,TESTBILLDATAQUERYBINDING,SUPERCOMPARE.TESTBILLDATAQUERYBINDING
SUPERCOMPARE,TESTBILLDETAILS,SUPERCOMPARE.TESTBILLDETAILS
SUPERCOMPARE,TESTBILLSUMMARY,SUPERCOMPARE.TESTBILLSUMMARY
SUPERCOMPARE,TESTTREPREQUEST,SUPERCOMPARE.TESTTREPREQUEST
SUPERCOMPARE,TESTUSTLINESPERIODCOUNT,SUPERCOMPARE.TESTUSTLINESPERIODCOUNT
SUPERCOMPARE,TESTUSTLINESPERIODPRODCNT,SUPERCOMPARE.TESTUSTLINESPERIODPRODCNT
SUPERCOMPARE,TESTUSTTAXBILLDETAILS,SUPERCOMPARE.TESTUSTTAXBILLDETAILS
SUPERCOMPARE,TESTUSTTAXDETAILS,SUPERCOMPARE.TESTUSTTAXDETAILS
SUPERCOMPARE,TESTUSTTAXREENGGDETAILS,SUPERCOMPARE.TESTUSTTAXREENGGDETAILS
SUPERCOMPARE,TESTUSTTAXTRANSACTION,SUPERCOMPARE.TESTUSTTAXTRANSACTION
SUPERCOMPARE,TESTVATTAXESDATA,SUPERCOMPARE.TESTVATTAXESDATA
SUPERCOMPARE,THRESHOLDREDEMPTION,SUPERCOMPARE.THRESHOLDREDEMPTION
SUPERCOMPARE,TIMERATE,SUPERCOMPARE.TIMERATE
SUPERCOMPARE,TIMERATEDIARY,SUPERCOMPARE.TIMERATEDIARY
SUPERCOMPARE,TMPACCDELTAEVENTSUMMARY,SUPERCOMPARE.TMPACCDELTAEVENTSUMMARY
SUPERCOMPARE,TMPACCRATINGEVENTSUMMARY,SUPERCOMPARE.TMPACCRATINGEVENTSUMMARY
SUPERCOMPARE,TMPANTIEVENTMATCHING,SUPERCOMPARE.TMPANTIEVENTMATCHING
SUPERCOMPARE,TMPBILLINGLISTACC,SUPERCOMPARE.TMPBILLINGLISTACC
SUPERCOMPARE,TMPBILLINGLISTCUST,SUPERCOMPARE.TMPBILLINGLISTCUST
SUPERCOMPARE,TMPCOSTEDEVENT,SUPERCOMPARE.TMPCOSTEDEVENT
SUPERCOMPARE,TMPCUSTPRODRATINGDISCOUNT,SUPERCOMPARE.TMPCUSTPRODRATINGDISCOUNT
SUPERCOMPARE,TMPDISCOUNTGUIDING,SUPERCOMPARE.TMPDISCOUNTGUIDING
SUPERCOMPARE,TMPDISCOUNTLOOKUPPRIMARY,SUPERCOMPARE.TMPDISCOUNTLOOKUPPRIMARY
SUPERCOMPARE,TMPDISCOUNTRETRIEVAL,SUPERCOMPARE.TMPDISCOUNTRETRIEVAL
SUPERCOMPARE,TMPEVENTGUIDING,SUPERCOMPARE.TMPEVENTGUIDING
SUPERCOMPARE,TMPFORMATTINGREQQUEUEDATA,SUPERCOMPARE.TMPFORMATTINGREQQUEUEDATA
SUPERCOMPARE,TMPMDNACCOUNT,SUPERCOMPARE.TMPMDNACCOUNT
SUPERCOMPARE,TMPMDNACCOUNTCE,SUPERCOMPARE.TMPMDNACCOUNTCE
SUPERCOMPARE,TMPPAYMENTALLOCATION,SUPERCOMPARE.TMPPAYMENTALLOCATION
SUPERCOMPARE,TMPPEERANDPOLICYGUIDING,SUPERCOMPARE.TMPPEERANDPOLICYGUIDING
SUPERCOMPARE,TMPRATINGEVENTSUMMARY,SUPERCOMPARE.TMPRATINGEVENTSUMMARY
SUPERCOMPARE,TMPTRANSFERBATCHINFO,SUPERCOMPARE.TMPTRANSFERBATCHINFO
SUPERCOMPARE,TRANSACTION,SUPERCOMPARE.TRANSACTION
SUPERCOMPARE,TRANSCONFIGURATIONDIF,SUPERCOMPARE.TRANSCONFIGURATIONDIF
SUPERCOMPARE,TRANSCONFIGURATIONLOG,SUPERCOMPARE.TRANSCONFIGURATIONLOG
SUPERCOMPARE,TRANSCONFIGURATIONSET,SUPERCOMPARE.TRANSCONFIGURATIONSET
SUPERCOMPARE,TRANSFERLOG,SUPERCOMPARE.TRANSFERLOG
SUPERCOMPARE,TRANSFERREQUEST,SUPERCOMPARE.TRANSFERREQUEST
SUPERCOMPARE,TRANSFERREQUESTDETAILS,SUPERCOMPARE.TRANSFERREQUESTDETAILS
SUPERCOMPARE,TRANSIENTANTIEVENT,SUPERCOMPARE.TRANSIENTANTIEVENT
SUPERCOMPARE,TRANSLATABLEITEM,SUPERCOMPARE.TRANSLATABLEITEM
SUPERCOMPARE,TREATMENTSCHEDULE,SUPERCOMPARE.TREATMENTSCHEDULE
SUPERCOMPARE,TREATMENTSCHEDULEACTION,SUPERCOMPARE.TREATMENTSCHEDULEACTION
SUPERCOMPARE,TREATMENTTYPE,SUPERCOMPARE.TREATMENTTYPE
SUPERCOMPARE,TREATMENTTYPEATTRIBUTE,SUPERCOMPARE.TREATMENTTYPEATTRIBUTE
SUPERCOMPARE,TREATMENTTYPEDETAILS,SUPERCOMPARE.TREATMENTTYPEDETAILS
SUPERCOMPARE,TREPREQUEST,SUPERCOMPARE.TREPREQUEST
SUPERCOMPARE,TRIGGEREVENTTYPE,SUPERCOMPARE.TRIGGEREVENTTYPE
SUPERCOMPARE,TXNREQUEST,SUPERCOMPARE.TXNREQUEST
SUPERCOMPARE,UAAUDIT,SUPERCOMPARE.UAAUDIT
SUPERCOMPARE,UDRCHANGE,SUPERCOMPARE.UDRCHANGE
SUPERCOMPARE,UNBILLEDREVENUE,SUPERCOMPARE.UNBILLEDREVENUE
SUPERCOMPARE,UNBILLEDREVENUEEXTRACT,SUPERCOMPARE.UNBILLEDREVENUEEXTRACT
SUPERCOMPARE,UNLOADEVENT,SUPERCOMPARE.UNLOADEVENT
SUPERCOMPARE,UNLOADEVENTAUDIT,SUPERCOMPARE.UNLOADEVENTAUDIT
SUPERCOMPARE,UPARAMS,SUPERCOMPARE.UPARAMS
SUPERCOMPARE,USAGE,SUPERCOMPARE.USAGE
SUPERCOMPARE,USAGECONVERSION,SUPERCOMPARE.USAGECONVERSION
SUPERCOMPARE,USAGETYPE,SUPERCOMPARE.USAGETYPE
SUPERCOMPARE,USERTRANSACTIONLIMIT,SUPERCOMPARE.USERTRANSACTIONLIMIT
SUPERCOMPARE,USER_OBJECTS_BKP1,SUPERCOMPARE.USER_OBJECTS_BKP1
SUPERCOMPARE,USEXTRACTED_202009160_1,SUPERCOMPARE.USEXTRACTED_202009160_1
SUPERCOMPARE,USTACCOUNTCLASS,SUPERCOMPARE.USTACCOUNTCLASS
SUPERCOMPARE,USTACCOUNTHASEXEMPTION,SUPERCOMPARE.USTACCOUNTHASEXEMPTION
SUPERCOMPARE,USTBUNDLEDETAILS,SUPERCOMPARE.USTBUNDLEDETAILS
SUPERCOMPARE,USTCATEGORY,SUPERCOMPARE.USTCATEGORY
SUPERCOMPARE,USTCATEGORYCODEVALID,SUPERCOMPARE.USTCATEGORYCODEVALID
SUPERCOMPARE,USTCHARGEGROUP,SUPERCOMPARE.USTCHARGEGROUP
SUPERCOMPARE,USTCODE,SUPERCOMPARE.USTCODE
SUPERCOMPARE,USTCUSTHASEXEMPTION,SUPERCOMPARE.USTCUSTHASEXEMPTION
SUPERCOMPARE,USTEVENTBINDING,SUPERCOMPARE.USTEVENTBINDING
SUPERCOMPARE,USTEXTERNALTAXTYPE,SUPERCOMPARE.USTEXTERNALTAXTYPE
SUPERCOMPARE,USTLINESANDLOCSPERIOD,SUPERCOMPARE.USTLINESANDLOCSPERIOD
SUPERCOMPARE,USTLINESPERIODCOUNT,SUPERCOMPARE.USTLINESPERIODCOUNT
SUPERCOMPARE,USTLINESPERIODPRODCOUNT,SUPERCOMPARE.USTLINESPERIODPRODCOUNT
SUPERCOMPARE,USTLINETAXDETAILS,SUPERCOMPARE.USTLINETAXDETAILS
SUPERCOMPARE,USTLOCSPERIODCOUNT,SUPERCOMPARE.USTLOCSPERIODCOUNT
SUPERCOMPARE,USTMAXTAXAGGREGATIONKEY,SUPERCOMPARE.USTMAXTAXAGGREGATIONKEY
SUPERCOMPARE,USTMAXTAXTRANSACTION,SUPERCOMPARE.USTMAXTAXTRANSACTION
SUPERCOMPARE,USTMISSINGURMCONFIGLOG,SUPERCOMPARE.USTMISSINGURMCONFIGLOG
SUPERCOMPARE,USTPREPAIDBUNDLEDETAILS,SUPERCOMPARE.USTPREPAIDBUNDLEDETAILS
SUPERCOMPARE,USTPREPAIDLINETAXREQUEST,SUPERCOMPARE.USTPREPAIDLINETAXREQUEST
SUPERCOMPARE,USTPREPAIDTAXDETAILS,SUPERCOMPARE.USTPREPAIDTAXDETAILS
SUPERCOMPARE,USTPREPAIDTAXSUMMARY,SUPERCOMPARE.USTPREPAIDTAXSUMMARY
SUPERCOMPARE,USTPREPAIDTAXTRANSACTION,SUPERCOMPARE.USTPREPAIDTAXTRANSACTION
SUPERCOMPARE,USTPRODUCTCATEGORYCODE,SUPERCOMPARE.USTPRODUCTCATEGORYCODE
SUPERCOMPARE,USTPRODUCTCLASS,SUPERCOMPARE.USTPRODUCTCLASS
SUPERCOMPARE,USTRESULTMAP,SUPERCOMPARE.USTRESULTMAP
SUPERCOMPARE,USTRULEOPTION,SUPERCOMPARE.USTRULEOPTION
SUPERCOMPARE,USTTARIFFCATEGORYCODE,SUPERCOMPARE.USTTARIFFCATEGORYCODE
SUPERCOMPARE,USTTAXBILLDETAILS,SUPERCOMPARE.USTTAXBILLDETAILS
SUPERCOMPARE,USTTAXDETAILS,SUPERCOMPARE.USTTAXDETAILS
SUPERCOMPARE,USTTAXREENGGDETAILS,SUPERCOMPARE.USTTAXREENGGDETAILS
SUPERCOMPARE,USTTAXSUMMARY,SUPERCOMPARE.USTTAXSUMMARY
SUPERCOMPARE,USTTAXTRANSACTION,SUPERCOMPARE.USTTAXTRANSACTION
SUPERCOMPARE,USUMMMDN_202009160_1,SUPERCOMPARE.USUMMMDN_202009160_1
SUPERCOMPARE,VALUELISTTYPE,SUPERCOMPARE.VALUELISTTYPE
SUPERCOMPARE,VALUELISTVALUE,SUPERCOMPARE.VALUELISTVALUE
SUPERCOMPARE,VARIABLEPERIODUNIT,SUPERCOMPARE.VARIABLEPERIODUNIT
SUPERCOMPARE,VATTAXESDATA,SUPERCOMPARE.VATTAXESDATA
SUPERCOMPARE,VATTAXTRANSDETAILSECA,SUPERCOMPARE.VATTAXTRANSDETAILSECA
SUPERCOMPARE,VERSION_NRM_2020,SUPERCOMPARE.VERSION_NRM_2020
SUPERCOMPARE,VHBANDMAP,SUPERCOMPARE.VHBANDMAP
SUPERCOMPARE,VPUCALENDARINFO,SUPERCOMPARE.VPUCALENDARINFO
SUPERCOMPARE,VZACCATTRIBUTE,SUPERCOMPARE.VZACCATTRIBUTE
SUPERCOMPARE,VZADJFINCOMPDTLS,SUPERCOMPARE.VZADJFINCOMPDTLS
SUPERCOMPARE,VZAIRPRODUCT,SUPERCOMPARE.VZAIRPRODUCT
SUPERCOMPARE,VZCUSTATTRIBUTE,SUPERCOMPARE.VZCUSTATTRIBUTE
SUPERCOMPARE,VZDATAEVENTPRODMAP,SUPERCOMPARE.VZDATAEVENTPRODMAP
SUPERCOMPARE,VZDEVICEFINCOMPDTLS,SUPERCOMPARE.VZDEVICEFINCOMPDTLS
SUPERCOMPARE,VZECPDATTRIBUTE,SUPERCOMPARE.VZECPDATTRIBUTE
SUPERCOMPARE,VZFINCOMPDTLS,SUPERCOMPARE.VZFINCOMPDTLS
SUPERCOMPARE,VZOTCFINCOMPDTLS,SUPERCOMPARE.VZOTCFINCOMPDTLS
SUPERCOMPARE,VZPRODUCTATTRIBUTE,SUPERCOMPARE.VZPRODUCTATTRIBUTE
SUPERCOMPARE,VZPRODUCTDTLS,SUPERCOMPARE.VZPRODUCTDTLS
SUPERCOMPARE,VZTAXCLASSMAP,SUPERCOMPARE.VZTAXCLASSMAP
SUPERCOMPARE,VZTAXGEOLVL,SUPERCOMPARE.VZTAXGEOLVL
SUPERCOMPARE,VZTAXTEMPLATEDETAILS,SUPERCOMPARE.VZTAXTEMPLATEDETAILS
SUPERCOMPARE,VZW_ACCSUMMARYSPLIT_K1,SUPERCOMPARE.VZW_ACCSUMMARYSPLIT_K1
SUPERCOMPARE,VZW_CPARAMS,SUPERCOMPARE.VZW_CPARAMS
SUPERCOMPARE,VZW_REGRESSION_ACCOUNTS,SUPERCOMPARE.VZW_REGRESSION_ACCOUNTS
SUPERCOMPARE,VZW_TERMPROMOALERTS,SUPERCOMPARE.VZW_TERMPROMOALERTS
SUPERCOMPARE,VZW_USAGESUMMARYOEFR_BKP,SUPERCOMPARE.VZW_USAGESUMMARYOEFR_BKP
SUPERCOMPARE,VZW_WHOLESALE_PRODUCTD,SUPERCOMPARE.VZW_WHOLESALE_PRODUCTD
SUPERCOMPARE,VZ_VISIONRBMPRODSERVICEMAP,SUPERCOMPARE.VZ_VISIONRBMPRODSERVICEMAP
SUPERCOMPARE,WRITEOFFEVENTSTATISTICS,SUPERCOMPARE.WRITEOFFEVENTSTATISTICS
TEST_AUTOMATION,PA_TEMP_ACCOUNTLIST,TEST_AUTOMATION.PA_TEMP_ACCOUNTLIST
UBMAINT,CYC04_REGR_ACCOUNTS,UBMAINT.CYC04_REGR_ACCOUNTS
UBMAINT,OPSEXCLUSIONLIST,UBMAINT.OPSEXCLUSIONLIST
UBMAINT,SMART_SAMPLE,UBMAINT.SMART_SAMPLE
V537497,VZACCATTRIBUTE_BKP_29JULY23,V537497.VZACCATTRIBUTE_BKP_29JULY23
VZ_CPIMV,VZW_MVREFRESHLOG,VZ_CPIMV.VZW_MVREFRESHLOG
XDB,X$NM61WH7K0E7629PV0KT74DSGL2DS,XDB.X$NM61WH7K0E7629PV0KT74DSGL2DS
XDB,X$PT61WH7K0E7629PV0KT74DSGL2DS,XDB.X$PT61WH7K0E7629PV0KT74DSGL2DS
XDB,X$QN61WH7K0E7629PV0KT74DSGL2DS,XDB.X$QN61WH7K0E7629PV0KT74DSGL2DS
